customer_key,customer_id,first_name,last_name,customer_full_name
1,2865,Vanni,Wimpenny,Vanni Wimpenny
2,4987,Marc,Netley,Marc Netley
3,5472,Elwyn,Colebourn,Elwyn Colebourn
4,3227,Gannie,Busst,Gannie Busst
5,1874,Weston,Lomasny,Weston Lomasny
6,607,Koren,Alelsandrowicz,Koren Alelsandrowicz
7,5134,Isaiah,Ditt,Isaiah Ditt
8,4689,Hadlee,Szimoni,Hadlee Szimoni
9,5613,Fredrika,Winslade,Fredrika Winslade
10,4038,Emelen,Reveland,Emelen Reveland
11,673,Reinald,Humphris,Reinald Humphris
12,3413,Vaughn,Selkirk,Vaughn Selkirk
13,1719,Bunni,Manlow,Bunni Manlow
14,4531,Roxana,McMillian,Roxana McMillian
15,3534,Eda,Eberz,Eda Eberz
16,2665,Iggie,Tunnick,Iggie Tunnick
17,5184,Emilia,Bilbie,Emilia Bilbie
18,697,Lucio,Danilewicz,Lucio Danilewicz
19,1574,Mada,O'Henery,Mada O'Henery
20,5606,Harriett,Fetherstonhaugh,Harriett Fetherstonhaugh
21,3640,Becka,Stanlike,Becka Stanlike
22,2361,Keslie,Sotheron,Keslie Sotheron
23,3701,Jehanna,McQuin,Jehanna McQuin
24,757,Lindsay,Gronav,Lindsay Gronav
25,5602,Kim,Ferrarin,Kim Ferrarin
26,2796,Augustine,Errichelli,Augustine Errichelli
27,5467,Pen,Oleshunin,Pen Oleshunin
28,5044,Dona,Culham,Dona Culham
29,3353,Lisetta,Penton,Lisetta Penton
30,1005,Barnaby,Braden,Barnaby Braden
31,1652,Mortie,Adamek,Mortie Adamek
32,2011,Von,Dowdam,Von Dowdam
33,956,Duncan,Jickells,Duncan Jickells
34,5711,Sheeree,Tather,Sheeree Tather
35,2210,Nikita,Stirrip,Nikita Stirrip
36,1244,Fred,Brice,Fred Brice
37,4885,Hayyim,Matyja,Hayyim Matyja
38,6335,Kit,Wagner,Kit Wagner
39,6162,Bear,Gunton,Bear Gunton
40,4057,Mellisa,Hynes,Mellisa Hynes
41,3910,Rhonda,Bulbrook,Rhonda Bulbrook
42,2121,Sibbie,Rissen,Sibbie Rissen
43,1948,Yehudit,Towlson,Yehudit Towlson
44,2376,Rori,Pirrey,Rori Pirrey
45,5658,Sidney,Gascoyne,Sidney Gascoyne
46,4797,Lane,Blasik,Lane Blasik
47,5552,Silvie,Pepler,Silvie Pepler
48,4153,Renell,Stangroom,Renell Stangroom
49,1698,Dionne,Wise,Dionne Wise
50,3637,Goldie,Jirieck,Goldie Jirieck
51,1294,Sib,Lissandri,Sib Lissandri
52,1842,Willamina,Awton,Willamina Awton
53,6441,Merrill,Davidowich,Merrill Davidowich
54,1911,Bamby,Dumbare,Bamby Dumbare
55,6313,Gianna,Emps,Gianna Emps
56,3297,Ediva,Alentyev,Ediva Alentyev
57,170,Lora,Island,Lora Island
58,1457,Adi,Jerrems,Adi Jerrems
59,3970,Avis,Bushrod,Avis Bushrod
60,4456,Rossy,McGauhy,Rossy McGauhy
61,5257,Benoit,Chattock,Benoit Chattock
62,4481,Fayina,Dorgon,Fayina Dorgon
63,5114,Bud,Pundy,Bud Pundy
64,1627,Norrie,Peet,Norrie Peet
65,6034,Miner,Connechie,Miner Connechie
66,2772,Erika,Rosengren,Erika Rosengren
67,4345,Perice,Moppett,Perice Moppett
68,4552,Dorene,Danelutti,Dorene Danelutti
69,176,Malissia,Leaver,Malissia Leaver
70,4270,Auguste,Ram,Auguste Ram
71,1192,Francesca,Gellibrand,Francesca Gellibrand
72,3587,Demetria,Ohanessian,Demetria Ohanessian
73,4592,Nonnah,Couve,Nonnah Couve
74,406,Daphne,Klimecki,Daphne Klimecki
75,3037,Marci,Coller,Marci Coller
76,997,Felicia,O'Duggan,Felicia O'Duggan
77,4485,Clerissa,Doel,Clerissa Doel
78,3528,Kennan,Bruinemann,Kennan Bruinemann
79,4378,Clayborn,Devine,Clayborn Devine
80,2967,Steward,Ausiello,Steward Ausiello
81,4441,Di,Jenkinson,Di Jenkinson
82,5640,Josias,Clemensen,Josias Clemensen
83,2254,Christophe,Dillintone,Christophe Dillintone
84,577,Elden,Joss,Elden Joss
85,4310,Dawn,Gammill,Dawn Gammill
86,4381,Ara,Tims,Ara Tims
87,5122,Dom,Towl,Dom Towl
88,2860,Tamra,Gabbett,Tamra Gabbett
89,3008,Normie,Parkyns,Normie Parkyns
90,5934,Toinette,Roger,Toinette Roger
91,4409,Rooney,McLay,Rooney McLay
92,5816,Nat,Paolacci,Nat Paolacci
93,4432,Cyb,Gatheral,Cyb Gatheral
94,1854,Wes,Sponder,Wes Sponder
95,3924,Hew,Parres,Hew Parres
96,4327,Cyndia,Bertwistle,Cyndia Bertwistle
97,499,Parsifal,Sherwill,Parsifal Sherwill
98,435,Richardo,Hanscombe,Richardo Hanscombe
99,4133,Fayth,Coppo,Fayth Coppo
100,5435,Tadeas,Forson,Tadeas Forson
101,3367,Frederick,Mattessen,Frederick Mattessen
102,2529,Conrade,Smallthwaite,Conrade Smallthwaite
103,2242,Urson,Cushion,Urson Cushion
104,4763,Pippa,Baldrey,Pippa Baldrey
105,2564,Lyda,Girardot,Lyda Girardot
106,5392,Sabina,Mosten,Sabina Mosten
107,1871,Benn,Oakhill,Benn Oakhill
108,6224,Kayne,Thying,Kayne Thying
109,1063,Clerc,Pennino,Clerc Pennino
110,4500,Celeste,Buessen,Celeste Buessen
111,1913,Pascal,Ransbury,Pascal Ransbury
112,462,Tabb,Seatter,Tabb Seatter
113,4901,Shaina,Arnecke,Shaina Arnecke
114,1934,Elora,Rowswell,Elora Rowswell
115,1220,Gratia,Aleshintsev,Gratia Aleshintsev
116,3788,Hagen,Nendick,Hagen Nendick
117,2591,Layla,O' Mullan,Layla O' Mullan
118,5913,Josee,Dowles,Josee Dowles
119,6141,Sonnnie,Berg,Sonnnie Berg
120,257,Leone,Gaymar,Leone Gaymar
121,1761,Osmond,Praten,Osmond Praten
122,2318,Alyosha,Jezard,Alyosha Jezard
123,3127,Ashly,Milligan,Ashly Milligan
124,5140,Dre,La Batie,Dre La Batie
125,3631,Tamarra,Antonik,Tamarra Antonik
126,2768,Hyatt,Garrow,Hyatt Garrow
127,4212,Viviene,Benettelli,Viviene Benettelli
128,2026,Lisetta,Trippitt,Lisetta Trippitt
129,5725,Geralda,Whymark,Geralda Whymark
130,3045,Corrinne,Millership,Corrinne Millership
131,4189,Irv,Tiuit,Irv Tiuit
132,33,Sebastiano,Erasmus,Sebastiano Erasmus
133,5837,Tiff,Rushmare,Tiff Rushmare
134,808,Henry,Murrum,Henry Murrum
135,1589,Shel,MacCarter,Shel MacCarter
136,82,Abbot,Egalton,Abbot Egalton
137,99,Orton,Cavan,Orton Cavan
138,2386,Louis,Presman,Louis Presman
139,3007,Agnes,Daly,Agnes Daly
140,5661,Carrie,Cranshaw,Carrie Cranshaw
141,1792,Stephenie,Dawtry,Stephenie Dawtry
142,1410,Hugues,Kesten,Hugues Kesten
143,6126,Cassie,Novotne,Cassie Novotne
144,6343,Jimmy,Kynsey,Jimmy Kynsey
145,4708,Joana,Pountain,Joana Pountain
146,6382,Ross,Puddicombe,Ross Puddicombe
147,1763,Axel,Faichnie,Axel Faichnie
148,5465,Correy,Vannozzii,Correy Vannozzii
149,448,Brandise,McKay,Brandise McKay
150,2005,Happy,Lakes,Happy Lakes
151,5248,Dorey,Drinkhill,Dorey Drinkhill
152,5187,Guthry,Peplaw,Guthry Peplaw
153,1903,Suellen,Boggish,Suellen Boggish
154,225,Barris,Du Fray,Barris Du Fray
155,2484,Sonja,Smeath,Sonja Smeath
156,4122,Inge,Rowbotham,Inge Rowbotham
157,946,Alexi,Spaice,Alexi Spaice
158,3,Jaine,Risom,Jaine Risom
159,1527,Phip,Jude,Phip Jude
160,1494,Carlee,Siburn,Carlee Siburn
161,2499,Kirsteni,Espley,Kirsteni Espley
162,6218,Pippa,Oakden,Pippa Oakden
163,1296,Mischa,Romagosa,Mischa Romagosa
164,5724,Marylinda,Rraundl,Marylinda Rraundl
165,1126,Lamond,Mathey,Lamond Mathey
166,3642,Archibald,Gully,Archibald Gully
167,626,Hewe,Thorrold,Hewe Thorrold
168,4355,Herc,Swatheridge,Herc Swatheridge
169,5765,Alfreda,Castletine,Alfreda Castletine
170,3450,Bobbie,Snare,Bobbie Snare
171,3653,Lovell,McTrustie,Lovell McTrustie
172,2864,Richmound,Grabbam,Richmound Grabbam
173,4960,Bryanty,Meckiff,Bryanty Meckiff
174,135,Roseanne,Eisig,Roseanne Eisig
175,5491,Marlene,Ferencz,Marlene Ferencz
176,2738,Titus,Carabet,Titus Carabet
177,5579,Tandi,Tarquinio,Tandi Tarquinio
178,5688,Idelle,Chasemoore,Idelle Chasemoore
179,4884,Nathanael,Thireau,Nathanael Thireau
180,2236,See,Drinkall,See Drinkall
181,68,Hunt,Heathcott,Hunt Heathcott
182,4920,Dixie,Ebhardt,Dixie Ebhardt
183,6350,Margo,Folli,Margo Folli
184,1071,Margeaux,Willgoose,Margeaux Willgoose
185,2352,Carlos,Tafani,Carlos Tafani
186,2556,Clovis,covino,Clovis covino
187,5371,Gwyn,Esmonde,Gwyn Esmonde
188,2921,Selma,Gaule,Selma Gaule
189,5518,Sibel,Spira,Sibel Spira
190,4648,Corbet,Comoletti,Corbet Comoletti
191,502,Linnea,Winterbourne,Linnea Winterbourne
192,3368,Fredelia,Piddlesden,Fredelia Piddlesden
193,3012,Corey,Fairchild,Corey Fairchild
194,802,Rianon,Dearness,Rianon Dearness
195,5289,Desmond,Creasy,Desmond Creasy
196,660,Kasey,Tigwell,Kasey Tigwell
197,944,Anna,Rodman,Anna Rodman
198,732,Renee,Marian,Renee Marian
199,3213,Leo,Loalday,Leo Loalday
200,3934,Lindsay,Secrett,Lindsay Secrett
201,5486,Winfield,Saunter,Winfield Saunter
202,4932,Alayne,Spurman,Alayne Spurman
203,3588,Reidar,Jerrard,Reidar Jerrard
204,6282,Les,Milmore,Les Milmore
205,988,Christabella,Pontefract,Christabella Pontefract
206,4758,Pam,Fremantle,Pam Fremantle
207,5648,Laura,Duplock,Laura Duplock
208,3719,Annette,Gell,Annette Gell
209,1161,Lay,Thornbarrow,Lay Thornbarrow
210,5231,Evita,Carrell,Evita Carrell
211,6082,Gavan,McGibbon,Gavan McGibbon
212,3126,Steffane,Comettoi,Steffane Comettoi
213,5717,Ginevra,Arnell,Ginevra Arnell
214,149,West,MacNeice,West MacNeice
215,1473,Lindsay,Gibbon,Lindsay Gibbon
216,3699,Lindsay,Basler,Lindsay Basler
217,5808,Gilberta,Marnane,Gilberta Marnane
218,6012,Joleen,Pridden,Joleen Pridden
219,3672,Justis,Smead,Justis Smead
220,1687,Elia,Beeton,Elia Beeton
221,519,Evonne,Essery,Evonne Essery
222,2033,Erskine,Itzakson,Erskine Itzakson
223,4140,Hulda,Assandri,Hulda Assandri
224,5781,Clovis,Gerault,Clovis Gerault
225,3143,Leupold,Quick,Leupold Quick
226,2432,Phelia,Greenwood,Phelia Greenwood
227,1857,Isobel,Brocklebank,Isobel Brocklebank
228,2793,Amity,Westney,Amity Westney
229,389,Laney,Thebeau,Laney Thebeau
230,377,Neala,Marques,Neala Marques
231,6106,Boniface,Cullotey,Boniface Cullotey
232,5594,Norah,Deards,Norah Deards
233,4040,Tomasina,Meale,Tomasina Meale
234,5246,Evy,Alphonso,Evy Alphonso
235,962,Garvin,Ingledow,Garvin Ingledow
236,1355,Deonne,Terrell,Deonne Terrell
237,5489,Nevins,Gange,Nevins Gange
238,60,Vikky,Hornung,Vikky Hornung
239,4423,Selig,Gerbel,Selig Gerbel
240,159,Nathanael,Murr,Nathanael Murr
241,4145,Rozanna,Chrstine,Rozanna Chrstine
242,323,Lina,Paullin,Lina Paullin
243,1180,Trace,Medendorp,Trace Medendorp
244,5443,Rodrigo,Wrightem,Rodrigo Wrightem
245,3812,Sauveur,Karadzas,Sauveur Karadzas
246,5430,Chrystel,Baggett,Chrystel Baggett
247,5468,Lyn,Gerin,Lyn Gerin
248,3592,Thomasin,Muir,Thomasin Muir
249,1339,Kessia,Rue,Kessia Rue
250,2398,Sayres,D'Onisi,Sayres D'Onisi
251,2067,Orella,Timny,Orella Timny
252,3249,Ira,Toping,Ira Toping
253,1187,Basile,Tubritt,Basile Tubritt
254,4130,Megen,Perrone,Megen Perrone
255,2688,Jose,Manterfield,Jose Manterfield
256,6445,Donn,Espinoy,Donn Espinoy
257,3244,Curcio,Lashbrook,Curcio Lashbrook
258,2821,Colin,Croisier,Colin Croisier
259,4118,Bernardo,Willars,Bernardo Willars
260,1369,Thaddus,Leschelle,Thaddus Leschelle
261,5478,Brander,Gundrey,Brander Gundrey
262,1492,Stanley,Skellen,Stanley Skellen
263,1542,Tamara,Bentote,Tamara Bentote
264,642,Manfred,Hrinishin,Manfred Hrinishin
265,452,Row,Rosendorf,Row Rosendorf
266,587,Frannie,Marcinkus,Frannie Marcinkus
267,2771,Jamill,McKinstry,Jamill McKinstry
268,5559,Ebony,Coraini,Ebony Coraini
269,1602,Broderick,Primrose,Broderick Primrose
270,4268,Thatch,Calcraft,Thatch Calcraft
271,2292,Audi,Gorringe,Audi Gorringe
272,1968,Olvan,Sinnatt,Olvan Sinnatt
273,141,Avie,Murray,Avie Murray
274,206,Timofei,Schimon,Timofei Schimon
275,509,Philipa,Cadle,Philipa Cadle
276,576,Clayborne,Benoey,Clayborne Benoey
277,3834,Debra,Kingsford,Debra Kingsford
278,957,Lyda,End,Lyda End
279,3292,Zack,Jeenes,Zack Jeenes
280,2032,Marcus,Crossgrove,Marcus Crossgrove
281,888,Rebbecca,Kliesl,Rebbecca Kliesl
282,6317,Cary,Davidsohn,Cary Davidsohn
283,277,Witty,de Clerc,Witty de Clerc
284,5239,Gifford,Chat,Gifford Chat
285,4235,Byron,Challicum,Byron Challicum
286,1734,Kori,Olliff,Kori Olliff
287,5860,Sydel,Arnould,Sydel Arnould
288,3145,Darelle,Loveitt,Darelle Loveitt
289,6138,Alasteir,Skoof,Alasteir Skoof
290,2473,Christyna,Delue,Christyna Delue
291,763,Reinwald,Belcher,Reinwald Belcher
292,3926,Jamie,Tunney,Jamie Tunney
293,6355,Lilli,Clemson,Lilli Clemson
294,6109,Cinderella,Sulman,Cinderella Sulman
295,842,Cris,Tresise,Cris Tresise
296,625,Pieter,Hinchcliffe,Pieter Hinchcliffe
297,6094,Damita,Kroll,Damita Kroll
298,5318,Caryl,Preto,Caryl Preto
299,4460,Dulcia,Bigby,Dulcia Bigby
300,4796,Emery,Pyott,Emery Pyott
301,280,Torrie,Drissell,Torrie Drissell
302,806,Audry,Coan,Audry Coan
303,2347,Cecile,Janaszewski,Cecile Janaszewski
304,1255,Rubi,Gerritsma,Rubi Gerritsma
305,2107,Petey,Redfern,Petey Redfern
306,4702,Michael,Godlonton,Michael Godlonton
307,2831,Eziechiele,Chessell,Eziechiele Chessell
308,330,Gallagher,Edwardson,Gallagher Edwardson
309,5515,Moises,Mucklestone,Moises Mucklestone
310,3556,Noak,Gerner,Noak Gerner
311,4318,Helen,Hazelby,Helen Hazelby
312,2779,Pattie,Mowday,Pattie Mowday
313,410,Veronica,Buckerfield,Veronica Buckerfield
314,4992,Stearn,Caltera,Stearn Caltera
315,1327,Skip,Coppledike,Skip Coppledike
316,2758,Merline,Alesi,Merline Alesi
317,295,Orland,Hardistry,Orland Hardistry
318,4674,Maribel,Bravey,Maribel Bravey
319,1609,Riannon,Casaro,Riannon Casaro
320,4102,Brandtr,Murrison,Brandtr Murrison
321,2371,Brok,Lacotte,Brok Lacotte
322,2919,Valida,Medlen,Valida Medlen
323,376,Iago,Hellewell,Iago Hellewell
324,2881,Rebe,Mechem,Rebe Mechem
325,5039,Jasmin,Hovenden,Jasmin Hovenden
326,2678,Nikos,Wiffler,Nikos Wiffler
327,4953,Elianore,Botger,Elianore Botger
328,5896,Livia,McMains,Livia McMains
329,6134,Wendall,Lawler,Wendall Lawler
330,3493,Kiah,Matijasevic,Kiah Matijasevic
331,959,Harrietta,Limerick,Harrietta Limerick
332,2043,Chrotoem,Duddy,Chrotoem Duddy
333,1157,Nessy,Burrells,Nessy Burrells
334,18,Roth,Rawsthorn,Roth Rawsthorn
335,2971,Kellen,Rembaud,Kellen Rembaud
336,1482,Milly,Kalker,Milly Kalker
337,772,Chrystel,Ludlam,Chrystel Ludlam
338,6378,Tiffy,Davidek,Tiffy Davidek
339,5449,Emmerich,Bruckshaw,Emmerich Bruckshaw
340,3574,Glynda,Bantham,Glynda Bantham
341,3129,Hephzibah,Farrey,Hephzibah Farrey
342,3897,Chantal,Denkel,Chantal Denkel
343,4617,Currie,Cantor,Currie Cantor
344,1557,Heriberto,Petrina,Heriberto Petrina
345,2412,Carlina,McCudden,Carlina McCudden
346,5143,Papagena,Pasquale,Papagena Pasquale
347,4823,Krishnah,Larenson,Krishnah Larenson
348,239,Aksel,Coult,Aksel Coult
349,6160,Valry,Skeels,Valry Skeels
350,5803,Aindrea,Guidelli,Aindrea Guidelli
351,863,Orelle,Ganforth,Orelle Ganforth
352,3492,Regan,Aberdalgy,Regan Aberdalgy
353,3811,Wilmar,Sumner,Wilmar Sumner
354,4221,Archibold,Coulsen,Archibold Coulsen
355,6098,Armstrong,Blogg,Armstrong Blogg
356,1085,Ed,Dutch,Ed Dutch
357,4810,Sarine,Kuhwald,Sarine Kuhwald
358,3955,Dalt,Shillito,Dalt Shillito
359,4856,Adriane,Figger,Adriane Figger
360,2743,Zora,Blagdon,Zora Blagdon
361,3306,Rosette,Baudichon,Rosette Baudichon
362,1476,Delainey,Fetherstone,Delainey Fetherstone
363,1509,Rodney,Wardhough,Rodney Wardhough
364,1921,Pia,Plaice,Pia Plaice
365,6341,Phip,Sutherel,Phip Sutherel
366,4699,Yorgos,Brimelow,Yorgos Brimelow
367,2464,Alessandra,Solland,Alessandra Solland
368,3928,Dew,Melesk,Dew Melesk
369,4352,Muffin,Ancell,Muffin Ancell
370,2782,Carey,Gaffon,Carey Gaffon
371,4067,Jill,Langforth,Jill Langforth
372,3278,Harry,Pudding,Harry Pudding
373,5041,Nichols,Tailour,Nichols Tailour
374,5406,Jorry,Rubinov,Jorry Rubinov
375,3799,Von,Westley,Von Westley
376,5342,Allyn,Carmichael,Allyn Carmichael
377,5444,Brinn,Planks,Brinn Planks
378,6019,Teresa,Gregh,Teresa Gregh
379,59,Bernarr,Zoane,Bernarr Zoane
380,4662,Roarke,Clemenson,Roarke Clemenson
381,627,Niko,Wadforth,Niko Wadforth
382,2900,Diahann,Bengtsson,Diahann Bengtsson
383,3772,Cecil,Marquand,Cecil Marquand
384,2218,Farra,Sutterby,Farra Sutterby
385,2675,Marne,Storrah,Marne Storrah
386,1183,Wolfy,Stainland,Wolfy Stainland
387,1040,Ardelle,Pluthero,Ardelle Pluthero
388,4734,Roxy,Scholling,Roxy Scholling
389,572,Stanislas,Bartke,Stanislas Bartke
390,6097,Claire,Lerner,Claire Lerner
391,5438,Vivia,McKerley,Vivia McKerley
392,283,Natty,Pilch,Natty Pilch
393,940,Mavra,Holston,Mavra Holston
394,6157,Alonzo,Duffer,Alonzo Duffer
395,314,Fleurette,Considine,Fleurette Considine
396,3056,Dagmar,Caves,Dagmar Caves
397,6243,Payton,Dibdall,Payton Dibdall
398,350,Alvis,Paprotny,Alvis Paprotny
399,3257,Elinor,Towhey,Elinor Towhey
400,3130,Herrick,Coping,Herrick Coping
401,3766,Gayleen,Endricci,Gayleen Endricci
402,5906,Carlee,Holmyard,Carlee Holmyard
403,6131,Brittany,Spering,Brittany Spering
404,876,Jessy,Macvain,Jessy Macvain
405,1544,Melinda,Thornham,Melinda Thornham
406,438,Burt,Auston,Burt Auston
407,2882,Austin,Camosso,Austin Camosso
408,5308,Evvie,Londing,Evvie Londing
409,6158,Pennie,Klimschak,Pennie Klimschak
410,4968,Elayne,Footer,Elayne Footer
411,10,Cointon,Gosselin,Cointon Gosselin
412,5450,Corrinne,Bernhart,Corrinne Bernhart
413,1264,Ryon,Holtum,Ryon Holtum
414,5088,Stefa,Brok,Stefa Brok
415,6416,Pietro,Stripp,Pietro Stripp
416,706,Nissy,Heining,Nissy Heining
417,1545,Kelwin,Mungin,Kelwin Mungin
418,4142,Bettina,Crisp,Bettina Crisp
419,5217,Ernesta,Calam,Ernesta Calam
420,4716,Sloane,Carcass,Sloane Carcass
421,926,Vita,Geering,Vita Geering
422,6238,Dare,Iannello,Dare Iannello
423,2015,Guenevere,Elwill,Guenevere Elwill
424,1177,Don,O'Fallone,Don O'Fallone
425,549,Wanids,Galer,Wanids Galer
426,1416,Drusilla,Dawtry,Drusilla Dawtry
427,1877,Denyse,Ferriere,Denyse Ferriere
428,6039,Marcelo,Hoppner,Marcelo Hoppner
429,1663,Glynis,Norquoy,Glynis Norquoy
430,112,Jocko,MacTrustey,Jocko MacTrustey
431,2012,Elbertina,Egiloff,Elbertina Egiloff
432,4437,Priscilla,Whitehouse,Priscilla Whitehouse
433,1022,Stormy,Durman,Stormy Durman
434,3927,Andras,Breinlein,Andras Breinlein
435,1883,Corrina,Maymond,Corrina Maymond
436,1686,Reynold,Gutsell,Reynold Gutsell
437,3427,Tami,Van Der Hoog,Tami Van Der Hoog
438,4468,Dalton,McClaughlin,Dalton McClaughlin
439,3775,Ethyl,Dewberry,Ethyl Dewberry
440,5369,Elvyn,Possek,Elvyn Possek
441,4844,Halette,Aleswell,Halette Aleswell
442,2461,Orville,Bendle,Orville Bendle
443,5941,Catherina,Adriaan,Catherina Adriaan
444,5890,Nance,Watterson,Nance Watterson
445,880,Teresita,Delmage,Teresita Delmage
446,2942,Devlen,Brindle,Devlen Brindle
447,1340,Shirline,Leng,Shirline Leng
448,2065,Boy,Crowne,Boy Crowne
449,5018,Roxine,Pickavance,Roxine Pickavance
450,5797,Bealle,Esmond,Bealle Esmond
451,6295,Ludovico,Cappel,Ludovico Cappel
452,6301,Say,Dockray,Say Dockray
453,1996,Gabbey,Shellibeer,Gabbey Shellibeer
454,963,Quint,Nosworthy,Quint Nosworthy
455,3736,Murvyn,Wolseley,Murvyn Wolseley
456,1312,Crin,Rishbrook,Crin Rishbrook
457,3546,Robinetta,Bowmen,Robinetta Bowmen
458,3510,Bride,Boutell,Bride Boutell
459,5895,Darrell,Veall,Darrell Veall
460,5139,Bobette,Soame,Bobette Soame
461,1360,Merilyn,Cridland,Merilyn Cridland
462,5087,Darwin,Pagram,Darwin Pagram
463,5925,Dena,Moens,Dena Moens
464,3557,Alyse,Hamal,Alyse Hamal
465,4915,Alejandra,Stannas,Alejandra Stannas
466,281,Nolly,Soppit,Nolly Soppit
467,1451,Loraine,Beldan,Loraine Beldan
468,2429,Monro,Aspenlon,Monro Aspenlon
469,1567,Suzy,Kobiera,Suzy Kobiera
470,657,Bevan,Pashby,Bevan Pashby
471,1387,Margot,Dietzler,Margot Dietzler
472,6346,Bronny,Kelleway,Bronny Kelleway
473,5405,Kerby,Bransdon,Kerby Bransdon
474,2527,Othello,Sawkins,Othello Sawkins
475,1233,Amory,Scoon,Amory Scoon
476,615,Kathlin,Trayte,Kathlin Trayte
477,1907,Eveline,Duns,Eveline Duns
478,5721,Mellisent,Shuker,Mellisent Shuker
479,3359,Jaimie,Oxby,Jaimie Oxby
480,5539,Candice,Midgley,Candice Midgley
481,1533,Russ,Heinke,Russ Heinke
482,1598,Carry,Nudd,Carry Nudd
483,355,Kippar,Ivanovic,Kippar Ivanovic
484,2889,Burlie,Suerz,Burlie Suerz
485,2843,Milena,Tunn,Milena Tunn
486,1594,Konstantine,Rosenblum,Konstantine Rosenblum
487,5207,Lorna,Schowenburg,Lorna Schowenburg
488,2645,Adlai,Pleasaunce,Adlai Pleasaunce
489,527,Flemming,Charles,Flemming Charles
490,1313,Page,Flatt,Page Flatt
491,2582,Timothee,Vogel,Timothee Vogel
492,1455,Irvin,Sauter,Irvin Sauter
493,1356,Deny,Drewry,Deny Drewry
494,4559,Tova,Greenstead,Tova Greenstead
495,25,Shalne,ducarme,Shalne ducarme
496,5186,Hinda,Sexton,Hinda Sexton
497,5516,Fayre,Mays,Fayre Mays
498,4629,Murielle,Battin,Murielle Battin
499,1808,Yoshi,Jacmar,Yoshi Jacmar
500,5643,Carola,Nell,Carola Nell
501,2664,Cody,Baylie,Cody Baylie
502,3966,Modestine,Arthey,Modestine Arthey
503,2495,Ferdinanda,Spurryer,Ferdinanda Spurryer
504,5922,Ailee,Pesselt,Ailee Pesselt
505,1510,Flint,Cumbes,Flint Cumbes
506,4080,Theresita,covino,Theresita covino
507,4501,Dorice,Ragot,Dorice Ragot
508,1419,Raven,Klulik,Raven Klulik
509,1520,Ravi,Biskupek,Ravi Biskupek
510,3428,Rickie,Wadforth,Rickie Wadforth
511,6172,Natka,Heaford,Natka Heaford
512,1626,Ara,Heiss,Ara Heiss
513,586,Starlin,Glowacz,Starlin Glowacz
514,1014,Dacy,Valasek,Dacy Valasek
515,5844,Fern,Buten,Fern Buten
516,1548,Dewitt,Urlich,Dewitt Urlich
517,594,Ingaborg,Josebury,Ingaborg Josebury
518,5495,Waly,O'Clery,Waly O'Clery
519,2014,Berte,Trebbett,Berte Trebbett
520,2976,Sanford,Trees,Sanford Trees
521,2866,Winona,Moodycliffe,Winona Moodycliffe
522,1962,Milena,Godwyn,Milena Godwyn
523,3853,Finn,Burkin,Finn Burkin
524,4424,Tally,Loud,Tally Loud
525,5966,Leisha,Lithgow,Leisha Lithgow
526,5978,Verney,Stoney,Verney Stoney
527,1600,Ediva,Hamblen,Ediva Hamblen
528,1593,Jedd,Guinnane,Jedd Guinnane
529,2081,Riordan,Krzysztof,Riordan Krzysztof
530,3332,Dino,Reddings,Dino Reddings
531,3802,Margi,Stollenberg,Margi Stollenberg
532,1209,Meyer,Weblin,Meyer Weblin
533,2249,Maiga,Hortop,Maiga Hortop
534,6439,Myca,Snawdon,Myca Snawdon
535,5512,Kimbra,Windibank,Kimbra Windibank
536,1508,Jania,Weald,Jania Weald
537,3469,Shae,Tudor,Shae Tudor
538,5825,Veda,Bortolazzi,Veda Bortolazzi
539,4026,Alva,Tressler,Alva Tressler
540,150,Mateo,Gilford,Mateo Gilford
541,2984,Jojo,Ennor,Jojo Ennor
542,5689,Joelly,Greeson,Joelly Greeson
543,2608,Tabby,Lamas,Tabby Lamas
544,5130,Caresse,Yerrell,Caresse Yerrell
545,1584,Thorpe,Primett,Thorpe Primett
546,2783,Allis,Bambrugh,Allis Bambrugh
547,6248,Bernete,Mustchin,Bernete Mustchin
548,6345,Saunder,Fielding,Saunder Fielding
549,76,Jena,Ivanikov,Jena Ivanikov
550,1919,Kareem,Pickvance,Kareem Pickvance
551,3011,Barris,Jarman,Barris Jarman
552,2071,Lusa,Lortzing,Lusa Lortzing
553,4458,Florence,Clother,Florence Clother
554,4854,Ansel,Crookall,Ansel Crookall
555,6259,Vincent,Mangon,Vincent Mangon
556,3674,Redd,Holsall,Redd Holsall
557,1030,Bamby,Wiltshaw,Bamby Wiltshaw
558,2089,Niven,Swadon,Niven Swadon
559,181,Otes,Lerven,Otes Lerven
560,3191,Gerrie,Markovic,Gerrie Markovic
561,2250,Vasily,Ogilby,Vasily Ogilby
562,2283,Jorrie,Veitch,Jorrie Veitch
563,3894,Joanna,Casazza,Joanna Casazza
564,497,Georgy,Nusche,Georgy Nusche
565,279,Torey,Giraudot,Torey Giraudot
566,5953,Lilian,Worledge,Lilian Worledge
567,5253,Marketa,Cotelard,Marketa Cotelard
568,3739,Artair,Scandred,Artair Scandred
569,1333,Land,Rosser,Land Rosser
570,3365,Harv,Guyer,Harv Guyer
571,3327,Mirabelle,Antoni,Mirabelle Antoni
572,4297,Bobbe,Garrand,Bobbe Garrand
573,6145,Fulvia,Kenworth,Fulvia Kenworth
574,1142,Sileas,Gwinnel,Sileas Gwinnel
575,6413,Missie,Wildish,Missie Wildish
576,2035,Faina,Adamski,Faina Adamski
577,6421,Cassaundra,Delahunt,Cassaundra Delahunt
578,5059,Fawnia,Furnell,Fawnia Furnell
579,6472,Liz,Rikard,Liz Rikard
580,4704,Henrieta,Nairns,Henrieta Nairns
581,2873,Jemima,Ruffey,Jemima Ruffey
582,5601,Robb,Saterweyte,Robb Saterweyte
583,4879,Chadwick,Loweth,Chadwick Loweth
584,4168,Ethyl,Dalloway,Ethyl Dalloway
585,6362,Tuck,Hubbucks,Tuck Hubbucks
586,1579,Georgia,Merricks,Georgia Merricks
587,5263,Kylie,Astill,Kylie Astill
588,4024,Joanne,Polak,Joanne Polak
589,6075,Codee,Belsher,Codee Belsher
590,1137,Noemi,Shooter,Noemi Shooter
591,496,Averil,Pipet,Averil Pipet
592,3628,Dominica,Casebourne,Dominica Casebourne
593,4242,Marchelle,Isworth,Marchelle Isworth
594,5596,Layla,Ridler,Layla Ridler
595,289,Rosabel,Pabelik,Rosabel Pabelik
596,4579,Joella,Roumier,Joella Roumier
597,4568,Sandor,Jemmett,Sandor Jemmett
598,6044,Adorne,Emmines,Adorne Emmines
599,2215,Jesus,Carress,Jesus Carress
600,3237,York,Bonnin,York Bonnin
601,6419,Elston,Pringer,Elston Pringer
602,4341,Bryn,Bellham,Bryn Bellham
603,990,Rob,Van de Castele,Rob Van de Castele
604,487,Ailyn,Broadberrie,Ailyn Broadberrie
605,2766,Gayle,Sampey,Gayle Sampey
606,5760,Babita,Cockayme,Babita Cockayme
607,2305,Christophorus,Gilsthorpe,Christophorus Gilsthorpe
608,4126,Ursula,Chazotte,Ursula Chazotte
609,1551,Saundra,Andor,Saundra Andor
610,1993,Kipper,Fourman,Kipper Fourman
611,5395,Merla,Muncaster,Merla Muncaster
612,6011,Alethea,Steagall,Alethea Steagall
613,6190,Alvera,Stebbin,Alvera Stebbin
614,754,Kort,Harrhy,Kort Harrhy
615,4567,Guenna,Wake,Guenna Wake
616,1188,Consalve,Lillie,Consalve Lillie
617,411,Wilma,Beddin,Wilma Beddin
618,212,Donaugh,Barwood,Donaugh Barwood
619,1998,Berte,Wearing,Berte Wearing
620,1750,Genia,Lennox,Genia Lennox
621,2929,Blondy,Alexsandrowicz,Blondy Alexsandrowicz
622,2269,Zonda,Duly,Zonda Duly
623,5161,Giffie,Uren,Giffie Uren
624,1271,Elicia,Forre,Elicia Forre
625,830,Dmitri,Cantle,Dmitri Cantle
626,6212,Jeffrey,Murrum,Jeffrey Murrum
627,1630,Graehme,Shanley,Graehme Shanley
628,5007,Siobhan,Rustidge,Siobhan Rustidge
629,872,Yoshi,Hadleigh,Yoshi Hadleigh
630,652,Clint,Byneth,Clint Byneth
631,3338,Wallie,Tichner,Wallie Tichner
632,205,Vittoria,Roskilly,Vittoria Roskilly
633,6207,Liza,Test,Liza Test
634,6320,Jenna,Hustler,Jenna Hustler
635,1835,Rowena,Pavett,Rowena Pavett
636,4288,Jessey,Meneo,Jessey Meneo
637,2150,Annice,Yushmanov,Annice Yushmanov
638,2887,Arden,Jennings,Arden Jennings
639,3547,Hube,Brogini,Hube Brogini
640,1605,Clemente,Turneux,Clemente Turneux
641,2891,Penny,Wadhams,Penny Wadhams
642,4969,Sherrie,Banyard,Sherrie Banyard
643,3999,Merola,Simonds,Merola Simonds
644,3345,Catharine,Berthome,Catharine Berthome
645,903,Berkly,Dickinson,Berkly Dickinson
646,6164,Ibbie,Skermer,Ibbie Skermer
647,5669,Kirsti,Saward,Kirsti Saward
648,2846,Claribel,Robbert,Claribel Robbert
649,1119,Rand,Focke,Rand Focke
650,3221,Linet,Dawidsohn,Linet Dawidsohn
651,4241,Nikolaus,Wiltshier,Nikolaus Wiltshier
652,1654,Grace,Kingsbury,Grace Kingsbury
653,6043,Weston,Dunlap,Weston Dunlap
654,1813,Shermy,Lepoidevin,Shermy Lepoidevin
655,3931,Rosita,Lippo,Rosita Lippo
656,3685,Darrelle,Curner,Darrelle Curner
657,1449,Danika,Bulle,Danika Bulle
658,282,Adeline,Casse,Adeline Casse
659,261,Hal,Badini,Hal Badini
660,6,Gerianne,Shaves,Gerianne Shaves
661,2824,Granville,Macken,Granville Macken
662,1677,Isador,Hartwell,Isador Hartwell
663,2628,Park,Hengoed,Park Hengoed
664,632,Addia,Barbe,Addia Barbe
665,2735,Devi,Sancto,Devi Sancto
666,638,Lyndsay,Wadge,Lyndsay Wadge
667,1431,Roxie,Langabeer,Roxie Langabeer
668,2139,Pat,Andrew,Pat Andrew
669,2406,Sara-ann,De Fraine,Sara-ann De Fraine
670,4991,Dale,Franchi,Dale Franchi
671,4941,Tomkin,Iveson,Tomkin Iveson
672,2116,Noel,Kitchenham,Noel Kitchenham
673,6045,Alvira,Nassey,Alvira Nassey
674,2124,Lynnet,Garralts,Lynnet Garralts
675,1053,Fraze,Dudny,Fraze Dudny
676,2737,Mariele,Stubbes,Mariele Stubbes
677,531,Brandtr,Coolahan,Brandtr Coolahan
678,5374,Rozelle,Vick,Rozelle Vick
679,5118,Ced,Tweedy,Ced Tweedy
680,3860,Hedvige,Sprigging,Hedvige Sprigging
681,6056,Vilma,Wissby,Vilma Wissby
682,1267,Sawyer,Fernez,Sawyer Fernez
683,1957,Roanne,Burns,Roanne Burns
684,3374,Rhody,Marley,Rhody Marley
685,6356,Dolores,Ivanovic,Dolores Ivanovic
686,1933,Franklin,Urwin,Franklin Urwin
687,5089,Aretha,Rendall,Aretha Rendall
688,5168,Loretta,Meriot,Loretta Meriot
689,1692,Justine,Smurfit,Justine Smurfit
690,1760,Gabriell,Hambribe,Gabriell Hambribe
691,4003,Laurie,Gusticke,Laurie Gusticke
692,5754,Isabelita,Rainger,Isabelita Rainger
693,563,Eldredge,Dressel,Eldredge Dressel
694,1722,Leticia,Heinemann,Leticia Heinemann
695,3111,Ursola,Tynnan,Ursola Tynnan
696,4818,Josefa,O'Neill,Josefa O'Neill
697,388,Dorrie,Ruecastle,Dorrie Ruecastle
698,2462,Torey,Ducker,Torey Ducker
699,814,Candida,Biesinger,Candida Biesinger
700,6300,Cassaundra,Hurdidge,Cassaundra Hurdidge
701,1048,Emilia,Weild,Emilia Weild
702,5234,Lavena,Ropp,Lavena Ropp
703,2878,Alden,Garfit,Alden Garfit
704,606,Garrot,Newcomb,Garrot Newcomb
705,428,Ebonee,Connerry,Ebonee Connerry
706,197,Kylynn,Sherrell,Kylynn Sherrell
707,571,Brigitte,Gratland,Brigitte Gratland
708,6478,Sylvia,Scollick,Sylvia Scollick
709,2973,Aubry,Girardey,Aubry Girardey
710,366,Manon,Sor,Manon Sor
711,196,Alair,Stefanovic,Alair Stefanovic
712,175,Ravi,Bolstridge,Ravi Bolstridge
713,1196,Kaylyn,Escot,Kaylyn Escot
714,1800,Kiri,Stallard,Kiri Stallard
715,1472,Shannon,Coil,Shannon Coil
716,3137,Beulah,Klimashevich,Beulah Klimashevich
717,4990,Laird,Myles,Laird Myles
718,2129,Carlynne,Prewer,Carlynne Prewer
719,4951,Sylvan,Pauli,Sylvan Pauli
720,331,Sonni,Whales,Sonni Whales
721,920,Julita,Waddell,Julita Waddell
722,287,Dolly,MacScherie,Dolly MacScherie
723,771,Curran,Gillhespy,Curran Gillhespy
724,1230,Nancee,Clemits,Nancee Clemits
725,4276,Brendin,Kirman,Brendin Kirman
726,5164,Cherri,Handslip,Cherri Handslip
727,2451,Avril,Peterkin,Avril Peterkin
728,2045,Pavia,Lenahan,Pavia Lenahan
729,2576,Merna,Gillbee,Merna Gillbee
730,2222,Arnaldo,Barta,Arnaldo Barta
731,4760,Petronella,Hinstridge,Petronella Hinstridge
732,3232,Dorry,Jebb,Dorry Jebb
733,1638,Ericha,Terney,Ericha Terney
734,5205,Mariette,Loraine,Mariette Loraine
735,3057,Humberto,Bidmead,Humberto Bidmead
736,630,Lawrence,Seeney,Lawrence Seeney
737,3512,Edee,Squier,Edee Squier
738,1973,Lishe,Di Napoli,Lishe Di Napoli
739,5708,Jenelle,Kirk,Jenelle Kirk
740,1943,Adrianne,Baggallay,Adrianne Baggallay
741,6220,Timmi,Kearsley,Timmi Kearsley
742,3209,Francine,Greenhalf,Francine Greenhalf
743,4074,Emmett,Crookshanks,Emmett Crookshanks
744,2168,Elonore,Skylett,Elonore Skylett
745,262,Ervin,Neem,Ervin Neem
746,3933,Felipe,Sage,Felipe Sage
747,3769,Fredia,Goldberg,Fredia Goldberg
748,3663,Arabella,Franscioni,Arabella Franscioni
749,3072,Darnell,Davidovitz,Darnell Davidovitz
750,2316,Bancroft,Ishak,Bancroft Ishak
751,5685,Kelvin,Solway,Kelvin Solway
752,6089,Standford,Baigrie,Standford Baigrie
753,202,Brynn,Gradly,Brynn Gradly
754,1295,Malachi,Burkett,Malachi Burkett
755,2642,Olav,Scown,Olav Scown
756,483,Ebonee,Gately,Ebonee Gately
757,5359,Shannah,Raffan,Shannah Raffan
758,275,Asia,Winley,Asia Winley
759,2240,Cleve,Drinkel,Cleve Drinkel
760,2868,Courtney,Brettor,Courtney Brettor
761,2663,Obadias,Lovejoy,Obadias Lovejoy
762,1361,Chandra,Headington,Chandra Headington
763,4186,Fredrika,MacGorley,Fredrika MacGorley
764,3417,Marius,Dadds,Marius Dadds
765,762,Katalin,Fold,Katalin Fold
766,4417,Mathian,Plesing,Mathian Plesing
767,6066,Amanda,Tweedy,Amanda Tweedy
768,5962,Tabor,Gierke,Tabor Gierke
769,2223,Padget,Lurner,Padget Lurner
770,4880,Beatrisa,Pickton,Beatrisa Pickton
771,6357,Beilul,Billinge,Beilul Billinge
772,3100,Jamie,Barbier,Jamie Barbier
773,5879,Daisie,Winship,Daisie Winship
774,6306,Patty,Olczak,Patty Olczak
775,653,Stella,Strotone,Stella Strotone
776,5836,Darcee,Brazenor,Darcee Brazenor
777,4247,Caterina,Filip,Caterina Filip
778,6048,Bev,Goodhew,Bev Goodhew
779,4891,Kari,Tollmache,Kari Tollmache
780,735,Nixie,Jedrzejewsky,Nixie Jedrzejewsky
781,3997,Twyla,Oakeshott,Twyla Oakeshott
782,3281,Torin,Meneghi,Torin Meneghi
783,4777,Berny,Gasquoine,Berny Gasquoine
784,1596,Cletis,Granger,Cletis Granger
785,4934,Lucretia,Frandsen,Lucretia Frandsen
786,1043,Therese,McShirrie,Therese McShirrie
787,4776,Marcelline,McSporon,Marcelline McSporon
788,3691,Dallis,Klamp,Dallis Klamp
789,4422,Francoise,Yearby,Francoise Yearby
790,2682,Sherie,Priddie,Sherie Priddie
791,265,Marian,Smout,Marian Smout
792,4094,Abeu,Rudgard,Abeu Rudgard
793,5796,Yankee,Latore,Yankee Latore
794,5784,Gerik,Roussel,Gerik Roussel
795,70,Gregoire,Schops,Gregoire Schops
796,4903,Agathe,Larmour,Agathe Larmour
797,2975,Heddie,Thurling,Heddie Thurling
798,5384,Justis,Boxall,Justis Boxall
799,2776,Ezmeralda,Whinray,Ezmeralda Whinray
800,3888,Henrietta,Clavey,Henrietta Clavey
801,1496,Damien,Bosdet,Damien Bosdet
802,4752,Alane,Weinberg,Alane Weinberg
803,5840,Leigh,List,Leigh List
804,2496,Jameson,Rasor,Jameson Rasor
805,4179,Huntlee,Ballam,Huntlee Ballam
806,5048,Valencia,O' Mullane,Valencia O' Mullane
807,146,Estrella,Dickens,Estrella Dickens
808,1541,Humphrey,Alfonsini,Humphrey Alfonsini
809,4922,Gerard,MacGillespie,Gerard MacGillespie
810,6278,Rachel,Patridge,Rachel Patridge
811,1497,Skippie,Cotgrave,Skippie Cotgrave
812,4978,Westley,Alenin,Westley Alenin
813,361,Kelcie,Dyshart,Kelcie Dyshart
814,5666,Karia,O'Loughnan,Karia O'Loughnan
815,5426,Dulsea,Jeskin,Dulsea Jeskin
816,596,Brendan,Mercik,Brendan Mercik
817,5651,Win,Wennington,Win Wennington
818,1478,Chelsy,Stamper,Chelsy Stamper
819,5580,Fidelio,Hessentaler,Fidelio Hessentaler
820,3780,Fenelia,Polk,Fenelia Polk
821,6465,Tedda,Artiss,Tedda Artiss
822,3585,Vinny,Blythe,Vinny Blythe
823,1440,Hart,Hatliffe,Hart Hatliffe
824,1935,Pip,Bulfit,Pip Bulfit
825,4853,Dyann,Defrain,Dyann Defrain
826,151,Tremaine,Rosenstein,Tremaine Rosenstein
827,5824,Darice,Greenleaf,Darice Greenleaf
828,2847,Nata,Mawne,Nata Mawne
829,1856,Simon,Laver,Simon Laver
830,3230,Janella,Cruttenden,Janella Cruttenden
831,2823,Kari,Hullah,Kari Hullah
832,2457,Rafaello,Ferrulli,Rafaello Ferrulli
833,4451,Felicity,Hainsworth,Felicity Hainsworth
834,3447,Sanson,Dedney,Sanson Dedney
835,1894,Catarina,Gowans,Catarina Gowans
836,853,Filip,Palfreman,Filip Palfreman
837,1787,Trix,Levine,Trix Levine
838,6397,Lona,Plane,Lona Plane
839,5508,Vanni,Goublier,Vanni Goublier
840,3839,Gill,Consadine,Gill Consadine
841,2192,Gabie,Hastler,Gabie Hastler
842,5061,Marcia,Renfield,Marcia Renfield
843,2345,Hallie,McTavy,Hallie McTavy
844,1714,Thorn,Gillie,Thorn Gillie
845,5424,Chaunce,Pycock,Chaunce Pycock
846,5243,Bobbette,Checcucci,Bobbette Checcucci
847,5818,Alberta,Storcke,Alberta Storcke
848,6110,Erich,Greenshields,Erich Greenshields
849,5979,Reece,Lippi,Reece Lippi
850,5693,Evvy,Weaben,Evvy Weaben
851,1125,Imogene,Wigmore,Imogene Wigmore
852,2127,Baily,Dinwoodie,Baily Dinwoodie
853,2491,Tito,Sopp,Tito Sopp
854,2534,Carr,Cervantes,Carr Cervantes
855,4543,Godard,Dilworth,Godard Dilworth
856,4465,Vernon,Brockley,Vernon Brockley
857,3720,Moritz,Instrell,Moritz Instrell
858,2128,Toiboid,Martynikhin,Toiboid Martynikhin
859,3845,Penny,Patton,Penny Patton
860,4976,Thornton,Baldin,Thornton Baldin
861,4097,Grata,Patten,Grata Patten
862,4952,Romonda,Kidde,Romonda Kidde
863,1021,Andreana,Websdale,Andreana Websdale
864,6195,Daffi,Killingback,Daffi Killingback
865,1415,Brewer,Allawy,Brewer Allawy
866,1815,Griselda,Winstanley,Griselda Winstanley
867,3539,Bari,Di Domenico,Bari Di Domenico
868,1062,Mair,Cawthorne,Mair Cawthorne
869,5355,Booth,Dowdell,Booth Dowdell
870,5370,Jackie,Assante,Jackie Assante
871,1027,Gretta,Bemwell,Gretta Bemwell
872,4888,Cally,Finlayson,Cally Finlayson
873,38,Dalton,Ineson,Dalton Ineson
874,4841,Agneta,Pumfrett,Agneta Pumfrett
875,1555,Andrea,Brusby,Andrea Brusby
876,1033,Clint,Blunderfield,Clint Blunderfield
877,2174,Raimondo,Dowty,Raimondo Dowty
878,5306,Rosanna,Simonaitis,Rosanna Simonaitis
879,299,Timoteo,Jickells,Timoteo Jickells
880,2277,Valli,Hills,Valli Hills
881,6247,Rozanna,O'Lunney,Rozanna O'Lunney
882,1302,Kalli,Porteous,Kalli Porteous
883,5046,Marci,Braxton,Marci Braxton
884,6223,Ed,O'Mullaney,Ed O'Mullaney
885,1637,Rustie,Vase,Rustie Vase
886,3228,Mikey,Brasener,Mikey Brasener
887,2728,Kingsley,Golsworthy,Kingsley Golsworthy
888,5266,Herminia,Clayhill,Herminia Clayhill
889,3416,Justine,Seden,Justine Seden
890,3218,Jamaal,Spick,Jamaal Spick
891,4162,Maryjo,Perrottet,Maryjo Perrottet
892,1408,Madelaine,Prott,Madelaine Prott
893,4037,Stafford,Nijssen,Stafford Nijssen
894,1869,Edward,Wilkinson,Edward Wilkinson
895,3929,Aurie,Runnalls,Aurie Runnalls
896,5875,Hugh,Seywood,Hugh Seywood
897,2364,Minetta,Augur,Minetta Augur
898,539,Lauree,Colborn,Lauree Colborn
899,200,Pat,Tuxell,Pat Tuxell
900,5457,Chrystal,Jeffels,Chrystal Jeffels
901,3549,Phillipp,Bakes,Phillipp Bakes
902,897,Barby,Patten,Barby Patten
903,3667,Blake,Gatland,Blake Gatland
904,5665,Bron,Gamet,Bron Gamet
905,3295,Asher,Scurlock,Asher Scurlock
906,1239,Burg,Thorndale,Burg Thorndale
907,3203,Shelagh,Stigers,Shelagh Stigers
908,5569,Patrizius,Hymer,Patrizius Hymer
909,2998,Chere,Husband,Chere Husband
910,6272,Erl,Fernely,Erl Fernely
911,3595,Darby,Gon,Darby Gon
912,899,Simonette,Garnson,Simonette Garnson
913,1275,Esmeralda,Moreinu,Esmeralda Moreinu
914,1061,Julia,Aucutt,Julia Aucutt
915,5952,Freddy,Chasmer,Freddy Chasmer
916,6028,Verena,Bullers,Verena Bullers
917,1967,Elyn,Aikett,Elyn Aikett
918,3195,Katherina,Knowlson,Katherina Knowlson
919,336,Mel,Pettiford,Mel Pettiford
920,4054,Connie,McDyer,Connie McDyer
921,2671,Winnifred,Saylor,Winnifred Saylor
922,5420,Kelley,Bernardos,Kelley Bernardos
923,6103,Eldon,Brownsall,Eldon Brownsall
924,102,Normand,Josipovic,Normand Josipovic
925,3262,Frasquito,Rubrow,Frasquito Rubrow
926,2647,Olvan,Lacy,Olvan Lacy
927,2506,Barton,Bearfoot,Barton Bearfoot
928,2833,Ceil,Warr,Ceil Warr
929,1240,Gardy,Binnall,Gardy Binnall
930,629,Brenna,Reuter,Brenna Reuter
931,1867,Fowler,Murden,Fowler Murden
932,3132,Iggie,Shyres,Iggie Shyres
933,5782,Petronia,Galpin,Petronia Galpin
934,1728,Bonnibelle,Quin,Bonnibelle Quin
935,2010,Udale,Gerrad,Udale Gerrad
936,6261,Cecilio,Woodstock,Cecilio Woodstock
937,1336,Reid,Chantler,Reid Chantler
938,288,Tracy,Cawsby,Tracy Cawsby
939,6414,Maryellen,Benyon,Maryellen Benyon
940,2428,Saxe,Willshere,Saxe Willshere
941,3085,Jennilee,Impett,Jennilee Impett
942,5702,Moyna,Vere,Moyna Vere
943,371,Marie-ann,Blasgen,Marie-ann Blasgen
944,2409,Burgess,Andreev,Burgess Andreev
945,4169,Addi,Wegenen,Addi Wegenen
946,1673,Thaddeus,Conneau,Thaddeus Conneau
947,5196,Martie,Garms,Martie Garms
948,210,Maisey,Dene,Maisey Dene
949,3506,Norbert,Celli,Norbert Celli
950,1828,Jacinda,Lyddon,Jacinda Lyddon
951,2621,Lanny,Woodfield,Lanny Woodfield
952,5228,Hallie,Yeates,Hallie Yeates
953,562,Cirilo,Castellet,Cirilo Castellet
954,160,Geno,Dionisio,Geno Dionisio
955,3784,Florentia,Belton,Florentia Belton
956,1397,Aymer,Cruddace,Aymer Cruddace
957,4683,Lanni,Beazer,Lanni Beazer
958,2643,Elaina,Kaser,Elaina Kaser
959,2090,Archibald,Haighton,Archibald Haighton
960,2304,Dona,Grouer,Dona Grouer
961,1207,Elspeth,Margett,Elspeth Margett
962,3971,Lutero,Laurencot,Lutero Laurencot
963,2488,Phil,Haresnape,Phil Haresnape
964,3880,Ellette,Kingsland,Ellette Kingsland
965,62,Corenda,Osan,Corenda Osan
966,4846,Andrei,Mityashev,Andrei Mityashev
967,5907,Lockwood,Danilishin,Lockwood Danilishin
968,5008,Dani,Beswell,Dani Beswell
969,1475,Sansone,Deeley,Sansone Deeley
970,1097,Faunie,Espinheira,Faunie Espinheira
971,4906,Mary,Spendley,Mary Spendley
972,3816,Bonnie,Snary,Bonnie Snary
973,4114,Murry,Edgerly,Murry Edgerly
974,1651,Idalia,Pennoni,Idalia Pennoni
975,2123,Bearnard,Connue,Bearnard Connue
976,6064,Jamima,Grcic,Jamima Grcic
977,4328,Clerissa,Davidson,Clerissa Davidson
978,3745,Vaughn,Spread,Vaughn Spread
979,2414,Moira,Kemish,Moira Kemish
980,1353,Cassie,Ragles,Cassie Ragles
981,1350,Der,Garham,Der Garham
982,2404,Kermie,Bostock,Kermie Bostock
983,317,Demetris,Casone,Demetris Casone
984,3341,Monah,Swafford,Monah Swafford
985,4131,Mufi,Spada,Mufi Spada
986,5241,Cyndi,Blesdill,Cyndi Blesdill
987,5413,Dionysus,Insley,Dionysus Insley
988,6173,Pryce,Mouser,Pryce Mouser
989,1441,Evita,Rait,Evita Rait
990,766,Art,Sellner,Art Sellner
991,3781,Anson,Lacy,Anson Lacy
992,6443,Dottie,Archbald,Dottie Archbald
993,5634,Dyann,Cornwall,Dyann Cornwall
994,425,Wadsworth,Hayfield,Wadsworth Hayfield
995,2755,Bianca,Grieg,Bianca Grieg
996,4427,Selby,Larrie,Selby Larrie
997,4484,Wilburt,Alenshev,Wilburt Alenshev
998,5937,Herold,Mattisssen,Herold Mattisssen
999,3082,Coralyn,Brane,Coralyn Brane
1000,4033,Nell,Heersema,Nell Heersema
1001,4018,Brandise,Blakeley,Brandise Blakeley
1002,2489,Syd,Verillo,Syd Verillo
1003,1515,Des,Brilleman,Des Brilleman
1004,4539,Meryl,Mila,Meryl Mila
1005,4248,Brynn,Bartkiewicz,Brynn Bartkiewicz
1006,1413,Thedrick,Batt,Thedrick Batt
1007,1351,Caro,Paolacci,Caro Paolacci
1008,2112,Bard,Krzysztof,Bard Krzysztof
1009,3785,Kirby,Khrishtafovich,Kirby Khrishtafovich
1010,439,Charmain,Scowcroft,Charmain Scowcroft
1011,668,Avie,Shearstone,Avie Shearstone
1012,3101,Ellswerth,Springtorp,Ellswerth Springtorp
1013,3795,Wain,Povey,Wain Povey
1014,5859,Corey,Fortie,Corey Fortie
1015,879,Moises,Plaid,Moises Plaid
1016,111,Horacio,Blogg,Horacio Blogg
1017,3548,Hayes,Manis,Hayes Manis
1018,6450,Joni,Hollingby,Joni Hollingby
1019,2390,Goldi,Peoples,Goldi Peoples
1020,5549,Chalmers,Riediger,Chalmers Riediger
1021,4200,Jackie,Ramalhete,Jackie Ramalhete
1022,5748,Regan,Onge,Regan Onge
1023,417,Mariquilla,Cobbold,Mariquilla Cobbold
1024,547,Sindee,Sitch,Sindee Sitch
1025,6021,Zak,Gailor,Zak Gailor
1026,4293,Yankee,Robertis,Yankee Robertis
1027,5757,Godfree,Kier,Godfree Kier
1028,2544,Wileen,Caplan,Wileen Caplan
1029,4402,Frayda,Polglaze,Frayda Polglaze
1030,4762,Noel,Opdenort,Noel Opdenort
1031,2726,Sibyl,Stiggers,Sibyl Stiggers
1032,1535,Amber,Pyvis,Amber Pyvis
1033,768,Natalina,Mcall,Natalina Mcall
1034,2977,Sandi,Houlison,Sandi Houlison
1035,6367,Cherry,Brizell,Cherry Brizell
1036,2426,Karel,Freckingham,Karel Freckingham
1037,2644,Elsbeth,Paolillo,Elsbeth Paolillo
1038,1396,Shayna,Vickers,Shayna Vickers
1039,4376,Ryley,Vallens,Ryley Vallens
1040,3318,Ban,Nettle,Ban Nettle
1041,2132,Minna,Edmonson,Minna Edmonson
1042,2228,Tymon,Duer,Tymon Duer
1043,4928,Michal,Forlong,Michal Forlong
1044,3362,Alphard,Adenet,Alphard Adenet
1045,2822,Kimberlyn,McInnery,Kimberlyn McInnery
1046,4653,Mick,Learman,Mick Learman
1047,4445,Stevena,Gothliff,Stevena Gothliff
1048,5926,Katerina,Greenhalf,Katerina Greenhalf
1049,5880,Ertha,Starmont,Ertha Starmont
1050,6232,Eadith,Agiolfinger,Eadith Agiolfinger
1051,2729,Gideon,Liversage,Gideon Liversage
1052,5163,Leeland,Giral,Leeland Giral
1053,231,Rubin,Tyght,Rubin Tyght
1054,2395,Orelle,Fernant,Orelle Fernant
1055,566,Ava,Borgnol,Ava Borgnol
1056,1218,Dulcea,Smee,Dulcea Smee
1057,4555,Cesare,De Simoni,Cesare De Simoni
1058,4917,Thorstein,Merrgen,Thorstein Merrgen
1059,4163,Cameron,Foss,Cameron Foss
1060,1833,Jennie,Petters,Jennie Petters
1061,2799,Del,Bunclark,Del Bunclark
1062,1001,Dmitri,Blewis,Dmitri Blewis
1063,13,Angelle,Joly,Angelle Joly
1064,3973,Chandal,Sterre,Chandal Sterre
1065,4177,Cristiano,Wheldon,Cristiano Wheldon
1066,5865,Georgeanne,Abramamovh,Georgeanne Abramamovh
1067,5437,Nanine,Shakespear,Nanine Shakespear
1068,121,Lanae,Lars,Lanae Lars
1069,3360,Dona,Ivanishin,Dona Ivanishin
1070,4185,Robinette,Gomersal,Robinette Gomersal
1071,3357,Rancell,Ashness,Rancell Ashness
1072,3107,Aarika,Stallen,Aarika Stallen
1073,729,Coralyn,Howsego,Coralyn Howsego
1074,4060,Petr,Lovie,Petr Lovie
1075,5017,Durward,Dreschler,Durward Dreschler
1076,5538,Geoffrey,Rawdales,Geoffrey Rawdales
1077,5957,Wait,Jayne,Wait Jayne
1078,1122,Jamaal,Dillinton,Jamaal Dillinton
1079,5557,Wynnie,Jarrard,Wynnie Jarrard
1080,6349,Hazel,Bladge,Hazel Bladge
1081,2362,Alfreda,Gilyott,Alfreda Gilyott
1082,1100,Nanice,Markson,Nanice Markson
1083,6129,Maybelle,Bullough,Maybelle Bullough
1084,2966,Tiffie,Harkins,Tiffie Harkins
1085,2733,Tina,Celes,Tina Celes
1086,347,Ashly,Hanigan,Ashly Hanigan
1087,1788,Sandor,Kubin,Sandor Kubin
1088,3283,Maggee,Gaffey,Maggee Gaffey
1089,2602,Arda,Ceaser,Arda Ceaser
1090,5125,Cally,Scramage,Cally Scramage
1091,5756,Lucine,Chamley,Lucine Chamley
1092,4800,Durward,Schutte,Durward Schutte
1093,4428,Katrina,Venturoli,Katrina Venturoli
1094,2171,Granger,Glavias,Granger Glavias
1095,6246,Kenneth,Gaveltone,Kenneth Gaveltone
1096,6194,Baillie,Bearblock,Baillie Bearblock
1097,5933,Holt,Osbaldstone,Holt Osbaldstone
1098,1152,Bobbye,Elizabeth,Bobbye Elizabeth
1099,2993,Brook,Growy,Brook Growy
1100,107,Lynna,Tutsell,Lynna Tutsell
1101,4036,Gard,Hise,Gard Hise
1102,178,Davie,Stanfield,Davie Stanfield
1103,2393,Somerset,Chasemore,Somerset Chasemore
1104,66,Britteny,Lidgerton,Britteny Lidgerton
1105,1129,Kerianne,Crust,Kerianne Crust
1106,6265,Nalani,Mozzi,Nalani Mozzi
1107,2421,Farris,Enevold,Farris Enevold
1108,3687,Lexie,Blacktin,Lexie Blacktin
1109,391,Demetri,Braisted,Demetri Braisted
1110,2732,Querida,Toquet,Querida Toquet
1111,799,Glenna,Krolik,Glenna Krolik
1112,6468,Theobald,Jirousek,Theobald Jirousek
1113,5633,Belia,Costley,Belia Costley
1114,5309,Bing,Dykes,Bing Dykes
1115,5229,Elita,Dunnion,Elita Dunnion
1116,767,Pepillo,Sidworth,Pepillo Sidworth
1117,6490,Noreen,Swannie,Noreen Swannie
1118,2480,Danni,Lorait,Danni Lorait
1119,3763,Allys,Baitey,Allys Baitey
1120,5293,Jacquenette,Petrichat,Jacquenette Petrichat
1121,909,Karrah,Saturley,Karrah Saturley
1122,4550,Codie,Ruppert,Codie Ruppert
1123,4250,Alisha,Rabbitts,Alisha Rabbitts
1124,784,Clemens,Ellins,Clemens Ellins
1125,117,Sascha,Basler,Sascha Basler
1126,4989,Kelsi,Styant,Kelsi Styant
1127,949,Pamella,Liffey,Pamella Liffey
1128,1823,Berky,Davidove,Berky Davidove
1129,3961,Elmo,Creddon,Elmo Creddon
1130,4715,Ayn,Esland,Ayn Esland
1131,459,Fey,Gergely,Fey Gergely
1132,4575,Pennie,Mapston,Pennie Mapston
1133,623,Fairlie,Tremolieres,Fairlie Tremolieres
1134,3989,Johny,Kennaway,Johny Kennaway
1135,3453,Janelle,Terrey,Janelle Terrey
1136,5335,Codie,Kimblin,Codie Kimblin
1137,5520,Valentin,Du Plantier,Valentin Du Plantier
1138,2357,Aguste,Schollick,Aguste Schollick
1139,3967,Shaine,Piquard,Shaine Piquard
1140,3840,Wilek,Matejka,Wilek Matejka
1141,4464,Ursula,Heifer,Ursula Heifer
1142,935,Roma,Bleasdale,Roma Bleasdale
1143,605,Miranda,Spiring,Miranda Spiring
1144,2986,Mitchell,Suffield,Mitchell Suffield
1145,664,Rad,Bagguley,Rad Bagguley
1146,2136,Stanwood,Craufurd,Stanwood Craufurd
1147,4303,Waverly,Karadzas,Waverly Karadzas
1148,2007,Ichabod,Leemans,Ichabod Leemans
1149,2969,Angelina,Aspital,Angelina Aspital
1150,4509,Cash,Budnik,Cash Budnik
1151,6411,Jerry,Barnsdall,Jerry Barnsdall
1152,3358,Ronny,Maddrell,Ronny Maddrell
1153,6456,Ginny,Boseley,Ginny Boseley
1154,5390,Carlita,Danhel,Carlita Danhel
1155,5620,Ashby,Gilogly,Ashby Gilogly
1156,4418,Brenden,Biford,Brenden Biford
1157,5271,Sol,Reisin,Sol Reisin
1158,1095,Geneva,Yukhnin,Geneva Yukhnin
1159,1642,Jayme,Spellar,Jayme Spellar
1160,5543,Eustacia,Lemmon,Eustacia Lemmon
1161,580,Thorn,Tutt,Thorn Tutt
1162,3206,Josi,MacCaghan,Josi MacCaghan
1163,5912,Sisely,Zettler,Sisely Zettler
1164,5972,Alida,Itzcovichch,Alida Itzcovichch
1165,6027,Fonsie,Boothroyd,Fonsie Boothroyd
1166,813,Eudora,Shakeshaft,Eudora Shakeshaft
1167,2885,Raymund,Corns,Raymund Corns
1168,4172,Stearne,de Broke,Stearne de Broke
1169,5892,L;urette,Dowdeswell,L;urette Dowdeswell
1170,5866,Rosy,Maleby,Rosy Maleby
1171,1311,Aimil,Joseph,Aimil Joseph
1172,811,Matthus,Matyushkin,Matthus Matyushkin
1173,2734,Curcio,Roony,Curcio Roony
1174,5470,Starlin,Filippo,Starlin Filippo
1175,3000,Lebbie,MacDearmont,Lebbie MacDearmont
1176,1032,Corrinne,Townley,Corrinne Townley
1177,4736,Cale,Darington,Cale Darington
1178,3081,Annnora,Maylin,Annnora Maylin
1179,3681,Mikey,Crat,Mikey Crat
1180,854,Sidoney,Skittrell,Sidoney Skittrell
1181,1163,Blondelle,Birchill,Blondelle Birchill
1182,3804,Emelyne,Ingerfield,Emelyne Ingerfield
1183,4511,Izaak,Adney,Izaak Adney
1184,3040,Celesta,Staples,Celesta Staples
1185,2510,Melvin,Sherrock,Melvin Sherrock
1186,885,Kylynn,Dakhov,Kylynn Dakhov
1187,4128,Jedediah,Popeley,Jedediah Popeley
1188,6500,Matty,Clace,Matty Clace
1189,696,Ardelle,Milson,Ardelle Milson
1190,1184,Karylin,Lacoste,Karylin Lacoste
1191,3147,Kippy,Mulholland,Kippy Mulholland
1192,1798,Nollie,Deeson,Nollie Deeson
1193,1648,Sara-ann,Valde,Sara-ann Valde
1194,305,Petronia,Spinelli,Petronia Spinelli
1195,612,Guenna,Fipp,Guenna Fipp
1196,89,Shaun,Lasty,Shaun Lasty
1197,3921,Winonah,Kelston,Winonah Kelston
1198,5025,Everard,MacGuigan,Everard MacGuigan
1199,5770,Thorvald,Rubenczyk,Thorvald Rubenczyk
1200,801,Nathalia,Carrabott,Nathalia Carrabott
1201,955,Ase,Levinge,Ase Levinge
1202,4622,Ailina,Ferrero,Ailina Ferrero
1203,6148,Korney,Bottlestone,Korney Bottlestone
1204,5807,Abel,Veronique,Abel Veronique
1205,556,Lannie,Ferri,Lannie Ferri
1206,4753,Mike,Noble,Mike Noble
1207,3505,Erma,Cushe,Erma Cushe
1208,3753,Jaquenetta,Niese,Jaquenetta Niese
1209,5429,Ed,Windrum,Ed Windrum
1210,3684,Timotheus,Baroux,Timotheus Baroux
1211,4313,Cathi,Boreland,Cathi Boreland
1212,761,Maryellen,Swanwick,Maryellen Swanwick
1213,5441,Ricardo,Bompas,Ricardo Bompas
1214,2396,Josias,Metheringham,Josias Metheringham
1215,5586,Bernadene,McBrier,Bernadene McBrier
1216,3842,Min,Reedyhough,Min Reedyhough
1217,53,Alysia,Crathorne,Alysia Crathorne
1218,5128,Munmro,Gascar,Munmro Gascar
1219,71,Lizzy,Broxholme,Lizzy Broxholme
1220,5138,Filippa,Spurden,Filippa Spurden
1221,5850,Aggie,Jencken,Aggie Jencken
1222,1270,Chelsea,Dimont,Chelsea Dimont
1223,691,Bailey,Farnell,Bailey Farnell
1224,6460,Honor,Bratch,Honor Bratch
1225,1046,Sonia,MacKnocker,Sonia MacKnocker
1226,2110,Kippar,Curness,Kippar Curness
1227,5218,Benedikt,Sapson,Benedikt Sapson
1228,4412,Isobel,Laxtonne,Isobel Laxtonne
1229,5081,Britney,Wheatley,Britney Wheatley
1230,5541,Juliann,Phillp,Juliann Phillp
1231,312,Vivie,Casol,Vivie Casol
1232,4651,Edithe,Emery,Edithe Emery
1233,1563,Gretel,MacSorley,Gretel MacSorley
1234,1368,Brandie,Beckinsall,Brandie Beckinsall
1235,2230,Morna,Pisculli,Morna Pisculli
1236,2144,Cobby,Capewell,Cobby Capewell
1237,5259,Isac,Peacock,Isac Peacock
1238,2667,Even,Stopper,Even Stopper
1239,5052,Annelise,Bubbear,Annelise Bubbear
1240,1045,Susanetta,Lazell,Susanetta Lazell
1241,4829,Malanie,Cours,Malanie Cours
1242,781,Jocelyne,Lavielle,Jocelyne Lavielle
1243,418,Merrick,Beeke,Merrick Beeke
1244,1506,Svend,Puve,Svend Puve
1245,259,Roman,Wittrington,Roman Wittrington
1246,1190,Winona,Pareman,Winona Pareman
1247,855,Wendel,Danilyuk,Wendel Danilyuk
1248,1568,Nathanael,Ahlf,Nathanael Ahlf
1249,1284,Andreas,Tripean,Andreas Tripean
1250,4479,Caddric,Girke,Caddric Girke
1251,5740,Standford,Attack,Standford Attack
1252,3651,Linette,Moxstead,Linette Moxstead
1253,5175,Townie,Hartzenberg,Townie Hartzenberg
1254,1799,Cyndia,Yandell,Cyndia Yandell
1255,4899,Reade,Biswell,Reade Biswell
1256,5341,Tyson,Thorrold,Tyson Thorrold
1257,5626,Leonard,Ilchuk,Leonard Ilchuk
1258,5013,Trudi,Shildrick,Trudi Shildrick
1259,4016,Ulysses,Drawmer,Ulysses Drawmer
1260,4397,Babbette,Remmer,Babbette Remmer
1261,301,Rodrigo,Crain,Rodrigo Crain
1262,4907,Bing,Bent,Bing Bent
1263,4861,Vale,Lutwyche,Vale Lutwyche
1264,1666,Luciano,Jado,Luciano Jado
1265,5452,Amara,Dosdell,Amara Dosdell
1266,1406,Sammy,Devorill,Sammy Devorill
1267,4794,Raymond,Fishleigh,Raymond Fishleigh
1268,2566,Madelle,Dowman,Madelle Dowman
1269,4008,Roarke,Peto,Roarke Peto
1270,23,Patrizia,Yerlett,Patrizia Yerlett
1271,1314,Angelica,Stendell,Angelica Stendell
1272,6185,Bride,Petry,Bride Petry
1273,516,Franky,Dibbs,Franky Dibbs
1274,3657,Wilhelm,Gandar,Wilhelm Gandar
1275,3916,Michail,Schule,Michail Schule
1276,6258,Konstance,Peeters,Konstance Peeters
1277,5471,Braden,Pamment,Braden Pamment
1278,2401,Nathalie,O'Fielly,Nathalie O'Fielly
1279,1112,Conant,Yielding,Conant Yielding
1280,3307,Clevey,Eite,Clevey Eite
1281,1748,Kaile,Blencoe,Kaile Blencoe
1282,315,Elliot,Thurling,Elliot Thurling
1283,5567,Shaylyn,Knoton,Shaylyn Knoton
1284,1064,Huntington,Samweyes,Huntington Samweyes
1285,5805,Clevie,Aubin,Clevie Aubin
1286,2511,Gracia,Rigard,Gracia Rigard
1287,5210,Artie,Deex,Artie Deex
1288,833,Maure,Corrao,Maure Corrao
1289,4916,Paddie,Paskins,Paddie Paskins
1290,1558,Andreana,Clingan,Andreana Clingan
1291,3559,Cherish,Walkington,Cherish Walkington
1292,2504,Mischa,Shuttell,Mischa Shuttell
1293,2916,Buckie,Spreag,Buckie Spreag
1294,6477,Brandi,Capineer,Brandi Capineer
1295,1346,Janina,Files,Janina Files
1296,2246,Beverlie,Peel,Beverlie Peel
1297,3067,Opaline,Silver,Opaline Silver
1298,5329,Abbot,Lord,Abbot Lord
1299,480,Lita,Rey,Lita Rey
1300,5582,Ann,Easson,Ann Easson
1301,694,Addia,Phillippo,Addia Phillippo
1302,2176,Dolly,Good,Dolly Good
1303,6205,Pascale,MacDougall,Pascale MacDougall
1304,969,Korella,Smorfit,Korella Smorfit
1305,2096,Shaina,Edis,Shaina Edis
1306,1149,Granny,Greated,Granny Greated
1307,4652,Edith,Carwithen,Edith Carwithen
1308,2535,Reggis,Matysik,Reggis Matysik
1309,3722,Averil,Hudd,Averil Hudd
1310,56,Hildagarde,Gault,Hildagarde Gault
1311,1606,Mose,Sarra,Mose Sarra
1312,4152,Tresa,Showers,Tresa Showers
1313,1257,Burtie,Sedger,Burtie Sedger
1314,3280,Javier,Tolman,Javier Tolman
1315,5928,Annabella,Collicott,Annabella Collicott
1316,1004,Dotty,Alman,Dotty Alman
1317,174,Ara,Anney,Ara Anney
1318,268,Katee,Bertome,Katee Bertome
1319,6139,Gabbi,Standell,Gabbi Standell
1320,1841,Nye,Sellstrom,Nye Sellstrom
1321,1037,Mordy,Foston,Mordy Foston
1322,1740,Desdemona,Haggath,Desdemona Haggath
1323,3822,Kathi,Furley,Kathi Furley
1324,2587,Uriah,Fawdrie,Uriah Fawdrie
1325,3957,Jarrad,Mouth,Jarrad Mouth
1326,2493,Terri,Dyball,Terri Dyball
1327,779,Elnar,Tittershill,Elnar Tittershill
1328,1879,Duffy,Rispen,Duffy Rispen
1329,2064,Bard,McLagan,Bard McLagan
1330,6188,Merry,Squeers,Merry Squeers
1331,1804,Lanae,Fidgin,Lanae Fidgin
1332,1293,Enid,Titterell,Enid Titterell
1333,2219,Candie,Steabler,Candie Steabler
1334,1688,Alyss,Casserley,Alyss Casserley
1335,1238,Walther,Ayerst,Walther Ayerst
1336,1411,Felisha,Jedrzejewicz,Felisha Jedrzejewicz
1337,3676,Berne,Dalglish,Berne Dalglish
1338,3678,Merry,Ventum,Merry Ventum
1339,4291,Antonino,Ciementini,Antonino Ciementini
1340,6444,Dean,Lowdeane,Dean Lowdeane
1341,4266,Gardener,Sharpus,Gardener Sharpus
1342,319,Lorita,Benton,Lorita Benton
1343,1133,Flint,Hullot,Flint Hullot
1344,2003,Nat,Mathiasen,Nat Mathiasen
1345,2131,Ericha,Beaufoy,Ericha Beaufoy
1346,6386,Stu,McCumesky,Stu McCumesky
1347,2655,Mariejeanne,Bellanger,Mariejeanne Bellanger
1348,5584,Carrie,Bottleson,Carrie Bottleson
1349,5533,Romonda,Neachell,Romonda Neachell
1350,3917,Vyky,Tremblet,Vyky Tremblet
1351,5943,Coretta,Dalyell,Coretta Dalyell
1352,6180,Bride,Beekmann,Bride Beekmann
1353,3633,Joaquin,MacGauhy,Joaquin MacGauhy
1354,2153,Ethelind,Sutor,Ethelind Sutor
1355,3662,Kylen,Llewellin,Kylen Llewellin
1356,6149,Alberto,Collop,Alberto Collop
1357,1906,Berni,Hayford,Berni Hayford
1358,1980,Marilyn,Carreyette,Marilyn Carreyette
1359,4375,Melinde,Woodroff,Melinde Woodroff
1360,1803,Nikola,McWard,Nikola McWard
1361,4256,Selina,McGurk,Selina McGurk
1362,5540,Henriette,Gillfillan,Henriette Gillfillan
1363,3223,Garrick,Babbage,Garrick Babbage
1364,2875,Darla,Sieb,Darla Sieb
1365,3070,Jenelle,Guidoni,Jenelle Guidoni
1366,5080,Cori,Youthed,Cori Youthed
1367,6144,Deerdre,Dominique,Deerdre Dominique
1368,3715,Heindrick,Sail,Heindrick Sail
1369,2730,Roselle,Scorah,Roselle Scorah
1370,6495,Merla,Crowch,Merla Crowch
1371,1134,Ediva,Cornillot,Ediva Cornillot
1372,491,Kory,Iacovozzo,Kory Iacovozzo
1373,3730,Julieta,Spykins,Julieta Spykins
1374,5466,Gunar,Sodeau,Gunar Sodeau
1375,5618,Eadmund,Petrillo,Eadmund Petrillo
1376,2702,Doe,Willoughby,Doe Willoughby
1377,3200,Trumann,Reeder,Trumann Reeder
1378,3942,Shandeigh,Storry,Shandeigh Storry
1379,5431,Lindy,Hazael,Lindy Hazael
1380,4812,Bryn,Dallaghan,Bryn Dallaghan
1381,1735,Maddie,Sarton,Maddie Sarton
1382,3537,Ede,Satterly,Ede Satterly
1383,769,Madge,Scotland,Madge Scotland
1384,3258,Alan,Smye,Alan Smye
1385,930,Carie,Cudde,Carie Cudde
1386,6063,Timothee,Rosiello,Timothee Rosiello
1387,1920,Sena,Yanez,Sena Yanez
1388,4963,Hephzibah,Burdfield,Hephzibah Burdfield
1389,5992,Revkah,Ciciura,Revkah Ciciura
1390,2341,Cristionna,Philippard,Cristionna Philippard
1391,5841,Raynard,Dabernott,Raynard Dabernott
1392,2736,Marianna,Marchington,Marianna Marchington
1393,4228,Creighton,Marsy,Creighton Marsy
1394,1682,Roxie,Dyhouse,Roxie Dyhouse
1395,2923,Giorgia,Castlake,Giorgia Castlake
1396,4514,Lesly,Perutto,Lesly Perutto
1397,2871,Marice,O'Brian,Marice O'Brian
1398,1531,Clemens,Chopping,Clemens Chopping
1399,3704,Alexei,Causey,Alexei Causey
1400,3260,Dex,Hingeley,Dex Hingeley
1401,3655,Minta,Twitchings,Minta Twitchings
1402,5704,Horten,Semble,Horten Semble
1403,588,Martita,Escalero,Martita Escalero
1404,5221,Blancha,Fotherby,Blancha Fotherby
1405,914,Wainwright,Franklyn,Wainwright Franklyn
1406,2704,Erda,McClaren,Erda McClaren
1407,2686,Taddeusz,Sheehan,Taddeusz Sheehan
1408,4732,Edlin,Corthes,Edlin Corthes
1409,3434,Emily,Karpets,Emily Karpets
1410,5793,Rosemarie,Reggler,Rosemarie Reggler
1411,2370,Selle,Bydaway,Selle Bydaway
1412,2610,Loralyn,Spillett,Loralyn Spillett
1413,1822,Michell,Piken,Michell Piken
1414,2827,Karlis,Bedinham,Karlis Bedinham
1415,5476,Shel,Gazey,Shel Gazey
1416,1974,Lexie,Toghill,Lexie Toghill
1417,5969,Antonio,Buxam,Antonio Buxam
1418,3980,Christa,Zisneros,Christa Zisneros
1419,3031,Tate,Michelotti,Tate Michelotti
1420,2717,Seka,Minchenton,Seka Minchenton
1421,3760,Evelyn,Trevithick,Evelyn Trevithick
1422,6365,Chelsea,Darington,Chelsea Darington
1423,1629,Brandice,Pyrah,Brandice Pyrah
1424,3589,Corenda,Bravey,Corenda Bravey
1425,4773,Malvin,Ajean,Malvin Ajean
1426,1176,Lem,Haughan,Lem Haughan
1427,1260,Lenci,Sevin,Lenci Sevin
1428,1266,Boigie,Thorpe,Boigie Thorpe
1429,3481,Katlin,Gosby,Katlin Gosby
1430,2552,Jeannie,McLorinan,Jeannie McLorinan
1431,2706,Fanny,Mulles,Fanny Mulles
1432,1617,Xerxes,Ozanne,Xerxes Ozanne
1433,4860,Bo,Crabb,Bo Crabb
1434,1611,Pierre,Whatley,Pierre Whatley
1435,1073,Stacie,Barrasse,Stacie Barrasse
1436,1321,Osborne,Pozzo,Osborne Pozzo
1437,4745,Luz,Brunotti,Luz Brunotti
1438,5298,Romeo,Gotter,Romeo Gotter
1439,138,Yehudit,Redmille,Yehudit Redmille
1440,6319,Milissent,Dutson,Milissent Dutson
1441,2233,Jordan,Henrionot,Jordan Henrionot
1442,5715,Beaufort,Auton,Beaufort Auton
1443,1009,Martguerita,Faust,Martguerita Faust
1444,3899,Arlie,Frigout,Arlie Frigout
1445,4927,Wells,Grier,Wells Grier
1446,5771,Bessy,Guppey,Bessy Guppey
1447,5033,Marco,Huc,Marco Huc
1448,6230,Bowie,Rosenbloom,Bowie Rosenbloom
1449,536,Olenolin,Brunel,Olenolin Brunel
1450,981,Windy,Stace,Windy Stace
1451,2769,Tim,Perryn,Tim Perryn
1452,4530,Carla,Ary,Carla Ary
1453,5570,Constantine,Seegar,Constantine Seegar
1454,5617,Siobhan,Thornton-Dewhirst,Siobhan Thornton-Dewhirst
1455,1093,Maggie,Ivchenko,Maggie Ivchenko
1456,3395,Shurwood,Keenlyside,Shurwood Keenlyside
1457,2787,Franzen,Calan,Franzen Calan
1458,5182,Eveleen,Rylands,Eveleen Rylands
1459,4262,Michel,Patrono,Michel Patrono
1460,403,Finlay,Westover,Finlay Westover
1461,5670,Joshia,Kehri,Joshia Kehri
1462,4649,Lucy,Yakunkin,Lucy Yakunkin
1463,339,Donielle,Fleet,Donielle Fleet
1464,5009,Orsa,Malshinger,Orsa Malshinger
1465,1586,Andonis,Ballam,Andonis Ballam
1466,4454,Liana,Butchart,Liana Butchart
1467,5510,Kerry,Terran,Kerry Terran
1468,803,Piotr,Carthy,Piotr Carthy
1469,2332,Evanne,Blaymires,Evanne Blaymires
1470,1694,Randi,Dunlap,Randi Dunlap
1471,4401,Caren,Sagerson,Caren Sagerson
1472,2989,Paxon,Baglow,Paxon Baglow
1473,5480,Brandea,McIlwraith,Brandea McIlwraith
1474,5749,Jamil,Ofield,Jamil Ofield
1475,5888,Melly,Marzele,Melly Marzele
1476,2193,Erskine,Bogue,Erskine Bogue
1477,6146,Joan,Densell,Joan Densell
1478,167,Juline,MacAllister,Juline MacAllister
1479,3312,Rawley,Fawcitt,Rawley Fawcitt
1480,4411,Molli,Raftery,Molli Raftery
1481,4729,Spenser,Milella,Spenser Milella
1482,641,Daniel,Playle,Daniel Playle
1483,1810,Constantin,Feldfisher,Constantin Feldfisher
1484,5135,Yank,Beetham,Yank Beetham
1485,1227,Nils,Verling,Nils Verling
1486,1503,Adore,Eltune,Adore Eltune
1487,6406,Torrie,Riep,Torrie Riep
1488,2805,Aura,Barter,Aura Barter
1489,1055,Malory,Martinello,Malory Martinello
1490,2808,Myca,Jahncke,Myca Jahncke
1491,925,Frans,Etty,Frans Etty
1492,395,Ruthann,Owbrick,Ruthann Owbrick
1493,2379,Ximenes,Nutbrown,Ximenes Nutbrown
1494,3803,Karrah,Wohler,Karrah Wohler
1495,2207,Anselm,Ciciari,Anselm Ciciari
1496,714,Andrey,Blakes,Andrey Blakes
1497,5820,Pearline,Adamovich,Pearline Adamovich
1498,5459,Alejoa,Vanderplas,Alejoa Vanderplas
1499,247,Tressa,Pickard,Tressa Pickard
1500,4144,Inez,Welband,Inez Welband
1501,1025,Eduino,Molloy,Eduino Molloy
1502,4302,Rafa,Brownsell,Rafa Brownsell
1503,3196,Dulcie,Morey,Dulcie Morey
1504,1592,Arabela,Gatenby,Arabela Gatenby
1505,3656,Brett,Craise,Brett Craise
1506,2268,Fernando,Dennes,Fernando Dennes
1507,4353,Hyacinthie,Van Ross,Hyacinthie Van Ross
1508,3380,Milly,Jacquemy,Milly Jacquemy
1509,6352,Pierrette,Handslip,Pierrette Handslip
1510,4374,Irma,Keeley,Irma Keeley
1511,1887,Emelina,Blennerhassett,Emelina Blennerhassett
1512,4104,Maura,Hanratty,Maura Hanratty
1513,875,Ailey,Postlethwaite,Ailey Postlethwaite
1514,2309,Sherie,Goodliff,Sherie Goodliff
1515,4908,Boycey,Brando,Boycey Brando
1516,2190,Phyllida,Passy,Phyllida Passy
1517,592,Vinnie,Naylor,Vinnie Naylor
1518,5809,Arni,Burling,Arni Burling
1519,6371,Phillipp,Foye,Phillipp Foye
1520,740,Godard,Barbrick,Godard Barbrick
1521,6348,Pen,Kulvear,Pen Kulvear
1522,3372,Leena,Braunthal,Leena Braunthal
1523,3178,Francyne,Pleasants,Francyne Pleasants
1524,84,Greer,Alliston,Greer Alliston
1525,659,Merell,Tomeo,Merell Tomeo
1526,2097,Cristionna,Passy,Cristionna Passy
1527,3609,Bink,Ovitz,Bink Ovitz
1528,4296,Estrellita,Cawt,Estrellita Cawt
1529,2518,Pamela,Buckner,Pamela Buckner
1530,3972,Nikolaos,Boulde,Nikolaos Boulde
1531,3004,Papagena,Corson,Papagena Corson
1532,4816,Florina,Soldner,Florina Soldner
1533,1128,Desi,O'Loinn,Desi O'Loinn
1534,4463,Merci,Fownes,Merci Fownes
1535,6359,Gale,Jelf,Gale Jelf
1536,1945,Callie,Whalebelly,Callie Whalebelly
1537,5154,Gracia,Harford,Gracia Harford
1538,793,Cory,Drage,Cory Drage
1539,6200,Dorice,Ormrod,Dorice Ormrod
1540,4281,Mandel,McGirr,Mandel McGirr
1541,6221,Thorvald,Hemphrey,Thorvald Hemphrey
1542,2616,Albrecht,Nelson,Albrecht Nelson
1543,919,Shellysheldon,Hubbart,Shellysheldon Hubbart
1544,1937,Marna,Dreye,Marna Dreye
1545,158,Jakob,Stedson,Jakob Stedson
1546,6336,Jacobo,Abrams,Jacobo Abrams
1547,2641,Eleanora,O'Duane,Eleanora O'Duane
1548,4137,Elna,McCole,Elna McCole
1549,3759,Jenica,Tremollet,Jenica Tremollet
1550,4336,Angelita,Cramond,Angelita Cramond
1551,397,Kacey,Kerkham,Kacey Kerkham
1552,4747,Dinah,Leith,Dinah Leith
1553,2852,Levy,Brewett,Levy Brewett
1554,1358,Sinclare,Cattanach,Sinclare Cattanach
1555,5778,Sela,Waring,Sela Waring
1556,1581,Freda,Eblein,Freda Eblein
1557,1087,Libbey,Wanless,Libbey Wanless
1558,3128,Manya,Sandey,Manya Sandey
1559,4502,Hugh,Gouch,Hugh Gouch
1560,3848,Cathe,Rabley,Cathe Rabley
1561,2187,Shawna,Hynard,Shawna Hynard
1562,4090,Susanne,Cornwell,Susanne Cornwell
1563,5560,Tamarra,Beare,Tamarra Beare
1564,6385,Scarlett,Shepland,Scarlett Shepland
1565,2572,Katherina,Faldo,Katherina Faldo
1566,1796,Porter,Mundford,Porter Mundford
1567,1310,Sheila-kathryn,Ferenc,Sheila-kathryn Ferenc
1568,45,Lanny,Degli Abbati,Lanny Degli Abbati
1569,3742,Cammy,McKelvie,Cammy McKelvie
1570,2624,Hulda,Amar,Hulda Amar
1571,4741,Milissent,Redit,Milissent Redit
1572,5376,Ashton,Smallcombe,Ashton Smallcombe
1573,4825,Peyter,Pealing,Peyter Pealing
1574,4636,Jobye,Duckit,Jobye Duckit
1575,1755,Aurthur,Sudddard,Aurthur Sudddard
1576,3430,Xylia,Ginni,Xylia Ginni
1577,1135,Neron,Morgans,Neron Morgans
1578,4602,Hastie,Toffanini,Hastie Toffanini
1579,2486,Luisa,Chappell,Luisa Chappell
1580,6233,Heall,Rubenov,Heall Rubenov
1581,866,Kendal,Jakolevitch,Kendal Jakolevitch
1582,2135,Caryl,Leadbetter,Caryl Leadbetter
1583,600,Ellwood,Valero,Ellwood Valero
1584,2336,Dotty,Galton,Dotty Galton
1585,5845,Wynny,Keeney,Wynny Keeney
1586,338,Julina,Boick,Julina Boick
1587,1519,Karlie,Sketh,Karlie Sketh
1588,1101,Salli,Skews,Salli Skews
1589,356,Betty,Brisseau,Betty Brisseau
1590,2208,Ludovika,Mackiewicz,Ludovika Mackiewicz
1591,5074,Nerty,Mearing,Nerty Mearing
1592,3161,Susie,Furmagier,Susie Furmagier
1593,2297,Chad,Sinclair,Chad Sinclair
1594,5588,Krissy,De Blasio,Krissy De Blasio
1595,3279,Hartwell,Lathee,Hartwell Lathee
1596,3705,Lyndsey,Carslake,Lyndsey Carslake
1597,3078,Lemmie,Georgeou,Lemmie Georgeou
1598,4191,D'arcy,Markovic,D'arcy Markovic
1599,4939,Sharline,Erasmus,Sharline Erasmus
1600,378,Lilith,Thorbon,Lilith Thorbon
1601,6022,Flss,Baldoni,Flss Baldoni
1602,2001,Ginnie,MacFaul,Ginnie MacFaul
1603,3415,Addia,Johananov,Addia Johananov
1604,6010,Hannis,Mulloch,Hannis Mulloch
1605,4687,Olympe,Reddings,Olympe Reddings
1606,5364,Catie,Aizikovitz,Catie Aizikovitz
1607,4904,Auguste,Mochar,Auguste Mochar
1608,1853,Horatia,Tame,Horatia Tame
1609,6325,Samson,Pendlington,Samson Pendlington
1610,3675,Smitty,Stoneham,Smitty Stoneham
1611,5483,Allie,McDougle,Allie McDougle
1612,3908,Roscoe,Phaup,Roscoe Phaup
1613,3091,Lloyd,Manners,Lloyd Manners
1614,2962,Jerald,Root,Jerald Root
1615,4476,Philippine,Corbin,Philippine Corbin
1616,1900,Giacobo,Emilien,Giacobo Emilien
1617,2331,Joane,Fabler,Joane Fabler
1618,6262,Kathi,McClintock,Kathi McClintock
1619,3201,Zorana,Treamayne,Zorana Treamayne
1620,6244,Raphael,Bennington,Raphael Bennington
1621,4400,Rozalin,Bolzen,Rozalin Bolzen
1622,4065,Thomasa,Alcock,Thomasa Alcock
1623,3483,Rebeca,Banbrigge,Rebeca Banbrigge
1624,4561,Julita,Roeby,Julita Roeby
1625,1018,Terza,Klain,Terza Klain
1626,5213,Blayne,Tayt,Blayne Tayt
1627,3832,Torrin,Du Plantier,Torrin Du Plantier
1628,3154,Kameko,Attwater,Kameko Attwater
1629,5645,Lita,Macauley,Lita Macauley
1630,1194,Kelly,Monnery,Kelly Monnery
1631,6053,Sven,Newbegin,Sven Newbegin
1632,4117,Othelia,Kettlestringe,Othelia Kettlestringe
1633,405,Joachim,Hannabus,Joachim Hannabus
1634,3518,Helenelizabeth,Deshon,Helenelizabeth Deshon
1635,561,Alayne,Arney,Alayne Arney
1636,1116,Lilias,Harbor,Lilias Harbor
1637,770,Thadeus,Cheatle,Thadeus Cheatle
1638,1756,Jase,Goudge,Jase Goudge
1639,1843,Sephira,Searles,Sephira Searles
1640,85,Cinda,Palmby,Cinda Palmby
1641,5735,Lewiss,Sammonds,Lewiss Sammonds
1642,1866,Elmer,Rennolds,Elmer Rennolds
1643,35,Sinclair,Codling,Sinclair Codling
1644,552,Rooney,Craigheid,Rooney Craigheid
1645,1269,Danny,Popham,Danny Popham
1646,2322,Ingeborg,Yarrington,Ingeborg Yarrington
1647,4571,Adelind,Brothers,Adelind Brothers
1648,2961,Almeda,Speake,Almeda Speake
1649,3776,Leesa,Heed,Leesa Heed
1650,3487,Archie,Denisard,Archie Denisard
1651,2212,Ezequiel,Winear,Ezequiel Winear
1652,465,Francisca,Handrek,Francisca Handrek
1653,1371,Annabelle,Noye,Annabelle Noye
1654,2474,Rik,Harrington,Rik Harrington
1655,3716,Deina,Von Welldun,Deina Von Welldun
1656,965,Trevor,Matthewes,Trevor Matthewes
1657,4789,Tiff,Wilderspoon,Tiff Wilderspoon
1658,2597,Adrian,Leyfield,Adrian Leyfield
1659,4723,Madeline,Cotte,Madeline Cotte
1660,987,Fiona,Du Hamel,Fiona Du Hamel
1661,1915,Arron,Genn,Arron Genn
1662,5657,Randee,Wrey,Randee Wrey
1663,5136,Hayley,Iban,Hayley Iban
1664,5349,Timofei,Wegman,Timofei Wegman
1665,3726,Corny,Hammond,Corny Hammond
1666,5119,Derril,Comello,Derril Comello
1667,2381,Clo,Rosbottom,Clo Rosbottom
1668,2497,Abbi,Le Blond,Abbi Le Blond
1669,467,Mannie,Esselen,Mannie Esselen
1670,6104,Rob,Dugmore,Rob Dugmore
1671,6273,Damian,Mochan,Damian Mochan
1672,4390,Adriena,Pods,Adriena Pods
1673,2604,Ollie,Heintsch,Ollie Heintsch
1674,324,Cass,Jillions,Cass Jillions
1675,6493,Frances,Rilston,Frances Rilston
1676,5967,Bea,Smallpiece,Bea Smallpiece
1677,2609,Jemimah,Crowter,Jemimah Crowter
1678,5929,Arnold,Illidge,Arnold Illidge
1679,5690,Susanne,Espada,Susanne Espada
1680,4035,Brice,Nisuis,Brice Nisuis
1681,1290,Janetta,Lippini,Janetta Lippini
1682,4522,Brietta,Smedmoor,Brietta Smedmoor
1683,4693,Kaela,Dominik,Kaela Dominik
1684,685,Freida,Hatley,Freida Hatley
1685,4529,Marcelle,Kopf,Marcelle Kopf
1686,689,Maryanna,Crummy,Maryanna Crummy
1687,1479,Erinna,McNeil,Erinna McNeil
1688,4743,Freida,Argent,Freida Argent
1689,3199,Brinna,Yarrington,Brinna Yarrington
1690,3169,Jannel,Geist,Jannel Geist
1691,260,Wait,Burfield,Wait Burfield
1692,1153,Bianca,Thwaites,Bianca Thwaites
1693,4526,Selia,Wileman,Selia Wileman
1694,3638,Ebony,Joost,Ebony Joost
1695,3043,Horten,Surgeoner,Horten Surgeoner
1696,3217,Ludwig,Kindley,Ludwig Kindley
1697,4647,Ranice,Hannaford,Ranice Hannaford
1698,2078,Lucretia,Frenchum,Lucretia Frenchum
1699,2509,Venita,Colam,Venita Colam
1700,2513,Konrad,Joreau,Konrad Joreau
1701,272,Karoly,Josephs,Karoly Josephs
1702,1621,Esdras,Kenefick,Esdras Kenefick
1703,5409,Olivia,Glowach,Olivia Glowach
1704,2263,Lydon,Tomsu,Lydon Tomsu
1705,6269,Pollyanna,Antognoni,Pollyanna Antognoni
1706,3433,Jena,Sargison,Jena Sargison
1707,1463,Rici,Clementson,Rici Clementson
1708,2676,Nicoline,Yokel,Nicoline Yokel
1709,1636,Brander,McGiven,Brander McGiven
1710,6299,Isaac,Bleazard,Isaac Bleazard
1711,353,Clint,Hugonnet,Clint Hugonnet
1712,5447,Reynard,Singh,Reynard Singh
1713,5897,Sofia,Critten,Sofia Critten
1714,503,Obadias,Divill,Obadias Divill
1715,3774,Talbot,Pre,Talbot Pre
1716,1749,Bridget,Headley,Bridget Headley
1717,3647,Leanna,MacCook,Leanna MacCook
1718,2716,Jeffie,Dobby,Jeffie Dobby
1719,3096,Ganny,Mabbutt,Ganny Mabbutt
1720,1547,Munmro,Pritchitt,Munmro Pritchitt
1721,207,Christi,Woolford,Christi Woolford
1722,194,Merilyn,Ackers,Merilyn Ackers
1723,4156,Zollie,Kelloch,Zollie Kelloch
1724,3275,Cord,Blackadder,Cord Blackadder
1725,665,Georgine,Ferenczy,Georgine Ferenczy
1726,1960,Phylis,Bachellier,Phylis Bachellier
1727,1764,Bob,Esgate,Bob Esgate
1728,5628,Avril,Filchakov,Avril Filchakov
1729,5637,Dniren,Locke,Dniren Locke
1730,4146,Carolan,Sleford,Carolan Sleford
1731,1954,Ethelred,Bracknell,Ethelred Bracknell
1732,4563,Quillan,Benfield,Quillan Benfield
1733,4459,Teodorico,Kilbourne,Teodorico Kilbourne
1734,3790,Patti,Arnall,Patti Arnall
1735,643,Willetta,Ney,Willetta Ney
1736,2317,Kathryn,Britnell,Kathryn Britnell
1737,5014,Antonietta,Brolechan,Antonietta Brolechan
1738,3019,Elbertine,Dressell,Elbertine Dressell
1739,5304,Sybille,Devlin,Sybille Devlin
1740,3242,Cornelius,Caw,Cornelius Caw
1741,2899,Janene,Leighton,Janene Leighton
1742,1136,Eberto,Gaenor,Eberto Gaenor
1743,5497,Deeyn,Janse,Deeyn Janse
1744,6332,Hermon,Lodge,Hermon Lodge
1745,2225,Elmira,Tidd,Elmira Tidd
1746,5930,Crin,Wych,Crin Wych
1747,2546,Reba,O'Hengerty,Reba O'Hengerty
1748,1435,Naoma,Dand,Naoma Dand
1749,3601,Dollie,Joost,Dollie Joost
1750,4196,Say,Truesdale,Say Truesdale
1751,5631,Ketty,Castiglione,Ketty Castiglione
1752,1426,Trever,Staines,Trever Staines
1753,4739,Kingsley,Hodgins,Kingsley Hodgins
1754,3993,Jody,Nix,Jody Nix
1755,3619,Alyson,Dockray,Alyson Dockray
1756,5057,Ave,Swadlinge,Ave Swadlinge
1757,2785,Rosalind,Birdall,Rosalind Birdall
1758,1305,Rudolf,Ruggier,Rudolf Ruggier
1759,4619,Loralie,Lyokhin,Loralie Lyokhin
1760,6369,Hastings,Dammarell,Hastings Dammarell
1761,5214,Rosabel,Orniz,Rosabel Orniz
1762,655,Neils,Baumber,Neils Baumber
1763,2659,Pebrook,Humphrey,Pebrook Humphrey
1764,5705,Kippie,Beazer,Kippie Beazer
1765,5387,Ethyl,Fielding,Ethyl Fielding
1766,2490,Lyell,Dentith,Lyell Dentith
1767,5779,Wynne,Camel,Wynne Camel
1768,2795,Bethina,Kalinke,Bethina Kalinke
1769,2541,Cedric,Pincked,Cedric Pincked
1770,450,Wainwright,Leys,Wainwright Leys
1771,3545,Paulette,Leggitt,Paulette Leggitt
1772,5440,Kaylil,Sive,Kaylil Sive
1773,6165,Cassandra,Tippetts,Cassandra Tippetts
1774,5407,Karlen,Mallia,Karlen Mallia
1775,1322,Katha,Quittonden,Katha Quittonden
1776,846,Sofie,Mabley,Sofie Mabley
1777,3119,Cole,Newbegin,Cole Newbegin
1778,5829,Linet,Antonias,Linet Antonias
1779,4055,Dolf,Drain,Dolf Drain
1780,2841,Alden,Parkman,Alden Parkman
1781,2448,Wilona,Dedham,Wilona Dedham
1782,2201,Gilbertina,Faulkes,Gilbertina Faulkes
1783,4933,Jonah,Guitonneau,Jonah Guitonneau
1784,5823,Estrella,Caddie,Estrella Caddie
1785,931,Ameline,Shafier,Ameline Shafier
1786,6062,Vernice,Glanert,Vernice Glanert
1787,1113,Kermit,Agostini,Kermit Agostini
1788,466,Terrie,Walford,Terrie Walford
1789,1332,Wallache,Stryde,Wallache Stryde
1790,3344,Evyn,Frie,Evyn Frie
1791,5432,Clayborn,Sever,Clayborn Sever
1792,5625,Letizia,Reyes,Letizia Reyes
1793,6004,Cindy,Peatt,Cindy Peatt
1794,1703,Lyman,McGurn,Lyman McGurn
1795,2934,Guy,Waters,Guy Waters
1796,4084,Conroy,Malamore,Conroy Malamore
1797,5458,Kissiah,Oehm,Kissiah Oehm
1798,4646,Roslyn,Fiddy,Roslyn Fiddy
1799,4232,Vinni,Cleghorn,Vinni Cleghorn
1800,2794,Brynne,Leatt,Brynne Leatt
1801,3080,Fania,Shurman,Fania Shurman
1802,4867,Marjie,Maciejak,Marjie Maciejak
1803,5428,Jennee,Veljes,Jennee Veljes
1804,3373,Cal,Bulstrode,Cal Bulstrode
1805,2670,Artus,Puckrin,Artus Puckrin
1806,1580,Menard,Jackett,Menard Jackett
1807,2705,Ossie,Braker,Ossie Braker
1808,2845,Wat,Joontjes,Wat Joontjes
1809,4792,Maury,Giabucci,Maury Giabucci
1810,3131,Kariotta,Fagence,Kariotta Fagence
1811,3531,Rory,Woodroffe,Rory Woodroffe
1812,6370,Batholomew,Melloy,Batholomew Melloy
1813,6395,Niels,Mackney,Niels Mackney
1814,236,Merrick,Regglar,Merrick Regglar
1815,2469,Gaylor,Batthew,Gaylor Batthew
1816,3536,Vania,Ridge,Vania Ridge
1817,5867,Marietta,Parncutt,Marietta Parncutt
1818,3591,Joelynn,Treat,Joelynn Treat
1819,3688,Demetrius,Yellowley,Demetrius Yellowley
1820,1098,Larissa,Hessing,Larissa Hessing
1821,1562,Maddie,Russo,Maddie Russo
1822,5780,Haley,Leyfield,Haley Leyfield
1823,1839,Tudor,Lippitt,Tudor Lippitt
1824,4516,Artair,Sutter,Artair Sutter
1825,1403,Crystie,McQuie,Crystie McQuie
1826,4623,Abie,Bown,Abie Bown
1827,5981,Pamela,Stiger,Pamela Stiger
1828,905,Lukas,Ganford,Lukas Ganford
1829,4364,Gottfried,Rodrigues,Gottfried Rodrigues
1830,4656,Roi,Bufton,Roi Bufton
1831,153,Aurelia,Kleinschmidt,Aurelia Kleinschmidt
1832,3660,Emlynne,Gut,Emlynne Gut
1833,6270,Tove,O'Glessane,Tove O'Glessane
1834,5556,Vinnie,Schwand,Vinnie Schwand
1835,894,Nedi,Luckcuck,Nedi Luckcuck
1836,4821,Pammi,Robelin,Pammi Robelin
1837,4066,Kaila,Carmody,Kaila Carmody
1838,5230,Lu,Francey,Lu Francey
1839,5768,Jolynn,Strutt,Jolynn Strutt
1840,5192,Jacki,Jopke,Jacki Jopke
1841,5927,Genevieve,Dalgetty,Genevieve Dalgetty
1842,595,Velvet,Ricardet,Velvet Ricardet
1843,6182,Shela,Rhoddie,Shela Rhoddie
1844,1412,Sofie,Purveys,Sofie Purveys
1845,3758,Milzie,Lawday,Milzie Lawday
1846,4340,Irene,Watford,Irene Watford
1847,6499,Curran,Hendrik,Curran Hendrik
1848,5536,Lloyd,Grinter,Lloyd Grinter
1849,4234,Sande,Willgoss,Sande Willgoss
1850,6227,Cheri,Jerrolt,Cheri Jerrolt
1851,5144,Sally,Umney,Sally Umney
1852,6264,Lindsey,Royan,Lindsey Royan
1853,2323,Cori,Minmagh,Cori Minmagh
1854,1744,Harv,Fishenden,Harv Fishenden
1855,3284,Jacqui,Coultass,Jacqui Coultass
1856,976,Winni,Heighton,Winni Heighton
1857,5653,Harry,Claige,Harry Claige
1858,2294,Bette,Twist,Bette Twist
1859,2084,Waylon,Estick,Waylon Estick
1860,1329,Melosa,Birchner,Melosa Birchner
1861,2681,Emera,Bainbridge,Emera Bainbridge
1862,5951,Leonidas,Larrat,Leonidas Larrat
1863,5199,Giffy,Cicchinelli,Giffy Cicchinelli
1864,5190,Candy,Bilbey,Candy Bilbey
1865,2727,Padgett,Mulran,Padgett Mulran
1866,1186,Tawsha,Bigham,Tawsha Bigham
1867,3936,Ronnie,Lacotte,Ronnie Lacotte
1868,5180,Modesty,Hutton,Modesty Hutton
1869,5773,Othilia,Gellately,Othilia Gellately
1870,3863,Ikey,Viger,Ikey Viger
1871,4265,Zechariah,Kindell,Zechariah Kindell
1872,4032,Gabi,Paule,Gabi Paule
1873,2560,Cornie,Vallack,Cornie Vallack
1874,2741,Siffre,Gorler,Siffre Gorler
1875,4112,Liana,Petschel,Liana Petschel
1876,4690,Sigismundo,Stoite,Sigismundo Stoite
1877,6228,Grannie,Udell,Grannie Udell
1878,4289,Lou,Berthel,Lou Berthel
1879,5360,Tedra,Dana,Tedra Dana
1880,5197,Christie,Duffy,Christie Duffy
1881,2134,Esta,Stuck,Esta Stuck
1882,396,Hetti,Leyes,Hetti Leyes
1883,4190,Kellby,Dellatorre,Kellby Dellatorre
1884,2072,Rochette,Elias,Rochette Elias
1885,4678,Brigg,Ivashov,Brigg Ivashov
1886,4698,Tod,Sedwick,Tod Sedwick
1887,5993,Audrye,Humbell,Audrye Humbell
1888,5296,Dan,Mathis,Dan Mathis
1889,6076,Linzy,Surcombe,Linzy Surcombe
1890,4833,Humberto,Folbig,Humberto Folbig
1891,2698,Ogdan,Gribbell,Ogdan Gribbell
1892,1780,Kaitlin,Streater,Kaitlin Streater
1893,2801,Yasmin,Beamson,Yasmin Beamson
1894,2816,Tally,Etty,Tally Etty
1895,1221,Hallsy,Francais,Hallsy Francais
1896,2829,Lebbie,Vanns,Lebbie Vanns
1897,2634,Randy,Beckett,Randy Beckett
1898,2731,Byrom,Caville,Byrom Caville
1899,718,Pet,Eisenberg,Pet Eisenberg
1900,932,Kenneth,McBay,Kenneth McBay
1901,2884,Riobard,Corder,Riobard Corder
1902,1909,Carmine,Jennaroy,Carmine Jennaroy
1903,1587,Cully,Scarth,Cully Scarth
1904,4615,Agneta,Whooley,Agneta Whooley
1905,2953,Germayne,Powland,Germayne Powland
1906,3110,Barret,Barlas,Barret Barlas
1907,2198,Ray,Quennell,Ray Quennell
1908,1437,Marlin,Shann,Marlin Shann
1909,316,Verge,Palethorpe,Verge Palethorpe
1910,30,Mabel,Masding,Mabel Masding
1911,4348,Nicolle,Heatlie,Nicolle Heatlie
1912,4831,Gray,Forge,Gray Forge
1913,6426,Hedvig,Fricke,Hedvig Fricke
1914,3498,Kimberli,Stoak,Kimberli Stoak
1915,4176,Caresa,Guesford,Caresa Guesford
1916,3216,Charlean,Judgkins,Charlean Judgkins
1917,2585,Cosme,Thowes,Cosme Thowes
1918,443,Regina,Brisseau,Regina Brisseau
1919,2640,Gardie,Marginson,Gardie Marginson
1920,3174,Mitchel,Renzini,Mitchel Renzini
1921,5446,Frederique,Narbett,Frederique Narbett
1922,4712,Farlie,Rennebeck,Farlie Rennebeck
1923,5858,Clark,Harcombe,Clark Harcombe
1924,3246,Bartel,Di Gregorio,Bartel Di Gregorio
1925,2253,Carleen,Depke,Carleen Depke
1926,2159,Nadia,Seers,Nadia Seers
1927,3627,Cole,German,Cole German
1928,5345,Aviva,Tourmell,Aviva Tourmell
1929,6474,Curcio,Duval,Curcio Duval
1930,756,Clea,Kenwright,Clea Kenwright
1931,5274,Kelly,Paffett,Kelly Paffett
1932,6197,Lavinie,Barkhouse,Lavinie Barkhouse
1933,4988,Jemmie,Sillitoe,Jemmie Sillitoe
1934,2115,Mylo,Bussetti,Mylo Bussetti
1935,1917,Sibyl,McWhin,Sibyl McWhin
1936,2241,Morrie,McKinlay,Morrie McKinlay
1937,1757,Bentlee,Fortesquieu,Bentlee Fortesquieu
1938,4020,Gill,Blundel,Gill Blundel
1939,3294,Kerry,Collinette,Kerry Collinette
1940,3399,Margery,Mariaud,Margery Mariaud
1941,3323,Chiquita,Creed,Chiquita Creed
1942,3204,Florie,Walch,Florie Walch
1943,1564,Renee,Abrams,Renee Abrams
1944,2363,Glen,Pallis,Glen Pallis
1945,2436,Tandi,Treadgall,Tandi Treadgall
1946,5910,Cassi,McLafferty,Cassi McLafferty
1947,640,Joe,Ambrogini,Joe Ambrogini
1948,3872,Arlyne,Orneles,Arlyne Orneles
1949,5709,Aylmer,Bruck,Aylmer Bruck
1950,365,Nolie,Leedes,Nolie Leedes
1951,4487,Noe,McGready,Noe McGready
1952,5482,Blithe,O'Boyle,Blithe O'Boyle
1953,2744,Jarvis,Chelsom,Jarvis Chelsom
1954,6026,Brita,Klousner,Brita Klousner
1955,751,Janeva,Le Prevost,Janeva Le Prevost
1956,941,Taffy,Hounsom,Taffy Hounsom
1957,5172,Levy,Keningham,Levy Keningham
1958,2163,Bartram,Hasell,Bartram Hasell
1959,2660,Mei,Hibbart,Mei Hibbart
1960,4238,Heidi,Tyndall,Heidi Tyndall
1961,5700,Florette,Hurcombe,Florette Hurcombe
1962,891,Kelwin,Lukasik,Kelwin Lukasik
1963,5848,Alleen,Dennick,Alleen Dennick
1964,4319,Jilleen,Dmitrievski,Jilleen Dmitrievski
1965,2598,Sasha,Screech,Sasha Screech
1966,4778,Nola,Szach,Nola Szach
1967,3991,Ker,Dinneges,Ker Dinneges
1968,1878,Mathias,Hargerie,Mathias Hargerie
1969,708,Sadie,Rushe,Sadie Rushe
1970,524,Darrelle,Gason,Darrelle Gason
1971,470,Frankie,Vala,Frankie Vala
1972,1644,Mora,Begbie,Mora Begbie
1973,6124,Sonnie,Ibbitt,Sonnie Ibbitt
1974,5920,Rikki,Perkis,Rikki Perkis
1975,1092,Claiborne,Irons,Claiborne Irons
1976,5561,Diannne,Cuardall,Diannne Cuardall
1977,5162,Joel,Pottie,Joel Pottie
1978,1811,Damien,Andreolli,Damien Andreolli
1979,17,Sigvard,Kelleway,Sigvard Kelleway
1980,6051,Cicily,Coche,Cicily Coche
1981,3856,Kingston,Trusse,Kingston Trusse
1982,5530,Lindie,Klehn,Lindie Klehn
1983,1049,William,Northin,William Northin
1984,5713,Krishnah,Devenish,Krishnah Devenish
1985,5212,Flinn,Tzar,Flinn Tzar
1986,4263,Arden,Janikowski,Arden Janikowski
1987,4834,Jephthah,Greenshields,Jephthah Greenshields
1988,4710,Normand,Shillinglaw,Normand Shillinglaw
1989,152,Vasily,Di Dello,Vasily Di Dello
1990,51,Darryl,Beaudry,Darryl Beaudry
1991,2713,North,Piddle,North Piddle
1992,481,Kamillah,Ottosen,Kamillah Ottosen
1993,2611,Rik,March,Rik March
1994,3042,Rosalinda,Jasper,Rosalinda Jasper
1995,4560,Adelheid,Cready,Adelheid Cready
1996,5534,Pierce,Heber,Pierce Heber
1997,1737,Lyndell,Latty,Lyndell Latty
1998,5256,Rog,Feathers,Rog Feathers
1999,750,Lacey,Stollery,Lacey Stollery
2000,2555,Elmira,Wolvey,Elmira Wolvey
2001,2869,Sylvan,Groundwater,Sylvan Groundwater
2002,1659,Cherie,Tilly,Cherie Tilly
2003,6304,Sharla,Kropp,Sharla Kropp
2004,2908,Gnni,Hebblethwaite,Gnni Hebblethwaite
2005,4391,Tynan,Hotton,Tynan Hotton
2006,4910,Trix,Hollyer,Trix Hollyer
2007,2452,Nertie,Hamer,Nertie Hamer
2008,2368,Flin,Henbury,Flin Henbury
2009,172,Valentijn,Pieche,Valentijn Pieche
2010,5720,Charita,McFaell,Charita McFaell
2011,4426,Ezechiel,Porch,Ezechiel Porch
2012,2581,Gregorius,Gostridge,Gregorius Gostridge
2013,4584,Russ,Krollmann,Russ Krollmann
2014,1657,Jocko,Esler,Jocko Esler
2015,5604,Lurette,Hanalan,Lurette Hanalan
2016,960,Whit,De Mars,Whit De Mars
2017,1210,Gordie,Hannabus,Gordie Hannabus
2018,6363,Winna,Puckey,Winna Puckey
2019,3325,Bertina,McAlees,Bertina McAlees
2020,5857,Port,Sheavills,Port Sheavills
2021,5082,Floria,Shambroke,Floria Shambroke
2022,1591,Reggi,Targe,Reggi Targe
2023,3791,Arabel,Gillmor,Arabel Gillmor
2024,3210,Cam,Di Nisco,Cam Di Nisco
2025,3229,Abeu,Stockill,Abeu Stockill
2026,5193,Torrence,Lindberg,Torrence Lindberg
2027,2803,Midge,Ullett,Midge Ullett
2028,5036,Papagena,Chalfant,Papagena Chalfant
2029,4863,Cariotta,Frenzl,Cariotta Frenzl
2030,6424,Abby,Magog,Abby Magog
2031,4705,Caesar,Corrigan,Caesar Corrigan
2032,2913,Buiron,Cess,Buiron Cess
2033,5998,Bertina,Balderson,Bertina Balderson
2034,818,Caldwell,Belfield,Caldwell Belfield
2035,5532,Dorri,Smalecombe,Dorri Smalecombe
2036,1201,Clarine,Trevithick,Clarine Trevithick
2037,400,Ardine,Dews,Ardine Dews
2038,1373,Yank,Waplinton,Yank Waplinton
2039,1683,Audrey,Malthouse,Audrey Malthouse
2040,5103,Pavlov,Mowett,Pavlov Mowett
2041,2445,Eleanor,Dufaire,Eleanor Dufaire
2042,5150,Lila,Willoughway,Lila Willoughway
2043,515,Agathe,Savell,Agathe Savell
2044,2763,Demetrius,Chown,Demetrius Chown
2045,5381,Ashlin,Ormshaw,Ashlin Ormshaw
2046,3489,Dorie,Gibbeson,Dorie Gibbeson
2047,218,Derron,Probbings,Derron Probbings
2048,3721,Marcellus,Dimitresco,Marcellus Dimitresco
2049,5157,Kienan,Lear,Kienan Lear
2050,3317,Davide,Whyberd,Davide Whyberd
2051,5151,Janelle,Carradice,Janelle Carradice
2052,3461,Ginnie,Plumbe,Ginnie Plumbe
2053,858,Tammi,Snoxall,Tammi Snoxall
2054,1971,Craig,Andersson,Craig Andersson
2055,1065,Waylan,O' Hogan,Waylan O' Hogan
2056,6155,Fabiano,McEntegart,Fabiano McEntegart
2057,4030,Shep,Shasnan,Shep Shasnan
2058,1715,Pall,Finlry,Pall Finlry
2059,147,Jacinthe,Lewzey,Jacinthe Lewzey
2060,3728,Fern,Spellard,Fern Spellard
2061,4267,Read,Tomet,Read Tomet
2062,473,Jenica,Lackington,Jenica Lackington
2063,4650,Codi,Rosling,Codi Rosling
2064,15,Rochella,Kinsey,Rochella Kinsey
2065,3401,Denys,Scarisbrick,Denys Scarisbrick
2066,3063,Grace,Vise,Grace Vise
2067,1318,Queenie,Peak,Queenie Peak
2068,5270,Sammy,Agron,Sammy Agron
2069,4312,Lauree,Jelley,Lauree Jelley
2070,2558,Obadias,Roscoe,Obadias Roscoe
2071,4446,Carmine,Comfort,Carmine Comfort
2072,3328,Brenna,Cornau,Brenna Cornau
2073,4333,Myrle,Ruckert,Myrle Ruckert
2074,3329,Giffy,Kupis,Giffy Kupis
2075,4898,Kerry,Mackett,Kerry Mackett
2076,996,Meade,Leeming,Meade Leeming
2077,4774,Elle,Lago,Elle Lago
2078,5147,Wayne,Fernely,Wayne Fernely
2079,434,Dagmar,Timbrell,Dagmar Timbrell
2080,1395,Sherye,Beidebeke,Sherye Beidebeke
2081,6364,Piper,Aylott,Piper Aylott
2082,22,Marietta,Somerbell,Marietta Somerbell
2083,5286,Corabel,Kenion,Corabel Kenion
2084,2897,Gerri,Benneyworth,Gerri Benneyworth
2085,3285,Gypsy,Reuss,Gypsy Reuss
2086,5835,Boniface,Curedale,Boniface Curedale
2087,2997,Daryn,Feifer,Daryn Feifer
2088,6435,Fredia,Petera,Fredia Petera
2089,309,Juanita,Tandey,Juanita Tandey
2090,2842,Stearne,Hastler,Stearne Hastler
2091,6308,Tuckie,Louys,Tuckie Louys
2092,4482,Coralyn,Gatsby,Coralyn Gatsby
2093,270,Bunny,Vondrak,Bunny Vondrak
2094,2137,Hillery,Pearde,Hillery Pearde
2095,6183,Margaretta,Coils,Margaretta Coils
2096,5743,Valeda,Dabnor,Valeda Dabnor
2097,348,Wain,Deveril,Wain Deveril
2098,1398,Fan,Colthard,Fan Colthard
2099,5448,Brendon,Tremayle,Brendon Tremayle
2100,5869,Tyson,Rouchy,Tyson Rouchy
2101,5399,Mariska,Brownlow,Mariska Brownlow
2102,6280,Eddie,Tunney,Eddie Tunney
2103,4588,Antoinette,Royans,Antoinette Royans
2104,4679,Clayborn,Skeech,Clayborn Skeech
2105,911,Aimil,Beevor,Aimil Beevor
2106,3613,Alastair,Cruise,Alastair Cruise
2107,3113,Barnabas,Isley,Barnabas Isley
2108,2550,Silvanus,Bourges,Silvanus Bourges
2109,5028,Murry,Mc Comb,Murry Mc Comb
2110,5054,Ninon,Purple,Ninon Purple
2111,6073,Nelly,Hinsche,Nelly Hinsche
2112,6003,Evangelin,Davidow,Evangelin Davidow
2113,4849,Adria,Odo,Adria Odo
2114,2366,Lemmy,Cannam,Lemmy Cannam
2115,4931,Nicolina,Aslen,Nicolina Aslen
2116,1390,Christean,Cremer,Christean Cremer
2117,3477,Vi,Hempel,Vi Hempel
2118,1158,Eleanor,Havard,Eleanor Havard
2119,2536,Marcie,Bessey,Marcie Bessey
2120,3862,Amalia,Vardie,Amalia Vardie
2121,2155,Alvy,Gutch,Alvy Gutch
2122,2539,Aldridge,Willmont,Aldridge Willmont
2123,3565,Elyn,Fromont,Elyn Fromont
2124,5982,Zebulon,Flaxon,Zebulon Flaxon
2125,6017,Velvet,Selly,Velvet Selly
2126,703,Bertie,Franchi,Bertie Franchi
2127,2063,Annmarie,McMillan,Annmarie McMillan
2128,5454,Ryley,McDermott-Row,Ryley McDermott-Row
2129,256,Anselma,Inkster,Anselma Inkster
2130,747,Rupert,Stowers,Rupert Stowers
2131,5487,Doug,Curds,Doug Curds
2132,5862,Gay,Bantham,Gay Bantham
2133,1094,Val,Hemphrey,Val Hemphrey
2134,6488,Fidel,Umbers,Fidel Umbers
2135,3245,Lyon,Anelay,Lyon Anelay
2136,2811,Orazio,Marjanski,Orazio Marjanski
2137,6049,Pooh,Towndrow,Pooh Towndrow
2138,6410,Vergil,Pauer,Vergil Pauer
2139,2095,Ophelie,Gameson,Ophelie Gameson
2140,2111,Obadiah,Thridgould,Obadiah Thridgould
2141,2756,Bary,Riseborough,Bary Riseborough
2142,4452,Sutton,Strelitzki,Sutton Strelitzki
2143,5267,Vaclav,Glentz,Vaclav Glentz
2144,815,Humberto,Kirtley,Humberto Kirtley
2145,4331,Carmine,Farrey,Carmine Farrey
2146,2677,Rivkah,Hazelden,Rivkah Hazelden
2147,3361,Austin,Angood,Austin Angood
2148,1490,Berny,Wyard,Berny Wyard
2149,3952,Deonne,Tolle,Deonne Tolle
2150,6214,Renard,Kleinhaus,Renard Kleinhaus
2151,786,Kirby,Marson,Kirby Marson
2152,778,Rubina,Letterick,Rubina Letterick
2153,4682,Keriann,Duprey,Keriann Duprey
2154,2565,Ches,Ilieve,Ches Ilieve
2155,341,Loni,Langcaster,Loni Langcaster
2156,1679,Bennett,Sowersby,Bennett Sowersby
2157,5853,Glynn,Mackneis,Glynn Mackneis
2158,2300,Desirae,Curteis,Desirae Curteis
2159,4343,Valentia,Prescot,Valentia Prescot
2160,5188,Roda,Vaggs,Roda Vaggs
2161,650,Suki,Fahy,Suki Fahy
2162,1286,Gerry,Tomet,Gerry Tomet
2163,5461,Mariette,Lightowlers,Mariette Lightowlers
2164,2138,Amberly,Croyden,Amberly Croyden
2165,1726,Pier,Serrell,Pier Serrell
2166,4182,Tedra,Moxon,Tedra Moxon
2167,4125,Sascha,Roby,Sascha Roby
2168,1720,Sydelle,Dimitru,Sydelle Dimitru
2169,809,Rod,Haskins,Rod Haskins
2170,238,Mic,Mutimer,Mic Mutimer
2171,1758,Montague,Ibbotson,Montague Ibbotson
2172,4405,Esther,Kinder,Esther Kinder
2173,2164,Devland,Gutridge,Devland Gutridge
2174,6153,Cherlyn,Kenworth,Cherlyn Kenworth
2175,2478,Lori,Oris,Lori Oris
2176,2400,Erick,Smitheram,Erick Smitheram
2177,4661,Natalya,Raynard,Natalya Raynard
2178,4871,Aleece,Haughton,Aleece Haughton
2179,6071,Irvin,Godding,Irvin Godding
2180,2080,Lissy,Harrow,Lissy Harrow
2181,1947,Gardner,Musgrave,Gardner Musgrave
2182,3815,Alexia,Greystock,Alexia Greystock
2183,81,Dene,Wylder,Dene Wylder
2184,235,Salvatore,Guillotin,Salvatore Guillotin
2185,2195,Buffy,Rehm,Buffy Rehm
2186,3611,Alfie,Burgoine,Alfie Burgoine
2187,4366,Saudra,Garritley,Saudra Garritley
2188,1343,Gustie,Twiggs,Gustie Twiggs
2189,4510,Kaiser,Bellhanger,Kaiser Bellhanger
2190,645,Lyndsie,Deaton,Lyndsie Deaton
2191,3843,Lesly,Kinrade,Lesly Kinrade
2192,3830,Cort,Benedek,Cort Benedek
2193,2767,Marietta,Hurling,Marietta Hurling
2194,4626,Loutitia,Toderini,Loutitia Toderini
2195,4806,Bernarr,Pooly,Bernarr Pooly
2196,6491,Rora,Covotto,Rora Covotto
2197,2041,Gerti,Rees,Gerti Rees
2198,4216,Ode,Sabine,Ode Sabine
2199,2651,Berni,Jorcke,Berni Jorcke
2200,1442,Gannie,Trobridge,Gannie Trobridge
2201,3182,Lila,Venus,Lila Venus
2202,5662,Weston,Earie,Weston Earie
2203,5030,Carilyn,Geratasch,Carilyn Geratasch
2204,3118,Merla,Leahair,Merla Leahair
2205,1278,Minnie,Jindrich,Minnie Jindrich
2206,508,Daisie,England,Daisie England
2207,4911,Illa,Aucourte,Illa Aucourte
2208,5624,Barbabra,Orpen,Barbabra Orpen
2209,775,Sidnee,Lovart,Sidnee Lovart
2210,1249,Angeline,Le Gall,Angeline Le Gall
2211,4111,Ancell,Durtnall,Ancell Durtnall
2212,4573,Adham,Wager,Adham Wager
2213,3689,Kennedy,Curnok,Kennedy Curnok
2214,4338,Roseanna,Byram,Roseanna Byram
2215,753,Aubine,Doggett,Aubine Doggett
2216,3590,Pearce,Spittles,Pearce Spittles
2217,4808,Valenka,Richin,Valenka Richin
2218,36,Egan,Robardey,Egan Robardey
2219,6492,Gussi,O'Meara,Gussi O'Meara
2220,5479,Seymour,Sylvester,Seymour Sylvester
2221,2315,Kaitlyn,Drought,Kaitlyn Drought
2222,5652,Orsa,Noe,Orsa Noe
2223,711,Shelden,List,Shelden List
2224,5273,Clevey,Poytheras,Clevey Poytheras
2225,2773,Enrico,Gealy,Enrico Gealy
2226,4429,Jackelyn,Vauls,Jackelyn Vauls
2227,2834,Frankie,Marham,Frankie Marham
2228,3233,Noach,Chave,Noach Chave
2229,3376,Briggs,Enden,Briggs Enden
2230,3525,Cori,Cuthbert,Cori Cuthbert
2231,4572,Candra,Hazle,Candra Hazle
2232,5235,Clevey,Rubinowitz,Clevey Rubinowitz
2233,6275,Kerstin,Lathy,Kerstin Lathy
2234,2631,Rolland,Casserly,Rolland Casserly
2235,1103,Katharina,Pashan,Katharina Pashan
2236,3514,Marlene,Mallalieu,Marlene Mallalieu
2237,3015,Averil,Fardo,Averil Fardo
2238,5252,Sarene,Rockliffe,Sarene Rockliffe
2239,426,Lotti,Maciunas,Lotti Maciunas
2240,5794,Glory,Brass,Glory Brass
2241,5736,Pearl,Stobbes,Pearl Stobbes
2242,951,Justus,Mattes,Justus Mattes
2243,3001,Callie,Cockerill,Callie Cockerill
2244,5646,Jaime,McHaffy,Jaime McHaffy
2245,1118,Zollie,Schwier,Zollie Schwier
2246,3883,Bernete,Pakes,Bernete Pakes
2247,3671,Rolland,Kitchen,Rolland Kitchen
2248,824,Thane,Earlam,Thane Earlam
2249,1556,Ira,MacCawley,Ira MacCawley
2250,5295,Ginnie,Cadwallader,Ginnie Cadwallader
2251,1730,Vanda,Esposita,Vanda Esposita
2252,1456,Pepe,Markwell,Pepe Markwell
2253,5068,Britney,Lomasney,Britney Lomasney
2254,5050,Charita,Allworthy,Charita Allworthy
2255,5350,Ana,Schuster,Ana Schuster
2256,1167,Brigitta,Ludman,Brigitta Ludman
2257,5292,Gerik,Ingall,Gerik Ingall
2258,5600,Melisenda,Schubart,Melisenda Schubart
2259,4964,Laure,Mably,Laure Mably
2260,4329,Aluin,Rispen,Aluin Rispen
2261,1237,Greggory,Escott,Greggory Escott
2262,5226,Theressa,Pountain,Theressa Pountain
2263,3247,Rafaello,Everingham,Rafaello Everingham
2264,233,Bobbye,Downton,Bobbye Downton
2265,263,Donny,Sexcey,Donny Sexcey
2266,5137,Tobi,Baxster,Tobi Baxster
2267,3568,Martainn,Dobbing,Martainn Dobbing
2268,75,Angelika,Dominici,Angelika Dominici
2269,4780,Dynah,Bothen,Dynah Bothen
2270,2747,Kermit,Nast,Kermit Nast
2271,52,Xena,Stobart,Xena Stobart
2272,3987,Denny,Stilgoe,Denny Stilgoe
2273,5776,Catlin,MacGiolla,Catlin MacGiolla
2274,453,Joann,Karpeev,Joann Karpeev
2275,5950,Raul,Hedin,Raul Hedin
2276,2175,Aeriela,Mollison,Aeriela Mollison
2277,1660,Hedvige,Volkers,Hedvige Volkers
2278,63,Allyn,Dog,Allyn Dog
2279,1729,Cullie,Bottrell,Cullie Bottrell
2280,4838,Paule,MacAlroy,Paule MacAlroy
2281,2759,Clair,Saban,Clair Saban
2282,4551,Jone,Perico,Jone Perico
2283,3429,Albertine,Liversidge,Albertine Liversidge
2284,3479,Amata,MacGorman,Amata MacGorman
2285,1277,Klaus,Wasylkiewicz,Klaus Wasylkiewicz
2286,2327,Erhard,Adamsson,Erhard Adamsson
2287,825,Margit,Bamfield,Margit Bamfield
2288,1801,Carolyn,Stolz,Carolyn Stolz
2289,3670,Trude,Garatty,Trude Garatty
2290,890,Erastus,Osipenko,Erastus Osipenko
2291,5488,Taber,Wilder,Taber Wilder
2292,4009,Shelba,Hamelyn,Shelba Hamelyn
2293,2288,Northrop,Scallan,Northrop Scallan
2294,3654,Vernor,Brokenbrow,Vernor Brokenbrow
2295,2016,Marcie,Gabe,Marcie Gabe
2296,5417,Margaretha,Olver,Margaretha Olver
2297,3810,Audi,Tousy,Audi Tousy
2298,399,Jilly,Dartan,Jilly Dartan
2299,129,Bellina,Gaiger,Bellina Gaiger
2300,3930,Deena,Reyna,Deena Reyna
2301,554,Clarice,Trobey,Clarice Trobey
2302,6260,Felicle,Storey,Felicle Storey
2303,2802,Eal,McCluney,Eal McCluney
2304,4641,Caterina,Outlaw,Caterina Outlaw
2305,1701,Seana,Paynton,Seana Paynton
2306,5885,Briggs,Pailin,Briggs Pailin
2307,409,Rickie,Clissell,Rickie Clissell
2308,5320,Mellie,Tales,Mellie Tales
2309,485,Beatrisa,Altamirano,Beatrisa Altamirano
2310,4811,Sherry,Mullarkey,Sherry Mullarkey
2311,1603,Tomasine,Giampietro,Tomasine Giampietro
2312,2859,Riobard,Crus,Riobard Crus
2313,4523,Mariska,Karpeev,Mariska Karpeev
2314,2179,Lief,Pretsell,Lief Pretsell
2315,3086,Jonis,McAlroy,Jonis McAlroy
2316,1786,Esmeralda,Ivey,Esmeralda Ivey
2317,5111,Eldredge,Kinahan,Eldredge Kinahan
2318,1618,Filmer,Tombling,Filmer Tombling
2319,488,Cory,Pendergrast,Cory Pendergrast
2320,419,Wolfie,Dorrins,Wolfie Dorrins
2321,5397,Amandy,Sheircliffe,Amandy Sheircliffe
2322,5931,Harriette,Davidwitz,Harriette Davidwitz
2323,4505,Rem,Compfort,Rem Compfort
2324,4528,Alvy,Fishpool,Alvy Fishpool
2325,4470,Joellyn,Queste,Joellyn Queste
2326,4408,Holt,Lehon,Holt Lehon
2327,4393,Griffith,Brouard,Griffith Brouard
2328,6296,Maryanna,Greest,Maryanna Greest
2329,3296,Nanci,Klaaassen,Nanci Klaaassen
2330,2434,Clara,Grinnikov,Clara Grinnikov
2331,3833,Farrel,MacGinley,Farrel MacGinley
2332,2214,Merrile,Bortoloni,Merrile Bortoloni
2333,5373,Kendrick,Coggins,Kendrick Coggins
2334,4198,Ethelyn,Dils,Ethelyn Dils
2335,2503,Trenna,Peoples,Trenna Peoples
2336,2762,Isahella,Sealand,Isahella Sealand
2337,5900,Ciel,Forge,Ciel Forge
2338,86,Sada,Garden,Sada Garden
2339,3599,Agustin,Lumby,Agustin Lumby
2340,3902,Debor,Clerke,Debor Clerke
2341,1080,Norah,Duchart,Norah Duchart
2342,3076,Luce,Rainey,Luce Rainey
2343,3981,Luciano,Dicey,Luciano Dicey
2344,1790,Leonie,Blasoni,Leonie Blasoni
2345,5734,Christophe,Essam,Christophe Essam
2346,2689,Inessa,Vinter,Inessa Vinter
2347,6417,Jere,Neilus,Jere Neilus
2348,5425,Anna-diane,Frosch,Anna-diane Frosch
2349,1868,Donny,Penkman,Donny Penkman
2350,2517,De,MacTeague,De MacTeague
2351,4029,Caren,Ibarra,Caren Ibarra
2352,3901,Denna,Carrane,Denna Carrane
2353,1946,Gwyneth,Hewins,Gwyneth Hewins
2354,1575,Galen,Sauvain,Galen Sauvain
2355,5490,Maryjane,Liggens,Maryjane Liggens
2356,1680,Amitie,Goney,Amitie Goney
2357,6392,Caye,Wooton,Caye Wooton
2358,5269,Pippo,Ferriday,Pippo Ferriday
2359,6079,Flor,Axston,Flor Axston
2360,4959,Alfons,Thripp,Alfons Thripp
2361,4442,Jasmin,Bayley,Jasmin Bayley
2362,6198,Cynthea,Merman,Cynthea Merman
2363,5501,Lind,Sheerman,Lind Sheerman
2364,1462,Danny,Eichmann,Danny Eichmann
2365,300,Gertrudis,Kleynen,Gertrudis Kleynen
2366,3134,Rodie,Roy,Rodie Roy
2367,5698,Letitia,Houndson,Letitia Houndson
2368,3135,Wye,Stephens,Wye Stephens
2369,2109,Silvio,Joris,Silvio Joris
2370,2948,Kellyann,Liddicoat,Kellyann Liddicoat
2371,4483,Lane,Jobbings,Lane Jobbings
2372,4326,Julienne,Macbane,Julienne Macbane
2373,3445,Selig,Faiers,Selig Faiers
2374,2325,Natividad,Gligorijevic,Natividad Gligorijevic
2375,1289,Harland,Longbottom,Harland Longbottom
2376,2342,Adelaide,McLorinan,Adelaide McLorinan
2377,1888,Kari,Ceschini,Kari Ceschini
2378,5675,Tally,Ansett,Tally Ansett
2379,4691,Letizia,Moxson,Letizia Moxson
2380,4086,Troy,Harbertson,Troy Harbertson
2381,3796,Jone,Dureden,Jone Dureden
2382,3624,Caralie,Crewther,Caralie Crewther
2383,1399,Giavani,Blaiklock,Giavani Blaiklock
2384,1389,Elwood,Fick,Elwood Fick
2385,1633,Elli,Kitteridge,Elli Kitteridge
2386,3120,Trey,Bailles,Trey Bailles
2387,4305,Siusan,Garbett,Siusan Garbett
2388,5683,Whitby,Tankus,Whitby Tankus
2389,5012,Veriee,Izkovici,Veriee Izkovici
2390,4211,Mara,Babar,Mara Babar
2391,792,Ralph,Byass,Ralph Byass
2392,2872,Carmita,Fairfull,Carmita Fairfull
2393,3808,Zebedee,Reisin,Zebedee Reisin
2394,2826,Silvio,Damato,Silvio Damato
2395,1995,Cleavland,Le Brun,Cleavland Le Brun
2396,2839,Jazmin,Ranstead,Jazmin Ranstead
2397,752,Whittaker,Parkisson,Whittaker Parkisson
2398,184,Allx,Duignan,Allx Duignan
2399,2247,Trenna,Gillford,Trenna Gillford
2400,3060,Kara,Kelway,Kara Kelway
2401,251,Kerwin,Cockerton,Kerwin Cockerton
2402,5247,Julietta,Gresch,Julietta Gresch
2403,5833,Nancy,Dickerline,Nancy Dickerline
2404,5977,Adelle,Dorwood,Adelle Dorwood
2405,2557,Kelsey,Cockshutt,Kelsey Cockshutt
2406,4059,Tiff,Eastmead,Tiff Eastmead
2407,6286,Dorolice,Auguste,Dorolice Auguste
2408,386,Fayette,Leechman,Fayette Leechman
2409,3496,Marcelo,Petto,Marcelo Petto
2410,5091,Ragnar,Baglan,Ragnar Baglan
2411,3940,Luca,Marjoram,Luca Marjoram
2412,1978,Egbert,Sked,Egbert Sked
2413,2238,Carl,Victory,Carl Victory
2414,3535,Titos,Kill,Titos Kill
2415,6234,Hastings,Kneeland,Hastings Kneeland
2416,468,Sheelagh,Stiffell,Sheelagh Stiffell
2417,2002,Gaile,Dumberrill,Gaile Dumberrill
2418,3829,Patience,Boake,Patience Boake
2419,328,Brewster,Ledford,Brewster Ledford
2420,1944,Albertine,Axe,Albertine Axe
2421,3382,Sarene,Messager,Sarene Messager
2422,5403,Karilynn,Golightly,Karilynn Golightly
2423,961,Allix,Oller,Allix Oller
2424,4837,Werner,Shipperbottom,Werner Shipperbottom
2425,2310,Ginevra,Castel,Ginevra Castel
2426,5914,Christian,Giddons,Christian Giddons
2427,5436,Lucine,Camelin,Lucine Camelin
2428,4868,Briney,Hylton,Briney Hylton
2429,1067,Camellia,Kestell,Camellia Kestell
2430,5475,Halimeda,Ahlf,Halimeda Ahlf
2431,2440,Gerik,Libbis,Gerik Libbis
2432,859,Tobe,Longworthy,Tobe Longworthy
2433,4021,Abramo,Smewing,Abramo Smewing
2434,3861,Augusto,Pitcock,Augusto Pitcock
2435,526,Curtis,Hilbourne,Curtis Hilbourne
2436,541,La verne,Sheavills,La verne Sheavills
2437,2040,Natty,Durrington,Natty Durrington
2438,3737,Mildred,Skillicorn,Mildred Skillicorn
2439,2775,Jacquie,Piggott,Jacquie Piggott
2440,644,Sawyer,Abele,Sawyer Abele
2441,3424,Dee,Hartington,Dee Hartington
2442,1893,Garner,Jezard,Garner Jezard
2443,6184,Matthus,Priestner,Matthus Priestner
2444,5798,Pren,Dyte,Pren Dyte
2445,3838,Elia,Axby,Elia Axby
2446,5019,Randal,Malden,Randal Malden
2447,6024,Carmela,Langrick,Carmela Langrick
2448,5731,Zaria,Morpeth,Zaria Morpeth
2449,1452,Julietta,Vigus,Julietta Vigus
2450,6193,Luke,Life,Luke Life
2451,2687,Irvin,Inge,Irvin Inge
2452,4728,Aggi,Gotliffe,Aggi Gotliffe
2453,1665,Cindie,Diche,Cindie Diche
2454,3254,Selle,Balasin,Selle Balasin
2455,1738,Filide,Witherby,Filide Witherby
2456,2941,Elva,Revington,Elva Revington
2457,1012,Rabi,Seeviour,Rabi Seeviour
2458,4277,Moselle,Cossins,Moselle Cossins
2459,5655,Kara-lynn,Hillum,Kara-lynn Hillum
2460,4433,Bertram,Vlasin,Bertram Vlasin
2461,4167,Veriee,Corkett,Veriee Corkett
2462,6055,Edik,McMurdo,Edik McMurdo
2463,686,Reggie,Fessler,Reggie Fessler
2464,1864,Dru,Ounsworth,Dru Ounsworth
2465,4295,Ario,Pye,Ario Pye
2466,311,Nappie,Billison,Nappie Billison
2467,2054,Odetta,Tireman,Odetta Tireman
2468,5145,Robbyn,Stribbling,Robbyn Stribbling
2469,3570,Evanne,Casale,Evanne Casale
2470,2516,Franky,Tracey,Franky Tracey
2471,455,Kermie,Avrahm,Kermie Avrahm
2472,5663,Melvin,Upward,Melvin Upward
2473,5619,Tannie,Enrdigo,Tannie Enrdigo
2474,1090,Brantley,Pottes,Brantley Pottes
2475,1781,Christian,Larmour,Christian Larmour
2476,253,Kenton,Corrington,Kenton Corrington
2477,4820,Anne,Staunton,Anne Staunton
2478,1215,Crysta,MacConchie,Crysta MacConchie
2479,6311,Amitie,McGrae,Amitie McGrae
2480,658,Sibella,Limeburn,Sibella Limeburn
2481,1250,Tyrone,Rennebeck,Tyrone Rennebeck
2482,1376,Eydie,Pyford,Eydie Pyford
2483,1525,Enos,Oselton,Enos Oselton
2484,2025,Dannie,Burnet,Dannie Burnet
2485,5607,Phillis,Gunny,Phillis Gunny
2486,208,Kira,Valerius,Kira Valerius
2487,2423,Lucia,Garvin,Lucia Garvin
2488,3099,Damon,Bawles,Damon Bawles
2489,4203,Demetria,Hauger,Demetria Hauger
2490,1914,Corilla,Yokel,Corilla Yokel
2491,5994,Beatriz,Catenot,Beatriz Catenot
2492,3286,Zachary,Sharpous,Zachary Sharpous
2493,4081,Kelley,Quince,Kelley Quince
2494,1261,Rici,Dikles,Rici Dikles
2495,5585,Gasper,Sketcher,Gasper Sketcher
2496,6440,Kerk,Pellamonuten,Kerk Pellamonuten
2497,4504,Gabriele,Vondrach,Gabriele Vondrach
2498,510,Gennifer,Wolters,Gennifer Wolters
2499,1536,Joellen,Gyde,Joellen Gyde
2500,5330,Gisele,Tremain,Gisele Tremain
2501,203,Brandice,Bunney,Brandice Bunney
2502,5609,Randolf,d'Escoffier,Randolf d'Escoffier
2503,5986,Lydon,Fairall,Lydon Fairall
2504,2573,Julianne,Quennell,Julianne Quennell
2505,4395,Cece,Stangroom,Cece Stangroom
2506,5940,Kalina,Phidgin,Kalina Phidgin
2507,432,Klemens,Stroton,Klemens Stroton
2508,5548,Gay,Drydale,Gay Drydale
2509,1958,Heddie,Le Grove,Heddie Le Grove
2510,1918,Lucinda,Colleran,Lucinda Colleran
2511,1034,Anabelle,Hember,Anabelle Hember
2512,2530,Toiboid,Boncoeur,Toiboid Boncoeur
2513,6061,Roxie,Hawford,Roxie Hawford
2514,3289,Rose,Melsom,Rose Melsom
2515,6041,Raven,Hardy-Piggin,Raven Hardy-Piggin
2516,6291,Murray,Annett,Murray Annett
2517,4050,Jonell,Aylett,Jonell Aylett
2518,5026,Sigfrid,Billings,Sigfrid Billings
2519,4565,Durant,Bedo,Durant Bedo
2520,4124,Clovis,Bowbrick,Clovis Bowbrick
2521,3768,Rasia,Janson,Rasia Janson
2522,2814,Kipper,Denniss,Kipper Denniss
2523,215,Thacher,Allsep,Thacher Allsep
2524,1595,Tammara,Martine,Tammara Martine
2525,2037,Addie,Vigne,Addie Vigne
2526,1529,Wynn,Lawford,Wynn Lawford
2527,3192,Timothy,O'Lyhane,Timothy O'Lyhane
2528,476,Ava,Allcott,Ava Allcott
2529,1522,Avis,Fullbrook,Avis Fullbrook
2530,2666,Dulcy,MacEnelly,Dulcy MacEnelly
2531,4208,Falito,Wrigglesworth,Falito Wrigglesworth
2532,5733,Jenifer,Blanch,Jenifer Blanch
2533,3419,Witty,Creavan,Witty Creavan
2534,5902,Kirbie,Widdowfield,Kirbie Widdowfield
2535,4532,Robin,Grinikhinov,Robin Grinikhinov
2536,2356,Dale,Haugen,Dale Haugen
2537,4749,Davie,Autrie,Davie Autrie
2538,5006,Andrey,Vella,Andrey Vella
2539,5060,Tammara,Cramer,Tammara Cramer
2540,5722,Ara,Cardwell,Ara Cardwell
2541,3914,Garik,Poytres,Garik Poytres
2542,4110,Ignatius,Murrow,Ignatius Murrow
2543,4791,Allard,Hulk,Allard Hulk
2544,1282,Albertine,MacPaden,Albertine MacPaden
2545,4866,Danette,Bontine,Danette Bontine
2546,5391,Karel,Faireclough,Karel Faireclough
2547,2774,Lilllie,Halwell,Lilllie Halwell
2548,4535,Veronika,Cosgry,Veronika Cosgry
2549,5742,Seward,Truin,Seward Truin
2550,5546,Nomi,MacGown,Nomi MacGown
2551,4210,Maible,Simnel,Maible Simnel
2552,2407,Regine,Hullins,Regine Hullins
2553,1641,Aylmar,Cecere,Aylmar Cecere
2554,5410,Rora,Nolan,Rora Nolan
2555,4100,Beryl,Heiss,Beryl Heiss
2556,835,Ly,Dendon,Ly Dendon
2557,5131,Morgun,Casson,Morgun Casson
2558,4187,Shelby,Jeaves,Shelby Jeaves
2559,1232,Dru,Pinnock,Dru Pinnock
2560,1891,Pegeen,Shillabear,Pegeen Shillabear
2561,3354,Laverna,Cappel,Laverna Cappel
2562,791,Jeannette,Jessope,Jeannette Jessope
2563,5789,Humphrey,Methingam,Humphrey Methingam
2564,6302,Derk,Charleston,Derk Charleston
2565,1791,Livvy,Diamond,Livvy Diamond
2566,5047,Annmarie,McEniry,Annmarie McEniry
2567,1253,Biddie,Kinnen,Biddie Kinnen
2568,6438,Quintina,Pollak,Quintina Pollak
2569,5124,Paxon,Fuente,Paxon Fuente
2570,984,Tonnie,Parrett,Tonnie Parrett
2571,5886,Briney,Andress,Briney Andress
2572,414,Ibbie,Agdahl,Ibbie Agdahl
2573,725,Bella,Spur,Bella Spur
2574,4701,Ralph,Jovasevic,Ralph Jovasevic
2575,2537,Haslett,Klimushev,Haslett Klimushev
2576,2094,Rianon,MacTrustam,Rianon MacTrustam
2577,5312,Rolland,Mathwin,Rolland Mathwin
2578,4478,Deb,Petrushkevich,Deb Petrushkevich
2579,3895,Alvinia,Goodram,Alvinia Goodram
2580,5102,Vilma,Poulett,Vilma Poulett
2581,5936,Bernarr,Strahan,Bernarr Strahan
2582,2825,Andrus,Killwick,Andrus Killwick
2583,5004,Pammie,Boncore,Pammie Boncore
2584,744,Brock,Ubank,Brock Ubank
2585,6006,Adelbert,McNish,Adelbert McNish
2586,482,Bruce,Gobbet,Bruce Gobbet
2587,2105,Christian,Bracknall,Christian Bracknall
2588,1774,Carley,Ebunoluwa,Carley Ebunoluwa
2589,2630,Tonnie,Turk,Tonnie Turk
2590,2708,Renaldo,Kissack,Renaldo Kissack
2591,3440,Michele,Chiles,Michele Chiles
2592,5868,Dieter,Lachaize,Dieter Lachaize
2593,4714,Ara,Thirlwall,Ara Thirlwall
2594,3661,Mommy,Newall,Mommy Newall
2595,298,Luisa,Ivashkov,Luisa Ivashkov
2596,12,Ferd,Sillett,Ferd Sillett
2597,3801,Briney,MacLice,Briney MacLice
2598,975,Sarita,Rosenshine,Sarita Rosenshine
2599,2880,Bartholomeus,Calfe,Bartholomeus Calfe
2600,433,Sile,Mignot,Sile Mignot
2601,733,Dehlia,Dabbes,Dehlia Dabbes
2602,4757,Enrika,Surridge,Enrika Surridge
2603,6452,Annadiana,Kneath,Annadiana Kneath
2604,994,Dona,Ailward,Dona Ailward
2605,812,Gerianna,Martini,Gerianna Martini
2606,3267,Sergent,Morrall,Sergent Morrall
2607,573,Roseanna,Gosforth,Roseanna Gosforth
2608,5528,Brunhilda,Pellman,Brunhilda Pellman
2609,4824,Myer,Codner,Myer Codner
2610,2049,Daphene,Cometson,Daphene Cometson
2611,3814,Maisey,Bellenie,Maisey Bellenie
2612,6315,Allx,Braksper,Allx Braksper
2613,4078,Shanan,Speke,Shanan Speke
2614,3977,Kathie,Blodget,Kathie Blodget
2615,5264,Judith,Wareing,Judith Wareing
2616,3322,Dedie,Blackledge,Dedie Blackledge
2617,5565,Fraser,Finlason,Fraser Finlason
2618,2408,Ellen,Simka,Ellen Simka
2619,3383,Annecorinne,Prickett,Annecorinne Prickett
2620,2076,Guido,Standbrook,Guido Standbrook
2621,2311,Rora,Yeats,Rora Yeats
2622,6483,Gloria,Yitzhakof,Gloria Yitzhakof
2623,2140,Petrina,Demongeot,Petrina Demongeot
2624,6216,Carolyne,Bottelstone,Carolyne Bottelstone
2625,2046,Amalee,Drage,Amalee Drage
2626,3783,Consuelo,Klejna,Consuelo Klejna
2627,4435,Bellanca,Harrowsmith,Bellanca Harrowsmith
2628,3397,Dean,Birch,Dean Birch
2629,2618,Adina,Leason,Adina Leason
2630,3975,Novelia,Mahedy,Novelia Mahedy
2631,2507,Nickie,Cowthard,Nickie Cowthard
2632,2329,Phelia,Evison,Phelia Evison
2633,2999,Federico,Dailly,Federico Dailly
2634,3117,Pandora,Wilkie,Pandora Wilkie
2635,441,Brittani,Bryant,Brittani Bryant
2636,3703,Angus,Rawlins,Angus Rawlins
2637,5422,Prince,Haggett,Prince Haggett
2638,3308,Eduino,Daugherty,Eduino Daugherty
2639,1717,Chelsey,Faulds,Chelsey Faulds
2640,3277,Kristal,Tibbles,Kristal Tibbles
2641,4367,Rebecka,Haylock,Rebecka Haylock
2642,6111,Ben,Braundt,Ben Braundt
2643,464,Angus,Leall,Angus Leall
2644,5354,Geoff,Gurden,Geoff Gurden
2645,2197,Lizette,Guillond,Lizette Guillond
2646,6102,Charlena,Childs,Charlena Childs
2647,2754,Cherice,Hickisson,Cherice Hickisson
2648,2296,Vasily,Stobbe,Vasily Stobbe
2649,4580,Oates,Boxill,Oates Boxill
2650,3304,Roderich,Bande,Roderich Bande
2651,2008,Winny,Moran,Winny Moran
2652,5785,Richmound,Insko,Richmound Insko
2653,971,Gabriele,Dunmore,Gabriele Dunmore
2654,5878,Hamil,Faulconer,Hamil Faulconer
2655,2418,Shirlee,Cicchetto,Shirlee Cicchetto
2656,5077,Atlanta,Sudran,Atlanta Sudran
2657,4223,Bettye,Hagyard,Bettye Hagyard
2658,584,Henderson,Tribe,Henderson Tribe
2659,3034,Julian,Briston,Julian Briston
2660,2593,Zandra,Ansteys,Zandra Ansteys
2661,2996,Felice,Privost,Felice Privost
2662,918,Hillie,Guilliatt,Hillie Guilliatt
2663,2525,Mathian,Durham,Mathian Durham
2664,6213,Lyn,Bahl,Lyn Bahl
2665,2838,Mordecai,Gosnay,Mordecai Gosnay
2666,1631,Vikki,Yarmouth,Vikki Yarmouth
2667,834,Salem,Nardrup,Salem Nardrup
2668,2685,Hayward,Slowgrave,Hayward Slowgrave
2669,5783,Shaine,Beldam,Shaine Beldam
2670,1247,Gottfried,Itzhaki,Gottfried Itzhaki
2671,5336,Rea,Revie,Rea Revie
2672,1658,Verney,Bainbrigge,Verney Bainbrigge
2673,5792,Jeffy,Hulburd,Jeffy Hulburd
2674,5799,Brenna,Enderle,Brenna Enderle
2675,1200,Atlanta,MacCurlye,Atlanta MacCurlye
2676,6279,Alair,Barnwille,Alair Barnwille
2677,1171,Jereme,Titcombe,Jereme Titcombe
2678,436,Mela,Bankhurst,Mela Bankhurst
2679,3635,Lila,Chaulk,Lila Chaulk
2680,2995,Yasmin,Botte,Yasmin Botte
2681,2584,Evvie,Huskinson,Evvie Huskinson
2682,3435,Jamie,Seefus,Jamie Seefus
2683,6379,Theodora,Saxby,Theodora Saxby
2684,3059,Cornell,Weedon,Cornell Weedon
2685,5681,Melvyn,Radden,Melvyn Radden
2686,2031,Kingsley,Beare,Kingsley Beare
2687,390,Trey,Ferrers,Trey Ferrers
2688,647,Bordie,Barabich,Bordie Barabich
2689,2648,Chaddy,Faragher,Chaddy Faragher
2690,970,Berrie,Heatherington,Berrie Heatherington
2691,1765,Rocky,Hartnell,Rocky Hartnell
2692,3207,Maiga,Melhuish,Maiga Melhuish
2693,2946,Glyn,Borland,Glyn Borland
2694,4339,Leena,Harling,Leena Harling
2695,3172,Alistair,Siemens,Alistair Siemens
2696,4001,Earlie,Mellsop,Earlie Mellsop
2697,3347,Brinn,Spain,Brinn Spain
2698,3712,Brynna,Vecard,Brynna Vecard
2699,5630,Cesar,Newe,Cesar Newe
2700,2118,Eadie,Hinchcliffe,Eadie Hinchcliffe
2701,958,Freddie,Inston,Freddie Inston
2702,1984,Clayborne,Burdon,Clayborne Burdon
2703,2020,Daffi,Creane,Daffi Creane
2704,6403,Tiebout,Aaronsohn,Tiebout Aaronsohn
2705,2380,Fiona,Starrs,Fiona Starrs
2706,1766,Ermengarde,Moen,Ermengarde Moen
2707,1721,Alys,Jirka,Alys Jirka
2708,3543,Aron,Carwithan,Aron Carwithan
2709,616,Sari,Heinsh,Sari Heinsh
2710,3985,Geno,Vittori,Geno Vittori
2711,4237,Ferguson,Osment,Ferguson Osment
2712,4461,Jodi,Castelin,Jodi Castelin
2713,4524,Timothee,Danilov,Timothee Danilov
2714,2259,Jacklin,Phil,Jacklin Phil
2715,1273,Sadella,Denyagin,Sadella Denyagin
2716,2021,Honey,Metzel,Honey Metzel
2717,5366,Annalise,Weighell,Annalise Weighell
2718,2927,Jamesy,Filipic,Jamesy Filipic
2719,4507,Maximo,Andriuzzi,Maximo Andriuzzi
2720,6338,Antonella,Rowthorn,Antonella Rowthorn
2721,2239,Aland,Ranyard,Aland Ranyard
2722,3524,Errol,Stephen,Errol Stephen
2723,4031,Pauly,Heatlie,Pauly Heatlie
2724,6125,Luther,Inker,Luther Inker
2725,2006,Peadar,Byrth,Peadar Byrth
2726,349,Hugibert,Giovanitti,Hugibert Giovanitti
2727,5753,Jaquith,Korf,Jaquith Korf
2728,3396,Etan,Ebsworth,Etan Ebsworth
2729,633,Jarvis,Stockle,Jarvis Stockle
2730,3503,Gerti,Vlahos,Gerti Vlahos
2731,2886,Flemming,Cuncliffe,Flemming Cuncliffe
2732,1870,Davide,Coutts,Davide Coutts
2733,4845,Donnamarie,Salter,Donnamarie Salter
2734,5265,Patty,Klemmt,Patty Klemmt
2735,6347,Renaldo,Redford,Renaldo Redford
2736,6293,Letta,Rolinson,Letta Rolinson
2737,2350,Bobinette,Spittall,Bobinette Spittall
2738,2692,Jami,Birtwisle,Jami Birtwisle
2739,4070,Lilla,Cobbled,Lilla Cobbled
2740,4000,Alexia,Curedale,Alexia Curedale
2741,1418,Mirabelle,Lowdiane,Mirabelle Lowdiane
2742,917,Neilla,Ferrarello,Neilla Ferrarello
2743,2501,Matias,Cloy,Matias Cloy
2744,4222,Aurore,Schneider,Aurore Schneider
2745,5492,Ruthy,Rosell,Ruthy Rosell
2746,4025,Valerie,Vynall,Valerie Vynall
2747,2745,Roseanne,Castelin,Roseanne Castelin
2748,5506,Oliver,Castelluzzi,Oliver Castelluzzi
2749,6090,Blanch,Fasse,Blanch Fasse
2750,5597,Jarvis,Bobasch,Jarvis Bobasch
2751,5288,Hector,Lieber,Hector Lieber
2752,1162,Asa,Hindenberger,Asa Hindenberger
2753,3053,Chandler,McVitty,Chandler McVitty
2754,4993,Nelli,MacKenny,Nelli MacKenny
2755,2257,Dolph,Kiddle,Dolph Kiddle
2756,4556,Wilone,Disbrow,Wilone Disbrow
2757,5043,Matelda,Gioani,Matelda Gioani
2758,5727,Rockwell,Wilflinger,Rockwell Wilflinger
2759,1148,Loydie,Tackett,Loydie Tackett
2760,6449,Ingeborg,Newlin,Ingeborg Newlin
2761,2895,Bogart,Biaggetti,Bogart Biaggetti
2762,5955,Gillan,Gwilym,Gillan Gwilym
2763,848,Desmund,Skaif,Desmund Skaif
2764,185,Lyon,Tuite,Lyon Tuite
2765,1578,Corey,Whear,Corey Whear
2766,2619,Ermina,Murby,Ermina Murby
2767,3608,Sybille,Ainscow,Sybille Ainscow
2768,3850,Kimmy,Gerritsma,Kimmy Gerritsma
2769,430,Ajay,Rosbotham,Ajay Rosbotham
2770,1223,Gregorio,Abela,Gregorio Abela
2771,4720,Ermanno,Reavey,Ermanno Reavey
2772,2543,Husein,Wessing,Husein Wessing
2773,4875,Jacqueline,Curston,Jacqueline Curston
2774,3792,Valina,Vasiliu,Valina Vasiliu
2775,1259,Hilda,Peacey,Hilda Peacey
2776,4072,Becka,Leeder,Becka Leeder
2777,5236,Lazar,Garling,Lazar Garling
2778,3515,Augustine,Stain,Augustine Stain
2779,3820,Hanna,Bowley,Hanna Bowley
2780,5791,Lonni,Pennell,Lonni Pennell
2781,2492,Sydel,Vitte,Sydel Vitte
2782,2231,Spenser,Tottle,Spenser Tottle
2783,3253,Ronny,Treagust,Ronny Treagust
2784,947,Beilul,Duchart,Beilul Duchart
2785,3198,Humbert,Bernaldo,Humbert Bernaldo
2786,1178,Ahmad,Mower,Ahmad Mower
2787,2528,Iver,Edsell,Iver Edsell
2788,3965,Tiebold,Swanborrow,Tiebold Swanborrow
2789,1990,Fonz,Plane,Fonz Plane
2790,5427,Tim,Meltetal,Tim Meltetal
2791,985,Curtice,Flemyng,Curtice Flemyng
2792,637,Athene,Ilyinykh,Athene Ilyinykh
2793,5379,Ugo,Pluthero,Ugo Pluthero
2794,100,Fonz,Lindstrom,Fonz Lindstrom
2795,5522,Eloise,Cowdray,Eloise Cowdray
2796,4394,Umeko,Genery,Umeko Genery
2797,5002,Yancey,Snibson,Yancey Snibson
2798,5299,Staffard,Mathers,Staffard Mathers
2799,5317,Derrik,MacCole,Derrik MacCole
2800,4155,Raviv,Atterbury,Raviv Atterbury
2801,4872,Perrine,Trowell,Perrine Trowell
2802,2029,Judas,Feedham,Judas Feedham
2803,3158,Shoshana,Kerslake,Shoshana Kerslake
2804,4486,Chrysa,Heck,Chrysa Heck
2805,2595,Missie,Dunseath,Missie Dunseath
2806,3683,Amos,Story,Amos Story
2807,3476,Si,Trobe,Si Trobe
2808,2206,Nickolaus,Fynn,Nickolaus Fynn
2809,3202,Brit,Fetterplace,Brit Fetterplace
2810,5408,Aurea,Sharma,Aurea Sharma
2811,5093,Stormy,Aleksidze,Stormy Aleksidze
2812,953,Orelia,Holmyard,Orelia Holmyard
2813,1573,Benson,Luesley,Benson Luesley
2814,3809,Nisse,Albrooke,Nisse Albrooke
2815,5815,Isa,Rosenstein,Isa Rosenstein
2816,1443,Morna,Domotor,Morna Domotor
2817,2789,Adelbert,Arman,Adelbert Arman
2818,2295,Rahal,Bruhn,Rahal Bruhn
2819,3641,Berton,Georgi,Berton Georgi
2820,746,Kristine,Pelling,Kristine Pelling
2821,1263,Melodie,Seiler,Melodie Seiler
2822,304,Rodney,D'Aubney,Rodney D'Aubney
2823,2312,Rolland,Shills,Rolland Shills
2824,3090,Rici,Staniford,Rici Staniford
2825,6147,Isaiah,Setford,Isaiah Setford
2826,6245,Valaree,Pittendreigh,Valaree Pittendreigh
2827,4362,Hayyim,Tenniswood,Hayyim Tenniswood
2828,6458,Mitchell,Domotor,Mitchell Domotor
2829,3890,Darrelle,Yate,Darrelle Yate
2830,1272,Dennet,Andreolli,Dennet Andreolli
2831,5660,Ansel,Dickins,Ansel Dickins
2832,3336,Winthrop,Geyton,Winthrop Geyton
2833,4913,Washington,O'Docherty,Washington O'Docherty
2834,5682,Myrtia,Normandale,Myrtia Normandale
2835,5959,Kellen,Cella,Kellen Cella
2836,1514,Abran,Bigmore,Abran Bigmore
2837,1950,Orly,Clamo,Orly Clamo
2838,5761,Annelise,McNeillie,Annelise McNeillie
2839,3707,Reynard,Dirand,Reynard Dirand
2840,3456,Michele,Lemarie,Michele Lemarie
2841,6060,Ivor,Cossem,Ivor Cossem
2842,525,Walther,Hanhart,Walther Hanhart
2843,898,Nanon,Risley,Nanon Risley
2844,983,Adrianna,Coviello,Adrianna Coviello
2845,5445,Camel,Giuroni,Camel Giuroni
2846,603,Laurella,O'Luby,Laurella O'Luby
2847,1357,Nicolai,Isenor,Nicolai Isenor
2848,6399,Gennie,Heighway,Gennie Heighway
2849,546,Sarge,Woehler,Sarge Woehler
2850,2330,Chester,Szwandt,Chester Szwandt
2851,4472,Morgan,Danielis,Morgan Danielis
2852,2048,Gena,Pollett,Gena Pollett
2853,3835,Ally,Giordano,Ally Giordano
2854,4308,Shepherd,Dabourne,Shepherd Dabourne
2855,5542,Gavin,Antognozzii,Gavin Antognozzii
2856,5439,Lionel,Cisar,Lionel Cisar
2857,474,Winthrop,Dunphie,Winthrop Dunphie
2858,2244,Audy,Richemont,Audy Richemont
2859,2870,Emalee,Raveau,Emalee Raveau
2860,3976,Jamey,Comello,Jamey Comello
2861,5544,Tobin,Forten,Tobin Forten
2862,4554,Yard,Ness,Yard Ness
2863,4973,Fredi,Castagnier,Fredi Castagnier
2864,2344,Curtice,Baldin,Curtice Baldin
2865,3234,Eugenius,Inglefield,Eugenius Inglefield
2866,6340,Geoffrey,Robjohns,Geoffrey Robjohns
2867,4590,Fred,Broggetti,Fred Broggetti
2868,2592,Susan,Binns,Susan Binns
2869,5333,Estella,McKellen,Estella McKellen
2870,1495,Reilly,Shorthouse,Reilly Shorthouse
2871,4079,Laney,Hannam,Laney Hannam
2872,1362,Wynnie,Clinning,Wynnie Clinning
2873,180,Xaviera,Perry,Xaviera Perry
2874,4814,Ann,Hawker,Ann Hawker
2875,1681,Nessa,Olyfant,Nessa Olyfant
2876,2988,Godart,Hillin,Godart Hillin
2877,2438,Carlynne,Galia,Carlynne Galia
2878,91,Carlynn,Newlin,Carlynn Newlin
2879,4257,Buck,Uvedale,Buck Uvedale
2880,4218,Charity,Puleston,Charity Puleston
2881,6113,Cacilia,Mathew,Cacilia Mathew
2882,3677,Lucienne,Simoneau,Lucienne Simoneau
2883,4354,Land,Thew,Land Thew
2884,1775,Blair,MacKnight,Blair MacKnight
2885,1986,Karen,Kalinke,Karen Kalinke
2886,354,Allin,Yeowell,Allin Yeowell
2887,47,Jarad,Ribbens,Jarad Ribbens
2888,4631,Tan,Point,Tan Point
2889,618,Edgar,Fielder,Edgar Fielder
2890,2085,Debee,Calan,Debee Calan
2891,248,Bobby,Raithby,Bobby Raithby
2892,3626,Aleda,Morforth,Aleda Morforth
2893,4139,Bebe,MacKnockiter,Bebe MacKnockiter
2894,2950,Rowena,Dollen,Rowena Dollen
2895,5394,Milena,Beagen,Milena Beagen
2896,692,El,Lotterington,El Lotterington
2897,6408,Lacee,Matten,Lacee Matten
2898,4781,Welby,Mold,Welby Mold
2899,6176,Eugene,Owtram,Eugene Owtram
2900,5056,Minnnie,Dener,Minnnie Dener
2901,5511,Prudi,More,Prudi More
2902,5855,Cordula,Gillitt,Cordula Gillitt
2903,1224,Marijn,Bunt,Marijn Bunt
2904,3495,Marcelo,Poetz,Marcelo Poetz
2905,6480,Edik,Clint,Edik Clint
2906,4011,Matilda,Cuttle,Matilda Cuttle
2907,3010,Violetta,Caitlin,Violetta Caitlin
2908,177,Jacquenetta,Matczak,Jacquenetta Matczak
2909,1203,Tamera,Bidwell,Tamera Bidwell
2910,1773,Roddie,Rozet,Roddie Rozet
2911,4154,Hodge,Skone,Hodge Skone
2912,3098,Fredrika,Danelutti,Fredrika Danelutti
2913,5291,Jaquelyn,Ballinghall,Jaquelyn Ballinghall
2914,3497,Peter,Pember,Peter Pember
2915,2972,Mimi,Duxbarry,Mimi Duxbarry
2916,4782,Joan,Casa,Joan Casa
2917,3039,Nissa,Zanicchi,Nissa Zanicchi
2918,2753,Helaina,Seary,Helaina Seary
2919,6015,Murvyn,Grinter,Murvyn Grinter
2920,928,Moria,Worts,Moria Worts
2921,3825,Broddie,Clemenzo,Broddie Clemenzo
2922,415,Duffy,MacAlister,Duffy MacAlister
2923,2837,Abelard,Leeburne,Abelard Leeburne
2924,5062,Kass,Godbolt,Kass Godbolt
2925,2574,Leigh,Seely,Leigh Seely
2926,357,Rubia,Mallia,Rubia Mallia
2927,1696,Ashlen,Cantero,Ashlen Cantero
2928,1084,Thia,Jamson,Thia Jamson
2929,1453,Lila,Lomis,Lila Lomis
2930,1423,Marianna,Blaxley,Marianna Blaxley
2931,2876,Micky,Penticost,Micky Penticost
2932,1256,Alis,Spacie,Alis Spacie
2933,4826,Basile,Yushkin,Basile Yushkin
2934,1991,Myles,Fritter,Myles Fritter
2935,4467,Blayne,Goldby,Blayne Goldby
2936,6381,Elbert,Barthrup,Elbert Barthrup
2937,2232,Alessandro,Hasel,Alessandro Hasel
2938,1434,Francoise,Lexa,Francoise Lexa
2939,622,Ruby,Matschuk,Ruby Matschuk
2940,6274,Paten,Dreakin,Paten Dreakin
2941,1583,Wrennie,Kemwal,Wrennie Kemwal
2942,115,Woodrow,Tillman,Woodrow Tillman
2943,5378,Averill,Ryhorovich,Averill Ryhorovich
2944,712,Carly,Grinter,Carly Grinter
2945,3521,Jamesy,Yeoland,Jamesy Yeoland
2946,1131,Orville,Hellwing,Orville Hellwing
2947,1826,Astrix,Martignoni,Astrix Martignoni
2948,3871,Lucho,Luter,Lucho Luter
2949,1992,Ninnette,Jorez,Ninnette Jorez
2950,6353,Theodore,Trubshaw,Theodore Trubshaw
2951,6475,Philbert,Etchell,Philbert Etchell
2952,4748,Lin,Lease,Lin Lease
2953,3184,Gun,Duck,Gun Duck
2954,3885,Zackariah,Cochrane,Zackariah Cochrane
2955,3425,Prisca,Shilliday,Prisca Shilliday
2956,3831,Dwain,Cavilla,Dwain Cavilla
2957,2479,Guillemette,Grestye,Guillemette Grestye
2958,5706,Borden,Lamasna,Borden Lamasna
2959,3208,Kata,Dunford,Kata Dunford
2960,2918,Adams,Amorine,Adams Amorine
2961,1517,Dredi,Labadini,Dredi Labadini
2962,1366,Caprice,Shimwall,Caprice Shimwall
2963,6018,Brynna,Fisbburne,Brynna Fisbburne
2964,4,Yolanda,Sells,Yolanda Sells
2965,2912,Sharline,Klosges,Sharline Klosges
2966,6242,Ronda,Turnbull,Ronda Turnbull
2967,2262,Korney,Hatchman,Korney Hatchman
2968,4164,Diahann,Tchir,Diahann Tchir
2969,5083,Pieter,Ladbury,Pieter Ladbury
2970,713,Linus,Marwood,Linus Marwood
2971,3013,Burch,Dureden,Burch Dureden
2972,1139,Gram,Bourthoumieux,Gram Bourthoumieux
2973,5067,Rollie,Findon,Rollie Findon
2974,5547,Timmy,Mattaus,Timmy Mattaus
2975,5225,Dyna,Earland,Dyna Earland
2976,2339,Inigo,McKilroe,Inigo McKilroe
2977,1195,Stirling,Dedenham,Stirling Dedenham
2978,1576,Jodie,Daniellot,Jodie Daniellot
2979,1335,Carolynn,Bettesworth,Carolynn Bettesworth
2980,3827,Emmey,Upsale,Emmey Upsale
2981,1516,Ash,Wann,Ash Wann
2982,4894,Alair,Lerhinan,Alair Lerhinan
2983,2963,Lurlene,Prophet,Lurlene Prophet
2984,1725,Val,Tennant,Val Tennant
2985,313,Humfrid,Steffens,Humfrid Steffens
2986,1675,Wendeline,Helm,Wendeline Helm
2987,504,Cornela,Verbrugghen,Cornela Verbrugghen
2988,4665,Ladonna,Ambroziak,Ladonna Ambroziak
2989,2018,Junette,Jeacop,Junette Jeacop
2990,511,Hillery,Burn,Hillery Burn
2991,4151,Rufus,Donnachie,Rufus Donnachie
2992,5649,Austen,Clavering,Austen Clavering
2993,5614,Seka,Capner,Seka Capner
2994,3600,Vinny,Bausor,Vinny Bausor
2995,528,Alidia,Welford,Alidia Welford
2996,2278,Gertrudis,Gutsell,Gertrudis Gutsell
2997,2433,Maurits,Hearthfield,Maurits Hearthfield
2998,5800,Tova,Montel,Tova Montel
2999,1056,Bridie,Chadbourn,Bridie Chadbourn
3000,2809,Elka,Evens,Elka Evens
3001,484,Charlot,Cains,Charlot Cains
3002,1702,Raquel,Gravet,Raquel Gravet
3003,4970,Anett,Zanassi,Anett Zanassi
3004,5042,Fidela,Sandes,Fidela Sandes
3005,6318,Lorene,Atcock,Lorene Atcock
3006,3422,Margeaux,Paradise,Margeaux Paradise
3007,4258,Rusty,Sturm,Rusty Sturm
3008,2047,Ibby,Dunnaway,Ibby Dunnaway
3009,5839,Kirby,Annakin,Kirby Annakin
3010,5022,Raynard,Jickles,Raynard Jickles
3011,807,Alwin,Penman,Alwin Penman
3012,1120,Hashim,Normand,Hashim Normand
3013,5810,Shandra,Jako,Shandra Jako
3014,3968,Hildegarde,Ayers,Hildegarde Ayers
3015,543,Clotilda,Powis,Clotilda Powis
3016,4836,Kiah,Stive,Kiah Stive
3017,4784,Zandra,Graith,Zandra Graith
3018,1460,Fergus,Nurny,Fergus Nurny
3019,1383,Karisa,Attle,Karisa Attle
3020,2044,Patricio,Griston,Patricio Griston
3021,4621,Alexandre,Sapsed,Alexandre Sapsed
3022,4416,Jessee,Barme,Jessee Barme
3023,1942,Roseanna,Crang,Roseanna Crang
3024,1262,Engracia,Coltman,Engracia Coltman
3025,1624,Fons,Arends,Fons Arends
3026,4545,Rachele,Augar,Rachele Augar
3027,5053,Lorette,McPhilip,Lorette McPhilip
3028,327,Vasilis,Springthorp,Vasilis Springthorp
3029,3160,Carlynne,Chillcot,Carlynne Chillcot
3030,1146,Alene,Steckings,Alene Steckings
3031,5915,Guenevere,Tixier,Guenevere Tixier
3032,4686,Cordi,Ferryman,Cordi Ferryman
3033,2293,Barnabe,Whibley,Barnabe Whibley
3034,2157,Gilburt,Haighton,Gilburt Haighton
3035,1023,Monika,Curteis,Monika Curteis
3036,3146,Ronni,Dobrovolski,Ronni Dobrovolski
3037,3384,Raquela,Aleksidze,Raquela Aleksidze
3038,3478,Alaric,Godehard.sf,Alaric Godehard.sf
3039,3982,Alena,Peasgood,Alena Peasgood
3040,5324,Kassandra,Leedal,Kassandra Leedal
3041,3190,Fairfax,Dollimore,Fairfax Dollimore
3042,1268,Gwendolin,Sandyford,Gwendolin Sandyford
3043,2083,Dirk,Sainer,Dirk Sainer
3044,3501,Cass,Wrankling,Cass Wrankling
3045,964,Vina,Lavens,Vina Lavens
3046,255,Morgen,Ridwood,Morgen Ridwood
3047,3956,Susie,Benninck,Susie Benninck
3048,3869,Katheryn,Van Der Weedenburg,Katheryn Van Der Weedenburg
3049,621,Benita,Breznovic,Benita Breznovic
3050,717,Arabelle,Scourge,Arabelle Scourge
3051,5232,Karee,Yitzhakov,Karee Yitzhakov
3052,5987,Lorita,Girogetti,Lorita Girogetti
3053,5279,Nataline,Jordan,Nataline Jordan
3054,4361,Carolee,De Ambrosi,Carolee De Ambrosi
3055,2947,Elladine,Gallico,Elladine Gallico
3056,1929,Brana,Lott,Brana Lott
3057,5767,Rene,Stonbridge,Rene Stonbridge
3058,4219,Rebekkah,Elby,Rebekkah Elby
3059,4052,Filia,Fransson,Filia Fransson
3060,346,Elonore,Cutchee,Elonore Cutchee
3061,6263,Mariellen,Prickett,Mariellen Prickett
3062,3504,Ardath,Mineghelli,Ardath Mineghelli
3063,2694,Rebekah,Hupka,Rebekah Hupka
3064,4092,Rhoda,Ferronet,Rhoda Ferronet
3065,564,Alene,Longhi,Alene Longhi
3066,1820,Neal,Hartshorn,Neal Hartshorn
3067,3994,Catherin,Ambrois,Catherin Ambrois
3068,5504,Adan,McMeekin,Adan McMeekin
3069,5671,Lindsey,Eustis,Lindsey Eustis
3070,5031,Austin,Checketts,Austin Checketts
3071,2832,Malynda,Baudrey,Malynda Baudrey
3072,1901,Corie,Grimsdike,Corie Grimsdike
3073,3857,Gertrud,Delmonti,Gertrud Delmonti
3074,2053,Puff,Gayle,Puff Gayle
3075,1283,Inger,Fawlo,Inger Fawlo
3076,4053,Roobbie,Letixier,Roobbie Letixier
3077,1325,Shantee,Domenici,Shantee Domenici
3078,2898,Alena,Copozio,Alena Copozio
3079,2346,Lucita,Baird,Lucita Baird
3080,2458,Jerrylee,Goldwater,Jerrylee Goldwater
3081,2196,Erny,Luciani,Erny Luciani
3082,2906,Bobbe,Verbeek,Bobbe Verbeek
3083,4321,Lonnard,Paule,Lonnard Paule
3084,2719,Scotti,Mosdell,Scotti Mosdell
3085,6358,Killy,Dorin,Killy Dorin
3086,1812,Nert,Testo,Nert Testo
3087,2588,Rob,Beecroft,Rob Beecroft
3088,264,Veronique,Craggs,Veronique Craggs
3089,2711,Sashenka,Mainland,Sashenka Mainland
3090,5939,Collie,Deppen,Collie Deppen
3091,1672,Felic,Peskin,Felic Peskin
3092,4414,Kerrill,Goodinge,Kerrill Goodinge
3093,5303,Nickolaus,Castleton,Nickolaus Castleton
3094,5826,Lorne,Agett,Lorne Agett
3095,1965,Rozanna,Figg,Rozanna Figg
3096,1840,Zola,Hoggan,Zola Hoggan
3097,2261,Avrit,Fancutt,Avrit Fancutt
3098,3963,Granger,Vardie,Granger Vardie
3099,5348,Alena,Aldcorne,Alena Aldcorne
3100,4586,Hillier,Bleier,Hillier Bleier
3101,1299,Ericha,Guly,Ericha Guly
3102,6174,Darbie,MacDonnell,Darbie MacDonnell
3103,6192,Hyacintha,Dyet,Hyacintha Dyet
3104,5595,Norrie,Chanson,Norrie Chanson
3105,90,Eda,Jamot,Eda Jamot
3106,1951,Ronnica,Afonso,Ronnica Afonso
3107,6351,Sherilyn,Towne,Sherilyn Towne
3108,4896,Talia,Mattia,Talia Mattia
3109,3310,Teodora,Thewys,Teodora Thewys
3110,3273,Stace,MacCole,Stace MacCole
3111,3706,Bartolomeo,Screwton,Bartolomeo Screwton
3112,936,Serge,Nottle,Serge Nottle
3113,493,Karoline,Dosdale,Karoline Dosdale
3114,1385,Garvy,Reece,Garvy Reece
3115,782,Lurette,Maddinon,Lurette Maddinon
3116,2086,Rahal,Garber,Rahal Garber
3117,1381,Randolf,Jewel,Randolf Jewel
3118,1656,Corny,Lynn,Corny Lynn
3119,4766,Stevy,Lau,Stevy Lau
3120,836,Hermia,MacConnell,Hermia MacConnell
3121,3241,Kain,Bavister,Kain Bavister
3122,126,Sidney,Vanyushin,Sidney Vanyushin
3123,2862,Sula,Simonetto,Sula Simonetto
3124,5455,Isidora,Jowsey,Isidora Jowsey
3125,1566,Rosana,Vinas,Rosana Vinas
3126,5244,Constantia,Parmenter,Constantia Parmenter
3127,1608,Oralle,Deehan,Oralle Deehan
3128,6375,Honor,Donneely,Honor Donneely
3129,1213,Flynn,Upham,Flynn Upham
3130,5777,Arel,Curtayne,Arel Curtayne
3131,2114,Paul,Surby,Paul Surby
3132,1251,Maudie,Oldershaw,Maudie Oldershaw
3133,0,Wilbert,Eddowes,Wilbert Eddowes
3134,5414,Kizzee,Duckit,Kizzee Duckit
3135,6187,Dominick,Currey,Dominick Currey
3136,1060,Susy,Stedmond,Susy Stedmond
3137,6384,Lil,Been,Lil Been
3138,6014,Jedidiah,Heasman,Jedidiah Heasman
3139,1078,Rufe,Klehyn,Rufe Klehyn
3140,3022,Maria,Sherrott,Maria Sherrott
3141,3502,Nathanael,Parish,Nathanael Parish
3142,220,Rosy,Weinberg,Rosy Weinberg
3143,3713,Chantalle,Newitt,Chantalle Newitt
3144,5099,Sayre,Rodd,Sayre Rodd
3145,1777,Blake,Heigold,Blake Heigold
3146,4095,Orland,Deevey,Orland Deevey
3147,4549,Brande,Matashkin,Brande Matashkin
3148,6328,Ashley,Wellum,Ashley Wellum
3149,867,Odelle,Sleeman,Odelle Sleeman
3150,810,Hilliary,Boots,Hilliary Boots
3151,5599,Seumas,Jorissen,Seumas Jorissen
3152,4386,Vania,McKennan,Vania McKennan
3153,3083,Christian,Cassels,Christian Cassels
3154,4363,Devlin,Carlos,Devlin Carlos
3155,6013,Hanan,Pitford,Hanan Pitford
3156,3148,Webster,Hysom,Webster Hysom
3157,1504,Thorpe,Fuster,Thorpe Fuster
3158,6400,Beauregard,Woolatt,Beauregard Woolatt
3159,2279,Andre,Duffil,Andre Duffil
3160,4093,Niki,Pesek,Niki Pesek
3161,5386,Hendrik,Deem,Hendrik Deem
3162,1540,Misty,Gresswell,Misty Gresswell
3163,1003,Domenico,Gayne,Domenico Gayne
3164,3033,Toiboid,Moine,Toiboid Moine
3165,351,Abby,Sisneros,Abby Sisneros
3166,3315,Keefe,Stewartson,Keefe Stewartson
3167,1363,Blakelee,Wegner,Blakelee Wegner
3168,6118,Town,Bullas,Town Bullas
3169,352,Elnore,Bottrill,Elnore Bottrill
3170,3538,Stevana,Aspray,Stevana Aspray
3171,3173,Kata,Gabel,Kata Gabel
3172,6298,Sena,Clear,Sena Clear
3173,2725,Elset,Zecchetti,Elset Zecchetti
3174,6462,Karen,Exposito,Karen Exposito
3175,246,Larissa,Seyfart,Larissa Seyfart
3176,3406,Jermaine,Fawdery,Jermaine Fawdery
3177,4236,Cristie,Benesevich,Cristie Benesevich
3178,4120,Iggy,Ivanuschka,Iggy Ivanuschka
3179,2674,Valentin,Quye,Valentin Quye
3180,845,Eleni,Langdale,Eleni Langdale
3181,5402,Collete,Sugge,Collete Sugge
3182,1470,Wendel,Bresnen,Wendel Bresnen
3183,3686,Jameson,Vivians,Jameson Vivians
3184,680,Jackelyn,Labrone,Jackelyn Labrone
3185,1124,Britt,Dripps,Britt Dripps
3186,3054,Clayton,Wenden,Clayton Wenden
3187,5677,Lauritz,Leftwich,Lauritz Leftwich
3188,1179,Clair,Tukely,Clair Tukely
3189,2742,Wenda,Kubicki,Wenda Kubicki
3190,2892,Shawn,Balazin,Shawn Balazin
3191,5788,Seth,Mowling,Seth Mowling
3192,4014,Herbert,Duffitt,Herbert Duffitt
3193,3385,Avivah,Pawfoot,Avivah Pawfoot
3194,5307,Cacilia,Hewertson,Cacilia Hewertson
3195,5676,Erina,Barensen,Erina Barensen
3196,2739,Cortie,Worviell,Cortie Worviell
3197,6412,Urban,Capey,Urban Capey
3198,3571,Betta,Castanares,Betta Castanares
3199,5156,Dennison,Chadderton,Dennison Chadderton
3200,5343,Terrance,Ladel,Terrance Ladel
3201,1616,Dukey,Guihen,Dukey Guihen
3202,827,Myrna,Rudgley,Myrna Rudgley
3203,1905,Nisse,Faulkes,Nisse Faulkes
3204,139,Glennis,Colebourn,Glennis Colebourn
3205,3698,Jack,Woollard,Jack Woollard
3206,3778,Barrie,Miskimmon,Barrie Miskimmon
3207,1140,Aguie,Brierly,Aguie Brierly
3208,358,Adelina,Grouse,Adelina Grouse
3209,4334,Roselia,Pidgen,Roselia Pidgen
3210,6001,Hermy,Attride,Hermy Attride
3211,4611,Krisha,Holsey,Krisha Holsey
3212,1845,Willa,Samwyse,Willa Samwyse
3213,5076,Callean,Phil,Callean Phil
3214,2234,Bria,Ovitts,Bria Ovitts
3215,3639,Natal,Jerzak,Natal Jerzak
3216,2792,Andres,Trenholme,Andres Trenholme
3217,2709,Doria,Stone,Doria Stone
3218,2061,Dasi,Petrasso,Dasi Petrasso
3219,6159,Devon,McKniely,Devon McKniely
3220,6344,Quinta,Wisson,Quinta Wisson
3221,5575,Agustin,Jerzak,Agustin Jerzak
3222,3441,Angil,Fitzsimon,Angil Fitzsimon
3223,5149,Tildie,Ells,Tildie Ells
3224,2070,Hermina,Sliney,Hermina Sliney
3225,4272,Peta,Ruckman,Peta Ruckman
3226,4360,Colin,Felderer,Colin Felderer
3227,3909,Gaspard,Charity,Gaspard Charity
3228,420,Mariya,See,Mariya See
3229,4998,Dominga,Huncoot,Dominga Huncoot
3230,2547,Natale,Greenlies,Natale Greenlies
3231,1374,Benedict,Fancet,Benedict Fancet
3232,3866,Hardy,Tennet,Hardy Tennet
3233,3387,Ferguson,Dudson,Ferguson Dudson
3234,4680,Margret,Widmoor,Margret Widmoor
3235,765,Elmo,Proudlove,Elmo Proudlove
3236,1197,Filia,Ommanney,Filia Ommanney
3237,5493,Berget,Quakley,Berget Quakley
3238,3002,Drusilla,Slocombe,Drusilla Slocombe
3239,402,Wynnie,Reeder,Wynnie Reeder
3240,4633,Dorey,McKeighan,Dorey McKeighan
3241,61,Sybila,Chauvey,Sybila Chauvey
3242,5277,Brianne,Ruilton,Brianne Ruilton
3243,87,Cathee,Jansson,Cathee Jansson
3244,385,Chip,Speechly,Chip Speechly
3245,3438,Brandtr,Van der Mark,Brandtr Van der Mark
3246,6276,Dilly,Tredgold,Dilly Tredgold
3247,1307,Stirling,Skyppe,Stirling Skyppe
3248,4085,Ganny,Mounfield,Ganny Mounfield
3249,1896,Stillmann,Baildon,Stillmann Baildon
3250,133,Ashly,Couche,Ashly Couche
3251,2051,Christiano,Sally,Christiano Sally
3252,5203,Roch,Dicken,Roch Dicken
3253,3892,Pet,Ricson,Pet Ricson
3254,537,Phyllys,Allnutt,Phyllys Allnutt
3255,4788,Darren,Thorington,Darren Thorington
3256,4213,Brock,Titmarsh,Brock Titmarsh
3257,2200,Kirstyn,Boichat,Kirstyn Boichat
3258,1234,Cynthy,Aasaf,Cynthy Aasaf
3259,6434,Joseito,Hakonsson,Joseito Hakonsson
3260,5311,Guilbert,Rannells,Guilbert Rannells
3261,4817,Ardath,Lavrick,Ardath Lavrick
3262,5889,Andres,Kill,Andres Kill
3263,2498,Adolphe,Triggs,Adolphe Triggs
3264,3321,Kellie,Teall,Kellie Teall
3265,5730,Oneida,Peakman,Oneida Peakman
3266,5238,Raffarty,Suthworth,Raffarty Suthworth
3267,2369,Brodie,Restill,Brodie Restill
3268,4283,Pyotr,Djokovic,Pyotr Djokovic
3269,3089,Liva,Addicote,Liva Addicote
3270,5545,Pincas,Andreacci,Pincas Andreacci
3271,2321,Farrell,Mocquer,Farrell Mocquer
3272,3578,Coralyn,Kanzler,Coralyn Kanzler
3273,1549,Marven,Malter,Marven Malter
3274,4654,Alric,Brotherick,Alric Brotherick
3275,3400,Davita,Cadding,Davita Cadding
3276,5737,Reynolds,Flieg,Reynolds Flieg
3277,5638,Lindon,Lohrensen,Lindon Lohrensen
3278,79,Birk,Gillie,Birk Gillie
3279,4132,Gerda,Bezarra,Gerda Bezarra
3280,4005,Delmar,Haslin,Delmar Haslin
3281,5314,Rowland,Massei,Rowland Massei
3282,669,Thorpe,Skatcher,Thorpe Skatcher
3283,345,Adams,Limeburner,Adams Limeburner
3284,1391,Wilbert,Ciciari,Wilbert Ciciari
3285,1832,Vernice,Paten,Vernice Paten
3286,666,Jewel,Drinkel,Jewel Drinkel
3287,42,Clerissa,O'Heffernan,Clerissa O'Heffernan
3288,4273,Janos,Broadberry,Janos Broadberry
3289,4382,Abbye,Burley,Abbye Burley
3290,2410,Thea,Bailey,Thea Bailey
3291,922,Cullan,Hawkwood,Cullan Hawkwood
3292,6287,Catherin,Haselup,Catherin Haselup
3293,1710,Dara,Gosney,Dara Gosney
3294,3904,Maxie,Sharvill,Maxie Sharvill
3295,2130,Priscilla,Sterrick,Priscilla Sterrick
3296,1400,Addie,Chasier,Addie Chasier
3297,4618,Averil,Portingale,Averil Portingale
3298,4149,Louie,Ashard,Louie Ashard
3299,620,Moise,Lewer,Moise Lewer
3300,5684,Jae,Matelaitis,Jae Matelaitis
3301,1619,Arny,Kervin,Arny Kervin
3302,2877,Orlan,Danielut,Orlan Danielut
3303,6091,Hervey,Symington,Hervey Symington
3304,5948,Olivier,Lyptratt,Olivier Lyptratt
3305,6074,Lorrin,Rothon,Lorrin Rothon
3306,4150,Leonid,Seeviour,Leonid Seeviour
3307,2425,Dyan,Innes,Dyan Innes
3308,1953,Cirillo,Viggars,Cirillo Viggars
3309,2229,Tommi,Bampkin,Tommi Bampkin
3310,4475,Paulita,Cork,Paulita Cork
3311,3300,Eustacia,Mickan,Eustacia Mickan
3312,4515,Olav,Enders,Olav Enders
3313,4469,Catlee,Trewhitt,Catlee Trewhitt
3314,3408,Alleen,Pascow,Alleen Pascow
3315,1123,Westleigh,Ibotson,Westleigh Ibotson
3316,1081,Adelina,Plumley,Adelina Plumley
3317,3175,Matthaeus,Labbet,Matthaeus Labbet
3318,6453,Marco,Marusyak,Marco Marusyak
3319,2119,Harry,Killingsworth,Harry Killingsworth
3320,5045,Dianna,Martinat,Dianna Martinat
3321,4965,Annamaria,Brydson,Annamaria Brydson
3322,4209,Isak,Bugdell,Isak Bugdell
3323,5209,Darlleen,Prantl,Darlleen Prantl
3324,4013,Puff,Pitkins,Puff Pitkins
3325,1970,Hendrik,Minto,Hendrik Minto
3326,101,Duffie,Pyvis,Duffie Pyvis
3327,4663,Terrie,Rotherham,Terrie Rotherham
3328,383,Wallis,Jickells,Wallis Jickells
3329,4027,Washington,Fishbourn,Washington Fishbourn
3330,6088,Alverta,Folcarelli,Alverta Folcarelli
3331,2308,Orton,O'Roan,Orton O'Roan
3332,521,Melli,Glasheen,Melli Glasheen
3333,6154,Germain,Braun,Germain Braun
3334,6087,Cleveland,Serris,Cleveland Serris
3335,1759,Nobie,Gibbens,Nobie Gibbens
3336,4271,Jaynell,Kunkel,Jaynell Kunkel
3337,5110,Had,Johnsson,Had Johnsson
3338,2807,Elaine,Beamand,Elaine Beamand
3339,6297,Edgar,Plenderleith,Edgar Plenderleith
3340,3488,Branden,Ponton,Branden Ponton
3341,3364,Jacobo,Hadland,Jacobo Hadland
3342,1704,Douglas,Szanto,Douglas Szanto
3343,4449,Kalle,Champley,Kalle Champley
3344,3088,Kailey,Jedryka,Kailey Jedryka
3345,2855,Shirline,Alabastar,Shirline Alabastar
3346,2378,Chiarra,Elnough,Chiarra Elnough
3347,2890,Tate,Willgoss,Tate Willgoss
3348,3526,Talbert,Moggach,Talbert Moggach
3349,831,Isidora,Boost,Isidora Boost
3350,5481,Shana,Wones,Shana Wones
3351,1199,Frazer,Goomes,Frazer Goomes
3352,4886,Clayson,Epgrave,Clayson Epgrave
3353,4527,Ainslee,Aynsley,Ainslee Aynsley
3354,758,Chelsy,Beckles,Chelsy Beckles
3355,4798,Brandea,Petyanin,Brandea Petyanin
3356,4278,Isis,Ormiston,Isis Ormiston
3357,913,Cathyleen,Bolesworth,Cathyleen Bolesworth
3358,727,Glennie,Roscher,Glennie Roscher
3359,4640,Tucky,Gawkes,Tucky Gawkes
3360,3762,Rosanne,Giovanitti,Rosanne Giovanitti
3361,2082,Braden,Sidaway,Braden Sidaway
3362,4738,Neely,Ternott,Neely Ternott
3363,5,Guglielma,Vamplus,Guglielma Vamplus
3364,124,Jasper,Stirtle,Jasper Stirtle
3365,3125,Julianne,Butland,Julianne Butland
3366,4574,Josiah,Filgate,Josiah Filgate
3367,4188,Washington,Stait,Washington Stait
3368,55,Ailey,Munby,Ailey Munby
3369,783,Darrin,Kollasch,Darrin Kollasch
3370,4769,Lucy,Calfe,Lucy Calfe
3371,3392,Antone,Possel,Antone Possel
3372,1486,Ky,Grent,Ky Grent
3373,2211,Aloisia,Caruth,Aloisia Caruth
3374,1191,Darb,Siaspinski,Darb Siaspinski
3375,1433,Betta,Asbrey,Betta Asbrey
3376,1860,Trueman,Prin,Trueman Prin
3377,4457,Matthaeus,Vaen,Matthaeus Vaen
3378,2703,Sigismundo,Giovannini,Sigismundo Giovannini
3379,447,Tom,Cusick,Tom Cusick
3380,2607,Sayers,Pirnie,Sayers Pirnie
3381,372,Aldridge,Yetton,Aldridge Yetton
3382,2652,Crystal,Shovel,Crystal Shovel
3383,2454,Les,Sidwick,Les Sidwick
3384,2399,Desmund,Hyndman,Desmund Hyndman
3385,5380,Eve,Tollemache,Eve Tollemache
3386,2285,Dag,Hebson,Dag Hebson
3387,1036,Rhodia,Vidgeon,Rhodia Vidgeon
3388,3259,Alecia,Freake,Alecia Freake
3389,2968,Issi,Kopps,Issi Kopps
3390,838,Odille,Hartgill,Odille Hartgill
3391,1349,Tulley,Soar,Tulley Soar
3392,3225,Skip,Harty,Skip Harty
3393,5051,Dela,Izac,Dela Izac
3394,6326,Susanna,Fosher,Susanna Fosher
3395,2635,Davidde,Farans,Davidde Farans
3396,3988,Mechelle,Rilston,Mechelle Rilston
3397,6485,Anita,Dymocke,Anita Dymocke
3398,1661,Joelle,Damsell,Joelle Damsell
3399,570,Brade,Lockart,Brade Lockart
3400,3746,Freddy,Gwynne,Freddy Gwynne
3401,67,Doralia,Yepiskopov,Doralia Yepiskopov
3402,1145,Monika,Cotton,Monika Cotton
3403,5843,Sheilakathryn,Purtell,Sheilakathryn Purtell
3404,816,Delia,Ayscough,Delia Ayscough
3405,4034,Cecilio,Trunkfield,Cecilio Trunkfield
3406,817,Elwyn,Seer,Elwyn Seer
3407,4324,Kendricks,Kemwall,Kendricks Kemwall
3408,682,Garrick,Hansom,Garrick Hansom
3409,3340,Georas,Dengel,Georas Dengel
3410,3604,Lusa,Archambault,Lusa Archambault
3411,6322,Karine,Backhouse,Karine Backhouse
3412,1035,Gaynor,O'Cuddie,Gaynor O'Cuddie
3413,1821,Willamina,Mayo,Willamina Mayo
3414,2108,Hoyt,Adam,Hoyt Adam
3415,2612,Emmanuel,Mouatt,Emmanuel Mouatt
3416,1819,Chantal,Mackley,Chantal Mackley
3417,4135,Willi,Alcorn,Willi Alcorn
3418,2143,Abbi,Scemp,Abbi Scemp
3419,179,Dael,Willas,Dael Willas
3420,6383,Abie,Hurton,Abie Hurton
3421,4533,Lisetta,Gini,Lisetta Gini
3422,460,Angele,Cicetti,Angele Cicetti
3423,4368,Rosalind,Gerrans,Rosalind Gerrans
3424,505,Jobi,Bayston,Jobi Bayston
3425,788,Giraud,McKee,Giraud McKee
3426,4290,Marta,Keyzman,Marta Keyzman
3427,440,Carmina,Gallico,Carmina Gallico
3428,4628,Leilah,Kobus,Leilah Kobus
3429,6029,Jessey,Conisbee,Jessey Conisbee
3430,3903,Roberta,Farenden,Roberta Farenden
3431,1212,Gale,McDirmid,Gale McDirmid
3432,2904,Hildegarde,Brecken,Hildegarde Brecken
3433,6005,Mercy,Easlea,Mercy Easlea
3434,5146,Cate,Peregrine,Cate Peregrine
3435,2577,Bone,Fearney,Bone Fearney
3436,2586,Casi,Curm,Casi Curm
3437,308,Tyne,Gerriessen,Tyne Gerriessen
3438,3946,Jakie,Yourell,Jakie Yourell
3439,1198,Hanan,Oldrey,Hanan Oldrey
3440,1010,Stanford,Hovie,Stanford Hovie
3441,745,Vinny,Frudd,Vinny Frudd
3442,5177,Catina,Brezlaw,Catina Brezlaw
3443,864,Eolande,Seldon,Eolande Seldon
3444,6454,Elora,Zimmer,Elora Zimmer
3445,3378,Vitoria,Cormack,Vitoria Cormack
3446,5639,Klarrisa,Vecard,Klarrisa Vecard
3447,3036,Elwood,Joules,Elwood Joules
3448,4892,Aggi,Treswell,Aggi Treswell
3449,5673,Clayson,Medmore,Clayson Medmore
3450,3411,Daron,Hefforde,Daron Hefforde
3451,3954,Todd,Pllu,Todd Pllu
3452,4490,Heywood,Stoffer,Heywood Stoffer
3453,726,Aile,Bouskill,Aile Bouskill
3454,5302,Lucien,Dahlberg,Lucien Dahlberg
3455,5650,Debor,Pallent,Debor Pallent
3456,1837,Milissent,Beardwood,Milissent Beardwood
3457,3115,Meggy,Manuele,Meggy Manuele
3458,5870,Zitella,Matten,Zitella Matten
3459,4194,Conway,Bradder,Conway Bradder
3460,2723,Cooper,Ick,Cooper Ick
3461,154,Valentia,Chesney,Valentia Chesney
3462,2571,Agnes,Gove,Agnes Gove
3463,1007,Fawne,Seyers,Fawne Seyers
3464,1491,Jonell,Peyzer,Jonell Peyzer
3465,3786,Margaret,Gillam,Margaret Gillam
3466,6217,Tracy,Longmate,Tracy Longmate
3467,3607,Nonna,Besant,Nonna Besant
3468,1880,Audrey,Bashford,Audrey Bashford
3469,2902,Royce,Jeynes,Royce Jeynes
3470,2909,Dulcine,Hankard,Dulcine Hankard
3471,3777,Karel,Conigsby,Karel Conigsby
3472,6191,Val,Roberti,Val Roberti
3473,6057,Hilary,Joney,Hilary Joney
3474,764,Nessie,Outlaw,Nessie Outlaw
3475,382,Brynne,Conklin,Brynne Conklin
3476,3918,Pate,Van Eeden,Pate Van Eeden
3477,5904,Catharina,Mathieu,Catharina Mathieu
3478,1047,Gelya,Gladwin,Gelya Gladwin
3479,6374,Felipe,Inett,Felipe Inett
3480,6428,Lionello,Limb,Lionello Limb
3481,3186,Mile,Fripps,Mile Fripps
3482,3800,Sanson,Bedbrough,Sanson Bedbrough
3483,2718,Rudolph,Garrod,Rudolph Garrod
3484,4089,Beatrix,Bartolic,Beatrix Bartolic
3485,6329,Kassi,Renouf,Kassi Renouf
3486,4534,Tyrone,Ogborne,Tyrone Ogborne
3487,2524,Glendon,Gerbl,Glendon Gerbl
3488,2784,Leigh,Boniface,Leigh Boniface
3489,2289,Eadie,McGraith,Eadie McGraith
3490,6163,Julietta,Cess,Julietta Cess
3491,2050,Eli,Toohey,Eli Toohey
3492,3189,Amber,Stables,Amber Stables
3493,1705,Joycelin,Muff,Joycelin Muff
3494,6361,Ruddie,Amesbury,Ruddie Amesbury
3495,120,Packston,Keymer,Packston Keymer
3496,4503,Elihu,Donaway,Elihu Donaway
3497,4700,Graeme,Perring,Graeme Perring
3498,6391,Ax,Hully,Ax Hully
3499,5787,Rodrigo,Caraher,Rodrigo Caraher
3500,1375,Stanfield,Slewcock,Stanfield Slewcock
3501,3865,Loreen,Breffitt,Loreen Breffitt
3502,2271,Orbadiah,Hedan,Orbadiah Hedan
3503,3748,Celia,Cossam,Celia Cossam
3504,4670,Hobard,Switland,Hobard Switland
3505,1088,Esme,Footitt,Esme Footitt
3506,1066,Hughie,Fairhead,Hughie Fairhead
3507,3420,Penelope,Onians,Penelope Onians
3508,2848,Ralf,Iskower,Ralf Iskower
3509,1762,Mylo,Labat,Mylo Labat
3510,5340,Courtenay,Lamputt,Courtenay Lamputt
3511,1345,Fields,Crowcroft,Fields Crowcroft
3512,5551,Prinz,Morrad,Prinz Morrad
3513,5198,Eduardo,Longhurst,Eduardo Longhurst
3514,1505,Marcel,Menego,Marcel Menego
3515,469,Carri,Oliver,Carri Oliver
3516,6033,Neely,Elloy,Neely Elloy
3517,6366,Vera,Harpur,Vera Harpur
3518,1897,Clary,Sawtell,Clary Sawtell
3519,5222,Lenka,Theaker,Lenka Theaker
3520,393,Jennie,Sivyour,Jennie Sivyour
3521,559,Merv,Swindle,Merv Swindle
3522,3097,Rosemaria,Buncom,Rosemaria Buncom
3523,4280,Robbie,Jay,Robbie Jay
3524,593,Valery,Plunkett,Valery Plunkett
3525,1850,Onida,Andrysiak,Onida Andrysiak
3526,1655,Nicolina,Soppett,Nicolina Soppett
3527,3723,Fran,Starcks,Fran Starcks
3528,6405,Ransell,Heeran,Ransell Heeran
3529,2650,Hieronymus,Warrener,Hieronymus Warrener
3530,3673,Patrizia,Peerless,Patrizia Peerless
3531,3095,Rouvin,Linney,Rouvin Linney
3532,3864,Athena,Klasen,Athena Klasen
3533,581,Gilles,Scrannage,Gilles Scrannage
3534,1228,Verne,Starsmore,Verne Starsmore
3535,5206,Wilbert,Insoll,Wilbert Insoll
3536,1674,Milena,Bengal,Milena Bengal
3537,5152,Florella,Robart,Florella Robart
3538,6161,Rabi,Colly,Rabi Colly
3539,780,Jefferey,Hughlock,Jefferey Hughlock
3540,2023,Barny,Johanchon,Barny Johanchon
3541,3669,Joachim,Thys,Joachim Thys
3542,544,Clarinda,Schroeder,Clarinda Schroeder
3543,1987,Zita,Beauchop,Zita Beauchop
3544,1498,Eziechiele,Bear,Eziechiele Bear
3545,4771,Leanna,Woodings,Leanna Woodings
3546,5385,Lanita,Peakman,Lanita Peakman
3547,1109,Chet,Whitlaw,Chet Whitlaw
3548,2815,Beverly,Andryszczak,Beverly Andryszczak
3549,1468,Jordana,Goldspink,Jordana Goldspink
3550,5494,Blakelee,Stonham,Blakelee Stonham
3551,5525,Benedikta,Saunt,Benedikta Saunt
3552,3389,Leigha,Brownlow,Leigha Brownlow
3553,3852,Dehlia,Banting,Dehlia Banting
3554,6085,Eugenio,MacConchie,Eugenio MacConchie
3555,4719,Suzie,Rennolds,Suzie Rennolds
3556,4577,Denver,Brentnall,Denver Brentnall
3557,3026,Karoly,Baraclough,Karoly Baraclough
3558,5864,Sawyer,Absalom,Sawyer Absalom
3559,4399,Berthe,Corinton,Berthe Corinton
3560,3485,Loree,Gavaran,Loree Gavaran
3561,3238,Kipp,McClunaghan,Kipp McClunaghan
3562,3215,Laure,Haugeh,Laure Haugeh
3563,3996,Ora,Laddle,Ora Laddle
3564,3962,Hurlee,Kunert,Hurlee Kunert
3565,189,Kiersten,Rockey,Kiersten Rockey
3566,4259,Jennette,Vost,Jennette Vost
3567,3693,Issy,Willingham,Issy Willingham
3568,475,Ranice,Lowden,Ranice Lowden
3569,2938,Albie,Getch,Albie Getch
3570,5598,Artemas,Laydon,Artemas Laydon
3571,2349,Cathie,Passe,Cathie Passe
3572,4750,Riki,Powelee,Riki Powelee
3573,1348,Suzann,Barbier,Suzann Barbier
3574,1104,Correy,Blazy,Correy Blazy
3575,4839,Miguela,Grigg,Miguela Grigg
3576,5201,Renaldo,Leed,Renaldo Leed
3577,6422,Sherline,Zarfati,Sherline Zarfati
3578,3593,Eberto,Matts,Eberto Matts
3579,512,Cassandre,Brownsey,Cassandre Brownsey
3580,1612,Krissie,Guile,Krissie Guile
3581,555,Giacopo,Potticary,Giacopo Potticary
3582,4859,Joseph,Eadmeades,Joseph Eadmeades
3583,1632,Waylin,Aked,Waylin Aked
3584,1417,Joane,Bartalot,Joane Bartalot
3585,5882,Bartlet,Mildner,Bartlet Mildner
3586,1649,Nanny,Cotgrove,Nanny Cotgrove
3587,5129,Arty,Di Carli,Arty Di Carli
3588,5656,Dylan,Vasyunkin,Dylan Vasyunkin
3589,168,Jarvis,Coffin,Jarvis Coffin
3590,4918,Reena,Rois,Reena Rois
3591,2156,Estevan,Malthus,Estevan Malthus
3592,1500,Dawn,Rosenstengel,Dawn Rosenstengel
3593,1639,Anna-maria,Wilne,Anna-maria Wilne
3594,137,Lydie,Threadkell,Lydie Threadkell
3595,3370,Kerwinn,Pache,Kerwinn Pache
3596,2209,Ivy,Lasslett,Ivy Lasslett
3597,1208,Agnella,Scottini,Agnella Scottini
3598,6251,Nari,Blues,Nari Blues
3599,1949,Gaspard,Dixon,Gaspard Dixon
3600,6430,Jannelle,Croote,Jannelle Croote
3601,380,Kakalina,Jockle,Kakalina Jockle
3602,2952,Isacco,Berriman,Isacco Berriman
3603,529,Addi,Trassler,Addi Trassler
3604,3579,Ryley,Dowbakin,Ryley Dowbakin
3605,444,Trudy,Bather,Trudy Bather
3606,1923,Skylar,Sabbatier,Skylar Sabbatier
3607,394,Melantha,Nightingale,Melantha Nightingale
3608,2202,Farah,Tuckerman,Farah Tuckerman
3609,4697,Cissy,Hoppner,Cissy Hoppner
3610,2301,Kiele,Adanet,Kiele Adanet
3611,4587,Knox,Tourville,Knox Tourville
3612,4240,Lew,Lawee,Lew Lawee
3613,798,Fernando,Currie,Fernando Currie
3614,3219,Perl,Meriet,Perl Meriet
3615,2237,Debor,Flancinbaum,Debor Flancinbaum
3616,6032,Blair,Marde,Blair Marde
3617,2154,Tiffy,Medwell,Tiffy Medwell
3618,6321,Eduard,Moreinu,Eduard Moreinu
3619,5464,Myrah,McTague,Myrah McTague
3620,171,Jeniece,Campbell,Jeniece Campbell
3621,2615,Georg,Drinkwater,Georg Drinkwater
3622,4206,Anthony,Nissle,Anthony Nissle
3623,2700,Alano,Aharoni,Alano Aharoni
3624,4285,Arlene,Broomhall,Arlene Broomhall
3625,2405,Neala,Hinkley,Neala Hinkley
3626,5178,Ingaberg,Congreve,Ingaberg Congreve
3627,5204,Yves,Ansty,Yves Ansty
3628,3044,Florina,Beech,Florina Beech
3629,3893,Brina,Wayon,Brina Wayon
3630,24,Lonnie,Dicke,Lonnie Dicke
3631,6256,Georgina,Dudley,Georgina Dudley
3632,3555,Carter,Labbati,Carter Labbati
3633,5224,Barnett,Narbett,Barnett Narbett
3634,416,Aveline,Khristoforov,Aveline Khristoforov
3635,2508,Pacorro,Wisher,Pacorro Wisher
3636,173,Jenifer,Ephson,Jenifer Ephson
3637,2265,Orel,Lenthall,Orel Lenthall
3638,4740,Corenda,Rutland,Corenda Rutland
3639,3393,Gustaf,Esterbrook,Gustaf Esterbrook
3640,4365,Carey,Standbridge,Carey Standbridge
3641,6009,Staci,Izhak,Staci Izhak
3642,785,Floris,Kopisch,Floris Kopisch
3643,907,Ainslie,Ciottoi,Ainslie Ciottoi
3644,39,Torin,Wotherspoon,Torin Wotherspoon
3645,3108,Cristie,Richold,Cristie Richold
3646,6463,Pryce,Lethbury,Pryce Lethbury
3647,5814,Donielle,Beed,Donielle Beed
3648,5577,Chandal,Chimenti,Chandal Chimenti
3649,5322,Joela,Lowry,Joela Lowry
3650,2388,Norrie,Bortolomei,Norrie Bortolomei
3651,2024,Damaris,Goley,Damaris Goley
3652,186,Lib,Harmson,Lib Harmson
3653,950,Aidan,Duiged,Aidan Duiged
3654,1483,Zerk,Hug,Zerk Hug
3655,3104,Fairleigh,Gwynne,Fairleigh Gwynne
3656,1229,Georgie,Merrison,Georgie Merrison
3657,2374,Chadwick,Glozman,Chadwick Glozman
3658,2532,Erny,Renbold,Erny Renbold
3659,4722,Adora,Bax,Adora Bax
3660,1499,Haily,Tather,Haily Tather
3661,972,Alfi,Thaxter,Alfi Thaxter
3662,773,Burke,Mears,Burke Mears
3663,5932,Micki,Dear,Micki Dear
3664,2075,Isa,Stobo,Isa Stobo
3665,58,Tanny,Greenset,Tanny Greenset
3666,649,Shelby,Aylward,Shelby Aylward
3667,1846,Bill,Kauffman,Bill Kauffman
3668,5055,Greg,Bullock,Greg Bullock
3669,4047,Chery,Simeonov,Chery Simeonov
3670,4603,Bard,Micklewright,Bard Micklewright
3671,2854,Costanza,Klein,Costanza Klein
3672,1501,Helyn,Sutty,Helyn Sutty
3673,4015,Terri-jo,Mengo,Terri-jo Mengo
3674,3272,Clemmie,Robinet,Clemmie Robinet
3675,3603,Thurstan,Slowley,Thurstan Slowley
3676,6105,Katha,Folliott,Katha Folliott
3677,2359,Rosco,Jerrams,Rosco Jerrams
3678,3316,Pattie,Molohan,Pattie Molohan
3679,849,Sheba,Starrs,Sheba Starrs
3680,4019,Tanitansy,Kener,Tanitansy Kener
3681,5358,Silvanus,Quest,Silvanus Quest
3682,2384,Bancroft,Kuna,Bancroft Kuna
3683,5558,Ellynn,Trewartha,Ellynn Trewartha
3684,3236,Alexio,Mitford,Alexio Mitford
3685,2710,Theodor,Fitzjohn,Theodor Fitzjohn
3686,1485,Olenka,Thiolier,Olenka Thiolier
3687,4616,Beale,Esposito,Beale Esposito
3688,3818,Aleece,Petofi,Aleece Petofi
3689,2901,Pearla,Concannon,Pearla Concannon
3690,6457,Spenser,Jeste,Spenser Jeste
3691,3454,Ibbie,MacHostie,Ibbie MacHostie
3692,5250,Christabella,Kerbey,Christabella Kerbey
3693,3050,Hobey,Kebbell,Hobey Kebbell
3694,1818,Wilow,Kerwen,Wilow Kerwen
3695,5750,Ranique,Doxsey,Ranique Doxsey
3696,2757,Candi,Hollington,Candi Hollington
3697,3499,Ruy,Jopke,Ruy Jopke
3698,774,Zonnya,Bert,Zonnya Bert
3699,2879,Pooh,Izzat,Pooh Izzat
3700,2786,Melba,Teaz,Melba Teaz
3701,5968,Ranique,Greengrass,Ranique Greengrass
3702,698,Fred,Bendix,Fred Bendix
3703,340,Flora,MacAindreis,Flora MacAindreis
3704,2965,Carlie,Durno,Carlie Durno
3705,2699,Pamelina,Form,Pamelina Form
3706,945,Sarine,Dowsey,Sarine Dowsey
3707,4802,Daron,Churches,Daron Churches
3708,6130,Rustin,Adds,Rustin Adds
3709,4671,Mendy,Eccleshall,Mendy Eccleshall
3710,2853,Elana,Gaine,Elana Gaine
3711,3414,Ardeen,Vivian,Ardeen Vivian
3712,5732,Ferrell,Corradi,Ferrell Corradi
3713,449,Moll,Cattle,Moll Cattle
3714,3532,Domini,Challiner,Domini Challiner
3715,2354,Mirabel,Koppe,Mirabel Koppe
3716,6339,Ferdy,Gabbatiss,Ferdy Gabbatiss
3717,1106,Humberto,Kubal,Humberto Kubal
3718,522,Averil,Creigan,Averil Creigan
3719,2387,Grier,Iglesias,Grier Iglesias
3720,165,Bernadette,McSperron,Bernadette McSperron
3721,557,Fidel,Soaper,Fidel Soaper
3722,2531,Idaline,Extall,Idaline Extall
3723,2561,Rusty,Burne,Rusty Burne
3724,2088,Odille,Petri,Odille Petri
3725,219,Nance,Wrighton,Nance Wrighton
3726,1772,Graig,Mercer,Graig Mercer
3727,6437,Arthur,Cuckoo,Arthur Cuckoo
3728,2570,Renell,Scamaden,Renell Scamaden
3729,1902,Wain,Hallad,Wain Hallad
3730,5037,Juanita,Frayling,Juanita Frayling
3731,3016,Hilliary,Haselhurst,Hilliary Haselhurst
3732,2523,Eddy,Gehringer,Eddy Gehringer
3733,874,Penn,Gorse,Penn Gorse
3734,5971,Starla,Keddey,Starla Keddey
3735,1858,Agatha,Bocken,Agatha Bocken
3736,3409,Morie,Toth,Morie Toth
3737,4721,Jerrine,Fetherby,Jerrine Fetherby
3738,3920,Chrysa,Elcoux,Chrysa Elcoux
3739,681,Reena,Went,Reena Went
3740,999,Parsifal,Tampin,Parsifal Tampin
3741,201,Fiona,Bursell,Fiona Bursell
3742,4175,Christophorus,Rising,Christophorus Rising
3743,2224,Amabelle,Cogger,Amabelle Cogger
3744,597,Gerik,Hooban,Gerik Hooban
3745,479,Bobette,Authers,Bobette Authers
3746,4803,Agnella,Safont,Agnella Safont
3747,387,Jacki,Denson,Jacki Denson
3748,4966,Gussie,Housecraft,Gussie Housecraft
3749,5223,Vidovik,Grishechkin,Vidovik Grishechkin
3750,2661,Tilly,Kleinhausen,Tilly Kleinhausen
3751,3522,Tallie,Child,Tallie Child
3752,4096,Ophelia,Broz,Ophelia Broz
3753,4377,Irving,Spoors,Irving Spoors
3754,2397,Celestia,Duggleby,Celestia Duggleby
3755,5605,Elsbeth,Timcke,Elsbeth Timcke
3756,530,Cherye,Edel,Cherye Edel
3757,5098,Clarinda,Rizzini,Clarinda Rizzini
3758,421,Herold,Tippler,Herold Tippler
3759,3530,Markos,Dowell,Markos Dowell
3760,2142,Wake,Miall,Wake Miall
3761,3106,Myrtie,Marchington,Myrtie Marchington
3762,3877,Tallulah,McCafferky,Tallulah McCafferky
3763,5755,Aubrie,Tripony,Aubrie Tripony
3764,6107,Alia,Muschette,Alia Muschette
3765,4585,Tiler,Penkethman,Tiler Penkethman
3766,5644,Patrizia,Clevely,Patrizia Clevely
3767,4330,Tito,Godar,Tito Godar
3768,1300,Berna,Palle,Berna Palle
3769,3878,Devlen,Vaisey,Devlen Vaisey
3770,2770,Kendrick,Eccott,Kendrick Eccott
3771,3586,Annamaria,Ellerey,Annamaria Ellerey
3772,787,Farah,Doulton,Farah Doulton
3773,687,Barret,Burth,Barret Burth
3774,2520,Rad,Pitkins,Rad Pitkins
3775,3708,Ruthe,Mc Kellen,Ruthe Mc Kellen
3776,4735,Jade,Pennycook,Jade Pennycook
3777,6327,Temple,Curwen,Temple Curwen
3778,3711,Anallese,Hutfield,Anallese Hutfield
3779,4553,Estell,Forrester,Estell Forrester
3780,1876,Gigi,Rablen,Gigi Rablen
3781,5090,Lon,Madoc-Jones,Lon Madoc-Jones
3782,1769,Sigismundo,Jorin,Sigismundo Jorin
3783,1862,Gwynne,Corradengo,Gwynne Corradengo
3784,1114,Stinky,Osboldstone,Stinky Osboldstone
3785,5502,Franky,Grishankov,Franky Grishankov
3786,5300,Damian,Sainteau,Damian Sainteau
3787,4902,Ira,Macias,Ira Macias
3788,3844,Ives,Moughton,Ives Moughton
3789,1306,Maison,Cousen,Maison Cousen
3790,3668,Warden,Bartelet,Warden Bartelet
3791,5058,Matthieu,Pevreal,Matthieu Pevreal
3792,978,Tansy,Lacotte,Tansy Lacotte
3793,883,Morgan,Meegin,Morgan Meegin
3794,6436,Kellen,Humby,Kellen Humby
3795,6307,Leoine,Drohan,Leoine Drohan
3796,2751,Trish,Androsik,Trish Androsik
3797,1466,Clyve,Beldon,Clyve Beldon
3798,3552,Clerc,Lysons,Clerc Lysons
3799,4380,Gawain,Acott,Gawain Acott
3800,155,Auguste,Bluett,Auguste Bluett
3801,1559,Gisele,Furness,Gisele Furness
3802,54,Bennie,Galiero,Bennie Galiero
3803,4905,Wilona,Carmo,Wilona Carmo
3804,5498,Consalve,Elfe,Consalve Elfe
3805,2203,Pascal,O'Scandall,Pascal O'Scandall
3806,777,Woodrow,Wennington,Woodrow Wennington
3807,3084,Demott,Lewknor,Demott Lewknor
3808,3271,Starr,Limb,Starr Limb
3809,3465,Berty,Broom,Berty Broom
3810,223,Jessie,Etches,Jessie Etches
3811,104,Merrill,Late,Merrill Late
3812,4473,Celestia,McCooke,Celestia McCooke
3813,224,Duncan,Vanyakin,Duncan Vanyakin
3814,4443,Debor,Starbeck,Debor Starbeck
3815,1493,Holly,Blaze,Holly Blaze
3816,704,Thomasa,Margrem,Thomasa Margrem
3817,360,Sianna,Fourcade,Sianna Fourcade
3818,5576,Meta,Collard,Meta Collard
3819,1421,Reine,Sanger,Reine Sanger
3820,3949,Levin,Gonzalvo,Levin Gonzalvo
3821,1528,Rufus,Beeken,Rufus Beeken
3822,5680,Fiann,Cristoforetti,Fiann Cristoforetti
3823,6487,Inness,M'Chirrie,Inness M'Chirrie
3824,731,Michele,Hattoe,Michele Hattoe
3825,3650,Colly,Scouller,Colly Scouller
3826,656,Eustacia,Verduin,Eustacia Verduin
3827,1588,Hillie,Witchard,Hillie Witchard
3828,5739,Marie-jeanne,Pirt,Marie-jeanne Pirt
3829,2567,Hanson,Hurn,Hanson Hurn
3830,6112,Gail,Gladbeck,Gail Gladbeck
3831,5635,Torin,Tessier,Torin Tessier
3832,4944,Lacy,Hasslocher,Lacy Hasslocher
3833,1802,Bord,Ruddoch,Bord Ruddoch
3834,5319,Anya,Ungerer,Anya Ungerer
3835,3122,Jamie,Wortman,Jamie Wortman
3836,1006,Keelby,Keatley,Keelby Keatley
3837,6137,Caressa,Fursey,Caressa Fursey
3838,5741,Mattheus,Hearmon,Mattheus Hearmon
3839,322,Erhart,Kench,Erhart Kench
3840,5352,Richy,Vasiliev,Richy Vasiliev
3841,4369,Laurence,Taillard,Laurence Taillard
3842,5989,Victor,Baudy,Victor Baudy
3843,5155,Jerri,Fitter,Jerri Fitter
3844,4809,Marget,McKleod,Marget McKleod
3845,3938,Berke,Sleney,Berke Sleney
3846,1709,Belinda,Chadwyck,Belinda Chadwyck
3847,6054,Flor,Kennady,Flor Kennady
3848,5433,Russell,Masurel,Russell Masurel
3849,6177,Ward,Baleine,Ward Baleine
3850,5719,Alia,Dowdall,Alia Dowdall
3851,4370,Esdras,Brotherton,Esdras Brotherton
3852,5165,Babs,Aylwin,Babs Aylwin
3853,4284,Thayne,Dabbes,Thayne Dabbes
3854,5245,Jessey,Taye,Jessey Taye
3855,4103,Guillema,Deniset,Guillema Deniset
3856,3581,Dewain,Raddish,Dewain Raddish
3857,4220,Rolph,Ubsdale,Rolph Ubsdale
3858,2372,Siward,Mulqueen,Siward Mulqueen
3859,1057,Staci,Drinkale,Staci Drinkale
3860,5686,Dore,Lougheed,Dore Lougheed
3861,1615,Noam,Digger,Noam Digger
3862,6409,Wang,Farragher,Wang Farragher
3863,1827,Elbert,Urridge,Elbert Urridge
3864,2804,Molly,Petche,Molly Petche
3865,3449,Cyb,Sisse,Cyb Sisse
3866,5883,Mallory,Spacey,Mallory Spacey
3867,1904,Kaitlin,Gibbon,Kaitlin Gibbon
3868,1091,Ranique,Wythe,Ranique Wythe
3869,2444,Bernardo,Goney,Bernardo Goney
3870,5876,Amie,Pierrepoint,Amie Pierrepoint
3871,3027,Nigel,Heitz,Nigel Heitz
3872,2290,Mathilda,Chancelier,Mathilda Chancelier
3873,2905,Baxter,Linforth,Baxter Linforth
3874,3065,Sky,Corck,Sky Corck
3875,6267,Edd,Northover,Edd Northover
3876,486,Moises,Robiou,Moises Robiou
3877,2453,Ruby,Pierro,Ruby Pierro
3878,4062,Jolynn,Saunier,Jolynn Saunier
3879,551,Alix,Lerven,Alix Lerven
3880,3058,Jule,Hendrix,Jule Hendrix
3881,1477,Fae,Castelijn,Fae Castelijn
3882,2800,Mozes,Fylan,Mozes Fylan
3883,583,Madlin,Marrable,Madlin Marrable
3884,2991,Vanya,Matoshin,Vanya Matoshin
3885,3121,Nollie,Margery,Nollie Margery
3886,1816,Dominica,Olivia,Dominica Olivia
3887,6461,Emmalyn,Ivashchenko,Emmalyn Ivashchenko
3888,3741,Kristyn,MacKee,Kristyn MacKee
3889,5891,Adam,Sommerton,Adam Sommerton
3890,3837,Skippy,Meineck,Skippy Meineck
3891,4372,Dwain,Holstein,Dwain Holstein
3892,2970,Francisca,Jaynes,Francisca Jaynes
3893,1830,Ermina,Lumox,Ermina Lumox
3894,5745,Leonard,Showers,Leonard Showers
3895,1753,Clarie,Gall,Clarie Gall
3896,5935,Eugine,Keirle,Eugine Keirle
3897,4547,Nikoletta,McKue,Nikoletta McKue
3898,1447,Aylmar,McCrory,Aylmar McCrory
3899,6388,Karlotte,Panichelli,Karlotte Panichelli
3900,821,Toinette,Langthorn,Toinette Langthorn
3901,320,Johny,Roullier,Johny Roullier
3902,4564,Gracia,Assiter,Gracia Assiter
3903,6123,Shanna,Friar,Shanna Friar
3904,4227,Thorn,Rosenbloom,Thorn Rosenbloom
3905,1211,Berk,Chilles,Berk Chilles
3906,5276,Corny,Judson,Corny Judson
3907,2467,Constantine,Scimoni,Constantine Scimoni
3908,4042,Christoffer,Verheyden,Christoffer Verheyden
3909,164,Sharona,Hill,Sharona Hill
3910,4542,Saloma,Magnar,Saloma Magnar
3911,4022,Roxane,Piggins,Roxane Piggins
3912,5024,Filippa,Buzine,Filippa Buzine
3913,4491,Blondy,Broszkiewicz,Blondy Broszkiewicz
3914,4279,Barbara,Khilkov,Barbara Khilkov
3915,5877,Prissie,Jockle,Prissie Jockle
3916,5063,Amata,Mordacai,Amata Mordacai
3917,3460,Merry,Bosanko,Merry Bosanko
3918,3459,Garth,Howie,Garth Howie
3919,5321,Anastasia,Wyne,Anastasia Wyne
3920,3596,Padriac,Diggens,Padriac Diggens
3921,1736,Gerhardine,D'Emanuele,Gerhardine D'Emanuele
3922,4495,Wash,Reame,Wash Reame
3923,5519,Hedvige,Ludewig,Hedvige Ludewig
3924,1922,Saxon,Varley,Saxon Varley
3925,456,Loren,McCoole,Loren McCoole
3926,3566,Delores,MacDonnell,Delores MacDonnell
3927,2177,Reggy,Boerderman,Reggy Boerderman
3928,2417,Yolande,Mitham,Yolande Mitham
3929,1994,Erika,Knifton,Erika Knifton
3930,2092,Stevy,Fealty,Stevy Fealty
3931,954,Eadith,Golledge,Eadith Golledge
3932,1754,Rhona,Colqueran,Rhona Colqueran
3933,3248,Sascha,Cud,Sascha Cud
3934,199,Urbano,Ulyatt,Urbano Ulyatt
3935,2,Gardy,Whitmore,Gardy Whitmore
3936,2636,Duke,Clayworth,Duke Clayworth
3937,1489,Byron,Smedley,Byron Smedley
3938,4350,Sheila-kathryn,Rishworth,Sheila-kathryn Rishworth
3939,4835,Jae,Castelain,Jae Castelain
3940,1814,Kristofor,Densey,Kristofor Densey
3941,1315,Constantia,Allanson,Constantia Allanson
3942,3407,Claudio,Tebbutt,Claudio Tebbutt
3943,4930,Gilberte,Loosemore,Gilberte Loosemore
3944,4518,Merna,Hadye,Merna Hadye
3945,1189,Rozanna,Muscott,Rozanna Muscott
3946,5174,Otis,Haddleton,Otis Haddleton
3947,3817,Hugues,Muffitt,Hugues Muffitt
3948,3527,Lucais,Marchi,Lucais Marchi
3949,4981,Cathy,Ortell,Cathy Ortell
3950,2060,Devora,Buntine,Devora Buntine
3951,2657,Mylo,McCafferky,Mylo McCafferky
3952,5621,Melitta,Chrismas,Melitta Chrismas
3953,6455,Evanne,Sacase,Evanne Sacase
3954,3507,Charlton,Westgarth,Charlton Westgarth
3955,3352,Wernher,McKeller,Wernher McKeller
3956,3366,Alicea,Charter,Alicea Charter
3957,3554,Halette,Kentwell,Halette Kentwell
3958,4508,Cora,Tanguy,Cora Tanguy
3959,1825,Valaria,Ebbotts,Valaria Ebbotts
3960,3170,Maire,Scutching,Maire Scutching
3961,4099,Lowe,Cornhill,Lowe Cornhill
3962,1364,Frank,Laming,Frank Laming
3963,4403,Kessiah,Bearsmore,Kessiah Bearsmore
3964,2939,Trueman,Pau,Trueman Pau
3965,6136,Rice,Barley,Rice Barley
3966,2639,Kiel,MacGiany,Kiel MacGiany
3967,3614,Jayme,Josebury,Jayme Josebury
3968,3448,Elvina,Newis,Elvina Newis
3969,3714,Ricky,Coast,Ricky Coast
3970,5085,Gerianna,Skrzynski,Gerianna Skrzynski
3971,2355,Nappie,Janeczek,Nappie Janeczek
3972,707,Steffen,Physic,Steffen Physic
3973,3889,Donny,Corse,Donny Corse
3974,1013,Ettie,Grimsell,Ettie Grimsell
3975,3986,Amabel,Skein,Amabel Skein
3976,3423,Shurlocke,Alleburton,Shurlocke Alleburton
3977,3470,Alexander,Rembrant,Alexander Rembrant
3978,1513,Rock,Indge,Rock Indge
3979,6255,Malena,Addicote,Malena Addicote
3980,4751,Zahara,Bette,Zahara Bette
3981,490,Martyn,Quince,Martyn Quince
3982,1988,Monique,Bussens,Monique Bussens
3983,1089,Joy,Kidder,Joy Kidder
3984,3851,Amye,Volk,Amye Volk
3985,5404,Kaiser,Youdell,Kaiser Youdell
3986,4819,Zacherie,Sidwell,Zacherie Sidwell
3987,2227,Delly,Szabo,Delly Szabo
3988,118,Meir,Blanchflower,Meir Blanchflower
3989,6402,Waylan,Berfoot,Waylan Berfoot
3990,4298,Lyndsie,Peeter,Lyndsie Peeter
3991,912,Micah,Sharples,Micah Sharples
3992,1165,Opaline,Keywood,Opaline Keywood
3993,5211,Kissee,Chalmers,Kissee Chalmers
3994,2549,Cecilia,Schuricht,Cecilia Schuricht
3995,5786,Costanza,Seacroft,Costanza Seacroft
3996,4948,Birk,Forson,Birk Forson
3997,334,Joseph,Soppeth,Joseph Soppeth
3998,2335,Marji,Rudham,Marji Rudham
3999,3563,Clementia,Jickells,Clementia Jickells
4000,6077,Arleen,McPeeters,Arleen McPeeters
4001,724,Lotta,Jagger,Lotta Jagger
4002,804,Georgeanne,Haffard,Georgeanne Haffard
4003,4642,Ollie,Chicken,Ollie Chicken
4004,5356,Bat,Saldler,Bat Saldler
4005,5101,Haroun,Penton,Haroun Penton
4006,3006,Aldo,Kubik,Aldo Kubik
4007,2992,Lira,Posse,Lira Posse
4008,3451,Madella,Foulstone,Madella Foulstone
4009,1711,Diann,Benettelli,Diann Benettelli
4010,1320,Normy,Swales,Normy Swales
4011,6431,Ilaire,Brion,Ilaire Brion
4012,873,Gray,Somner,Gray Somner
4013,3274,Pollyanna,Dabnot,Pollyanna Dabnot
4014,568,Bette,Sambath,Bette Sambath
4015,1428,Xavier,McGuigan,Xavier McGuigan
4016,373,Hesther,Kenderdine,Hesther Kenderdine
4017,93,Thorin,Rhyme,Thorin Rhyme
4018,2148,Brande,Knappe,Brande Knappe
4019,8,Shaughn,Boutcher,Shaughn Boutcher
4020,1323,Cyrille,Heaseman,Cyrille Heaseman
4021,5326,Sergeant,Cheak,Sergeant Cheak
4022,404,Kent,Gurys,Kent Gurys
4023,4170,Tally,Newdick,Tally Newdick
4024,2746,Egor,Pietsma,Egor Pietsma
4025,4724,Fernandina,Hagley,Fernandina Hagley
4026,1941,Devy,Vipan,Devy Vipan
4027,1851,Berty,Methuen,Berty Methuen
4028,4711,Fulvia,McMenamie,Fulvia McMenamie
4029,6396,Dinny,Stellin,Dinny Stellin
4030,5142,Sydelle,Jodlowski,Sydelle Jodlowski
4031,4562,Raymond,Wimp,Raymond Wimp
4032,734,Sigmund,Rochell,Sigmund Rochell
4033,2306,Loutitia,Keeton,Loutitia Keeton
4034,4725,Gael,Hauxwell,Gael Hauxwell
4035,122,Cross,Muspratt,Cross Muspratt
4036,1502,Guthrie,Southan,Guthrie Southan
4037,1861,Radcliffe,Bullent,Radcliffe Bullent
4038,973,Codi,Fogt,Codi Fogt
4039,3193,Felisha,Troutbeck,Felisha Troutbeck
4040,1785,Coleen,Briddock,Coleen Briddock
4041,1952,Shem,MacRanald,Shem MacRanald
4042,5272,Mel,Pitfield,Mel Pitfield
4043,6394,Lilah,Cleynaert,Lilah Cleynaert
4044,3583,Rozalin,Robertis,Rozalin Robertis
4045,5169,Archibald,Lamar,Archibald Lamar
4046,2653,Josh,Pounds,Josh Pounds
4047,4233,Karmen,Fitzsymon,Karmen Fitzsymon
4048,921,Merrick,Branchflower,Merrick Branchflower
4049,392,Felice,Piatkow,Felice Piatkow
4050,1797,Theodore,Spaxman,Theodore Spaxman
4051,3038,Mada,McBrearty,Mada McBrearty
4052,3617,Gerri,Gilliat,Gerri Gilliat
4053,4325,Tamiko,Maggs,Tamiko Maggs
4054,3251,Stevana,Strognell,Stevana Strognell
4055,6072,Pattie,Mulgrew,Pattie Mulgrew
4056,3621,Christina,Haet,Christina Haet
4057,1341,Paten,Ruckledge,Paten Ruckledge
4058,1732,Gabey,Ciccottini,Gabey Ciccottini
4059,1538,Laurette,Cottie,Laurette Cottie
4060,2940,Issi,Colaco,Issi Colaco
4061,5191,Ardys,Kinset,Ardys Kinset
4062,5813,Chelsea,Mullord,Chelsea Mullord
4063,2160,Jasmine,Oland,Jasmine Oland
4064,3140,Addia,Street,Addia Street
4065,4002,Gwenny,McNeigh,Gwenny McNeigh
4066,2849,Pamella,Hevey,Pamella Hevey
4067,1770,Rees,Verner,Rees Verner
4068,4204,Cos,Warbeys,Cos Warbeys
4069,41,Andi,Lorraway,Andi Lorraway
4070,4108,Elnore,Mobbs,Elnore Mobbs
4071,4184,Cass,Pallin,Cass Pallin
4072,523,Barbie,Mash,Barbie Mash
4073,4046,Maure,Patek,Maure Patek
4074,4007,Mariellen,Eakley,Mariellen Eakley
4075,1248,Tomas,McMarquis,Tomas McMarquis
4076,4995,Francisca,Tremmil,Francisca Tremmil
4077,4004,Kinnie,Andreolli,Kinnie Andreolli
4078,2936,Cleve,Quant,Cleve Quant
4079,2633,Elora,Stringfellow,Elora Stringfellow
4080,454,Dugald,Crocetti,Dugald Crocetti
4081,728,Yolanda,Chilles,Yolanda Chilles
4082,1959,Eugine,Felgate,Eugine Felgate
4083,862,Dania,Skuce,Dania Skuce
4084,3068,Ferrel,Winsbury,Ferrel Winsbury
4085,5744,Marcella,Rengger,Marcella Rengger
4086,2578,Riley,Pershouse,Riley Pershouse
4087,2248,Kalil,Sillars,Kalil Sillars
4088,148,Delilah,Whittle,Delilah Whittle
4089,6389,Magnum,Liptrot,Magnum Liptrot
4090,3133,Jerrie,Otley,Jerrie Otley
4091,6219,Theodora,Fulger,Theodora Fulger
4092,5659,Towney,O'Loughnan,Towney O'Loughnan
4093,364,Farris,Rainger,Farris Rainger
4094,362,Wanda,Shury,Wanda Shury
4095,2915,Bart,Woodyeare,Bart Woodyeare
4096,533,Hayward,Hacon,Hayward Hacon
4097,501,Leigh,Tomasino,Leigh Tomasino
4098,4605,Yuma,Conechie,Yuma Conechie
4099,1039,Emyle,Giercke,Emyle Giercke
4100,6447,Sara,Lambertazzi,Sara Lambertazzi
4101,127,Hester,Blackaby,Hester Blackaby
4102,4770,Diannne,Rois,Diannne Rois
4103,3541,Salomon,Firebrace,Salomon Firebrace
4104,190,Brucie,Oliveto,Brucie Oliveto
4105,4069,Steffie,Foskew,Steffie Foskew
4106,3824,Honoria,Eyes,Honoria Eyes
4107,143,Othello,Sesons,Othello Sesons
4108,1806,Megen,Muselli,Megen Muselli
4109,4996,Broderick,Kolczynski,Broderick Kolczynski
4110,5233,Fidelity,Loveland,Fidelity Loveland
4111,4726,Laureen,Sawtell,Laureen Sawtell
4112,48,Felicle,Muxworthy,Felicle Muxworthy
4113,500,Jemmie,Winborn,Jemmie Winborn
4114,937,Warden,Dowthwaite,Warden Dowthwaite
4115,4439,Kessia,Gergus,Kessia Gergus
4116,1051,Hephzibah,Palin,Hephzibah Palin
4117,40,Langston,Villa,Langston Villa
4118,495,Felice,Hullah,Felice Hullah
4119,613,Kaiser,Klauber,Kaiser Klauber
4120,3793,Tildi,Farndell,Tildi Farndell
4121,5297,Garnette,Rishworth,Garnette Rishworth
4122,6122,Kristina,Eglinton,Kristina Eglinton
4123,110,Bibi,Straker,Bibi Straker
4124,5010,Christean,Hitscher,Christean Hitscher
4125,2151,Gwenni,Kingwell,Gwenni Kingwell
4126,4134,Price,Follett,Price Follett
4127,1865,Nial,Wakeham,Nial Wakeham
4128,2540,Yale,Tearny,Yale Tearny
4129,3263,Ambrosio,Dighton,Ambrosio Dighton
4130,3491,Brucie,Bachura,Brucie Bachura
4131,1724,Skipp,Napolione,Skipp Napolione
4132,860,Shannon,Watkiss,Shannon Watkiss
4133,489,Lane,Wimpeney,Lane Wimpeney
4134,1664,Tull,Colleton,Tull Colleton
4135,4997,Cly,Probert,Cly Probert
4136,2424,Almeda,Figliovanni,Almeda Figliovanni
4137,5503,Gaile,Proughten,Gaile Proughten
4138,3052,Charil,Ritter,Charil Ritter
4139,844,Sandi,Kenealy,Sandi Kenealy
4140,5189,Wolf,Pawley,Wolf Pawley
4141,3028,Deanne,Francescoccio,Deanne Francescoccio
4142,2343,Sybila,Hunnam,Sybila Hunnam
4143,5851,Cynthea,Wackly,Cynthea Wackly
4144,4569,Madge,Kelshaw,Madge Kelshaw
4145,5804,Candie,Yakovitch,Candie Yakovitch
4146,57,Tildy,Racher,Tildy Racher
4147,461,Correna,Mishow,Correna Mishow
4148,1185,Ninnette,MacTrustrie,Ninnette MacTrustrie
4149,3164,Herrick,Davall,Herrick Davall
4150,2818,Sidonnie,Jones,Sidonnie Jones
4151,1330,Howie,Churchyard,Howie Churchyard
4152,2028,Faustine,Averill,Faustine Averill
4153,1585,Cortney,Blemen,Cortney Blemen
4154,702,Constantin,Ankrett,Constantin Ankrett
4155,4786,Cello,Levis,Cello Levis
4156,4540,Roberta,Austing,Roberta Austing
4157,5514,Ronnie,Kiddle,Ronnie Kiddle
4158,1086,Kynthia,Oliveti,Kynthia Oliveti
4159,904,Earle,Shepton,Earle Shepton
4160,2141,Rycca,Rutland,Rycca Rutland
4161,3634,Nicholas,Lorence,Nicholas Lorence
4162,1746,Germain,Newport,Germain Newport
4163,1526,Tudor,Ryder,Tudor Ryder
4164,4525,Haze,Roussel,Haze Roussel
4165,5701,Noby,Pitts,Noby Pitts
4166,4322,Jessamine,Worden,Jessamine Worden
4167,3682,Bartholomew,Village,Bartholomew Village
4168,1450,Othilie,Hablet,Othilie Hablet
4169,2402,Adriano,Chasmoor,Adriano Chasmoor
4170,3334,Bondon,Daybell,Bondon Daybell
4171,6170,Cesaro,Goulston,Cesaro Goulston
4172,1607,Dahlia,Fawson,Dahlia Fawson
4173,6257,Emile,McIlwreath,Emile McIlwreath
4174,671,Margit,Beddall,Margit Beddall
4175,5627,Ronnie,Groveham,Ronnie Groveham
4176,5171,Ransell,Sayward,Ransell Sayward
4177,1889,Rubi,Belt,Rubi Belt
4178,1235,Stanford,Uc,Stanford Uc
4179,492,Ruddy,Glauber,Ruddy Glauber
4180,4865,Clemmie,Dilger,Clemmie Dilger
4181,6290,Sheelagh,Kelwick,Sheelagh Kelwick
4182,4165,Lura,Cherrington,Lura Cherrington
4183,2606,Thorsten,Littlekit,Thorsten Littlekit
4184,4785,Rab,Woodrow,Rab Woodrow
4185,3580,Gertie,Wimpress,Gertie Wimpress
4186,4637,Jason,Lukacs,Jason Lukacs
4187,4274,Cly,Arnopp,Cly Arnopp
4188,228,Rubin,Vanyarkin,Rubin Vanyarkin
4189,5382,Yance,Fereday,Yance Fereday
4190,4044,Fax,Kubiczek,Fax Kubiczek
4191,5692,Benito,Defont,Benito Defont
4192,1647,Des,Alway,Des Alway
4193,4039,Bondie,Gipp,Bondie Gipp
4194,927,Goldie,Pieche,Goldie Pieche
4195,5664,Deva,Prestney,Deva Prestney
4196,4566,Cortney,Lodeke,Cortney Lodeke
4197,5027,Dominic,Manilove,Dominic Manilove
4198,4717,Ernst,Driscoll,Ernst Driscoll
4199,4371,Scot,Manuel,Scot Manuel
4200,4498,Terese,Chavez,Terese Chavez
4201,6418,Piggy,Davall,Piggy Davall
4202,1741,Tammie,Semon,Tammie Semon
4203,4373,Ross,Bellee,Ross Bellee
4204,3071,Leontyne,Perello,Leontyne Perello
4205,363,Carter,Jessen,Carter Jessen
4206,4347,Bobine,Jenicek,Bobine Jenicek
4207,4578,Mikael,Shirt,Mikael Shirt
4208,4193,Eadie,Gaymar,Eadie Gaymar
4209,624,Avrom,Goodisson,Avrom Goodisson
4210,2334,Oby,Aggas,Oby Aggas
4211,2669,Siouxie,Stirtle,Siouxie Stirtle
4212,5316,Melody,Lillicrap,Melody Lillicrap
4213,6007,Hillyer,Twigg,Hillyer Twigg
4214,106,Alaster,Flintoft,Alaster Flintoft
4215,2680,Belita,Alvares,Belita Alvares
4216,6168,Cahra,Hardstaff,Cahra Hardstaff
4217,3079,Shayla,Rizzardi,Shayla Rizzardi
4218,1380,Urbain,Annes,Urbain Annes
4219,710,Lissy,Tomei,Lissy Tomei
4220,1743,Paxon,Geraldi,Paxon Geraldi
4221,3025,Eleonore,Loveman,Eleonore Loveman
4222,6494,Aldous,de Nore,Aldous de Nore
4223,2603,Dixie,Hummerston,Dixie Hummerston
4224,5893,Stanford,Van,Stanford Van
4225,4307,Carmelina,Baack,Carmelina Baack
4226,4730,Charlotta,Cattlow,Charlotta Cattlow
4227,1727,Hort,Danson,Hort Danson
4228,3666,Aharon,Corstan,Aharon Corstan
4229,3623,Brady,Brundle,Brady Brundle
4230,5377,Neale,Oiseau,Neale Oiseau
4231,1011,Rolf,Quoit,Rolf Quoit
4232,2932,Sammy,Farnin,Sammy Farnin
4233,6229,Ellary,Laudham,Ellary Laudham
4234,1164,Gilemette,Lyne,Gilemette Lyne
4235,6404,Lyda,Yegorkov,Lyda Yegorkov
4236,4925,Marne,Offner,Marne Offner
4237,4582,Carlie,Burroughes,Carlie Burroughes
4238,1855,Walther,Martonfi,Walther Martonfi
4239,4407,Armin,Bellas,Armin Bellas
4240,4359,King,Sansum,King Sansum
4241,868,Ashleigh,Fearnley,Ashleigh Fearnley
4242,379,Nataline,Nornasell,Nataline Nornasell
4243,4304,Rochette,Kment,Rochette Kment
4244,2935,Cissiee,Bertholin,Cissiee Bertholin
4245,5278,Shaine,Chatwin,Shaine Chatwin
4246,4546,Friedrick,Dumbrill,Friedrick Dumbrill
4247,4858,Willabella,Kubek,Willabella Kubek
4248,2280,Anni,Sanpere,Anni Sanpere
4249,3064,Babbie,Gerber,Babbie Gerber
4250,748,Marian,Amdohr,Marian Amdohr
4251,3337,Sher,Burberry,Sher Burberry
4252,2391,Nancey,De Meyer,Nancey De Meyer
4253,741,Nikita,Gyorgy,Nikita Gyorgy
4254,4180,Morgan,Dring,Morgan Dring
4255,3561,Dore,Headingham,Dore Headingham
4256,6206,Revkah,Duignan,Revkah Duignan
4257,2522,Kaye,Elverstone,Kaye Elverstone
4258,4171,Selby,Tesyro,Selby Tesyro
4259,4943,Asia,Kobiera,Asia Kobiera
4260,2978,Pepi,Gasticke,Pepi Gasticke
4261,2937,Gianni,Pottberry,Gianni Pottberry
4262,4627,Nell,Coonihan,Nell Coonihan
4263,857,Gibby,Barnet,Gibby Barnet
4264,759,Chrissie,Steven,Chrissie Steven
4265,4006,Aldric,Antliff,Aldric Antliff
4266,1912,Lian,Bettis,Lian Bettis
4267,3398,Nikolia,Bineham,Nikolia Bineham
4268,4488,Nickola,Gethins,Nickola Gethins
4269,6203,Carlos,MacDunleavy,Carlos MacDunleavy
4270,2079,Anstice,Gajewski,Anstice Gajewski
4271,4105,Glad,Duggen,Glad Duggen
4272,1019,Krystyna,Allan,Krystyna Allan
4273,3463,Pegeen,Petegre,Pegeen Petegre
4274,29,Jeffy,Medhurst,Jeffy Medhurst
4275,5020,Joelynn,Ledekker,Joelynn Ledekker
4276,852,Cherlyn,Kidstoun,Cherlyn Kidstoun
4277,884,Garnette,Gommowe,Garnette Gommowe
4278,3291,Bevon,Athey,Bevon Athey
4279,6331,Lynnelle,Frankel,Lynnelle Frankel
4280,5000,Monty,Eady,Monty Eady
4281,4843,Jolynn,Insall,Jolynn Insall
4282,6309,Gisella,Beningfield,Gisella Beningfield
4283,128,Aristotle,Le Provest,Aristotle Le Provest
4284,5351,Janeczka,Buyers,Janeczka Buyers
4285,1932,Andie,Dowse,Andie Dowse
4286,1873,Iona,Tremblett,Iona Tremblett
4287,1041,Erika,MacRierie,Erika MacRierie
4288,4609,Shurlock,Pryor,Shurlock Pryor
4289,1882,Tonnie,Patters,Tonnie Patters
4290,2475,Aleksandr,Pearmine,Aleksandr Pearmine
4291,2298,Jesselyn,Foch,Jesselyn Foch
4292,4923,Renata,Boutellier,Renata Boutellier
4293,258,Berri,Vivash,Berri Vivash
4294,1151,Wat,Loving,Wat Loving
4295,5531,Judy,Sills,Judy Sills
4296,2625,Terese,Cuddehy,Terese Cuddehy
4297,4342,Cristen,Colafate,Cristen Colafate
4298,4744,Ethyl,Dowbekin,Ethyl Dowbekin
4299,602,Elene,Exter,Elene Exter
4300,6038,Howey,Antonietti,Howey Antonietti
4301,2446,Rex,Tomowicz,Rex Tomowicz
4302,1432,Mordy,Valente,Mordy Valente
4303,3761,Rogerio,Rickard,Rogerio Rickard
4304,4979,Selene,Wallace,Selene Wallace
4305,1511,Allyn,Weinberg,Allyn Weinberg
4306,1838,Vivien,Longhorne,Vivien Longhorne
4307,6199,Court,Yakobovitz,Court Yakobovitz
4308,1242,Charmane,McPhilip,Charmane McPhilip
4309,269,Coraline,Aspy,Coraline Aspy
4310,4023,Lesley,Chalk,Lesley Chalk
4311,4870,Gabe,Cholton,Gabe Cholton
4312,4063,Lesley,Di Iorio,Lesley Di Iorio
4313,2324,Vale,Cushion,Vale Cushion
4314,4215,Dillon,Rivaland,Dillon Rivaland
4315,2828,Catherine,Burbury,Catherine Burbury
4316,1599,Pen,Winstone,Pen Winstone
4317,4638,Brien,Denisot,Brien Denisot
4318,3615,Den,Wardhaugh,Den Wardhaugh
4319,1700,Audry,Kenelin,Audry Kenelin
4320,3165,Jeane,Pinyon,Jeane Pinyon
4321,1072,Hurleigh,Aucourte,Hurleigh Aucourte
4322,2863,Kamila,Siemens,Kamila Siemens
4323,1507,Hiram,Sandercock,Hiram Sandercock
4324,3744,Giorgio,Jacobsohn,Giorgio Jacobsohn
4325,329,Laurence,Braiden,Laurence Braiden
4326,3984,Kennie,Dran,Kennie Dran
4327,3062,Anabella,Baytrop,Anabella Baytrop
4328,3868,Lindy,Trusler,Lindy Trusler
4329,974,Leland,Alti,Leland Alti
4330,4012,Christopher,Pennington,Christopher Pennington
4331,5764,Milli,Vallow,Milli Vallow
4332,819,Lorraine,Crunden,Lorraine Crunden
4333,6151,Laural,Gero,Laural Gero
4334,1847,Donny,Dwyer,Donny Dwyer
4335,3250,Nataline,Kidney,Nataline Kidney
4336,6323,Lovell,Real,Lovell Real
4337,3875,Piotr,Ferney,Piotr Ferney
4338,3112,Lauri,Wissbey,Lauri Wissbey
4339,2487,Bertina,Rollett,Bertina Rollett
4340,6047,Korrie,Walhedd,Korrie Walhedd
4341,140,Laetitia,Jouannot,Laetitia Jouannot
4342,886,Levon,Sperwell,Levon Sperwell
4343,2360,Carling,Elrick,Carling Elrick
4344,278,Dacey,Tidridge,Dacey Tidridge
4345,6433,Feodora,MacCartair,Feodora MacCartair
4346,5965,Jermayne,Kiebes,Jermayne Kiebes
4347,2375,Aigneis,Dummigan,Aigneis Dummigan
4348,5282,Smitty,Josselsohn,Smitty Josselsohn
4349,4392,Clair,Evett,Clair Evett
4350,3222,Austin,Catley,Austin Catley
4351,6030,Gloriane,Petrowsky,Gloriane Petrowsky
4352,46,Dallis,Shilito,Dallis Shilito
4353,6171,Dylan,Wadsworth,Dylan Wadsworth
4354,5697,Chrisy,Gann,Chrisy Gann
4355,3156,Raphael,Cawcutt,Raphael Cawcutt
4356,3421,Suellen,Sallans,Suellen Sallans
4357,4537,Berthe,Drei,Berthe Drei
4358,21,Iggy,Skone,Iggy Skone
4359,6231,Dell,Dreossi,Dell Dreossi
4360,3630,Viviyan,Engledow,Viviyan Engledow
4361,1225,Sylvester,Greenough,Sylvester Greenough
4362,5591,Sherie,Shrive,Sherie Shrive
4363,1925,Buffy,Burney,Buffy Burney
4364,3560,Tull,Ewbanke,Tull Ewbanke
4365,5365,Paige,Ismead,Paige Ismead
4366,3594,Jammie,Ardling,Jammie Ardling
4367,1628,Morse,Butten,Morse Butten
4368,3576,Ewan,Cauldwell,Ewan Cauldwell
4369,2590,Sergei,Snare,Sergei Snare
4370,2974,Hurleigh,D'Ambrosi,Hurleigh D'Ambrosi
4371,3436,Ladonna,Upcraft,Ladonna Upcraft
4372,3953,Malissa,Drake,Malissa Drake
4373,3939,Shayna,Collingworth,Shayna Collingworth
4374,221,Donal,Cornels,Donal Cornels
4375,2034,Gram,McGowran,Gram McGowran
4376,6215,Yvor,Worthington,Yvor Worthington
4377,889,Rockie,Kibbey,Rockie Kibbey
4378,3330,Lisette,Breddy,Lisette Breddy
4379,4178,Sybille,Carlton,Sybille Carlton
4380,5038,Dalston,Templeman,Dalston Templeman
4381,7,Ketty,Fulham,Ketty Fulham
4382,5029,Jaymie,Causier,Jaymie Causier
4383,2056,Orelee,McGoogan,Orelee McGoogan
4384,5287,Jeniece,Carrabot,Jeniece Carrabot
4385,192,Jerald,Oldman,Jerald Oldman
4386,2437,Wells,Close,Wells Close
4387,1002,Suzette,Quinnette,Suzette Quinnette
4388,244,Norman,Schwander,Norman Schwander
4389,4521,Dinah,Hyndley,Dinah Hyndley
4390,6189,Adella,Dusey,Adella Dusey
4391,6114,Dalis,Alsobrook,Dalis Alsobrook
4392,381,Wallache,Gasgarth,Wallache Gasgarth
4393,4335,Bayard,Makinson,Bayard Makinson
4394,1977,Zola,Fosdyke,Zola Fosdyke
4395,878,Rycca,Stockman,Rycca Stockman
4396,4840,Gabriela,Alvaro,Gabriela Alvaro
4397,1745,Whitney,Breslauer,Whitney Breslauer
4398,2320,Yulma,Ganforth,Yulma Ganforth
4399,2258,Neddie,Vescovini,Neddie Vescovini
4400,5167,Urbano,Grcic,Urbano Grcic
4401,3342,Thadeus,Hurring,Thadeus Hurring
4402,2819,Bradan,Rigden,Bradan Rigden
4403,840,Karlens,St. Leger,Karlens St. Leger
4404,6081,Emmie,Mc Andrew,Emmie Mc Andrew
4405,4489,Talbert,Fee,Talbert Fee
4406,3047,Olivier,Shottin,Olivier Shottin
4407,4822,Kylynn,Trippack,Kylynn Trippack
4408,2482,Nichole,Adam,Nichole Adam
4409,5262,Josh,Dittson,Josh Dittson
4410,5301,Woodie,Cardiff,Woodie Cardiff
4411,3819,Jarred,Hancke,Jarred Hancke
4412,4558,Emalia,Watkiss,Emalia Watkiss
4413,4315,Charin,Olden,Charin Olden
4414,2456,Mace,Ianne,Mace Ianne
4415,1154,Esteban,Burdekin,Esteban Burdekin
4416,3051,Juline,McCray,Juline McCray
4417,3055,Lenette,Wringe,Lenette Wringe
4418,6178,Clementina,Margiotta,Clementina Margiotta
4419,1699,Antin,Mephan,Antin Mephan
4420,4430,Glenn,Scrivin,Glenn Scrivin
4421,1287,Inness,Gunny,Inness Gunny
4422,6166,Sonny,Langelay,Sonny Langelay
4423,4684,Luisa,Odd,Luisa Odd
4424,2956,Berni,Pirdy,Berni Pirdy
4425,3915,Iormina,Sessuns,Iormina Sessuns
4426,553,Nell,Birdis,Nell Birdis
4427,3029,Arel,Loche,Arel Loche
4428,1708,Sylvia,Server,Sylvia Server
4429,5049,Hartwell,Messiter,Hartwell Messiter
4430,333,Odell,Rivaland,Odell Rivaland
4431,3907,Marlo,Rowthorn,Marlo Rowthorn
