line_item_id,order_number,date_key,product_key,customer_key,location_key,payment_key,quantity,unit_price,subtotal_price,total_price_usd,total_tax,tax_rate
gid://shopify/LineItem/2153619128398,1681,20250319,1,1,1,1,1,535.13,535.13,588.643,53.513,10.0
gid://shopify/LineItem/2160863674446,6972,20250324,1,2,2,1,1,578.33,578.33,636.163,57.833,10.0
gid://shopify/LineItem/2157784006734,4994,20250322,1,3,1,1,1,594.33,594.33,653.763,59.433,10.0
gid://shopify/LineItem/2151551729742,206,20250318,1,4,3,2,1,487.13,487.13,535.843,48.713,10.0
gid://shopify/LineItem/2157085786190,4346,20250322,1,5,4,3,1,535.13,535.13,588.643,53.513,10.0
gid://shopify/LineItem/2159012479054,5656,20250323,2,6,5,1,1,741.13,741.13,815.243,74.113,10.0
gid://shopify/LineItem/2160327950414,6507,20250324,2,7,6,1,1,1036.73,1036.73,1140.403,103.673,10.0
gid://shopify/LineItem/2160746299470,6890,20250324,2,8,7,1,1,1038.33,1038.33,1142.163,103.833,10.0
gid://shopify/LineItem/2160156573774,6284,20250324,3,9,8,3,1,508.13,508.13,558.943,50.813,10.0
gid://shopify/LineItem/2160156737614,6285,20250324,3,10,9,1,1,713.13,713.13,784.443,71.313,10.0
gid://shopify/LineItem/2158976237646,5629,20250323,3,11,10,4,1,595.93,595.93,655.523,59.593,10.0
gid://shopify/LineItem/2157950107726,5133,20250322,4,12,11,1,1,634.33,634.33,697.763,63.433,10.0
gid://shopify/LineItem/2160815112270,6937,20250324,4,13,12,1,1,547.13,547.13,601.843,54.713,10.0
gid://shopify/LineItem/2154745790542,2560,20250320,5,14,13,1,1,944.13,944.13,1038.543,94.413,10.0
gid://shopify/LineItem/2156666486862,4090,20250321,5,15,14,3,1,562.13,562.13,618.343,56.213,10.0
gid://shopify/LineItem/2159423553614,5927,20250323,5,16,15,1,1,727.13,727.13,799.843,72.713,10.0
gid://shopify/LineItem/2156700205134,4113,20250321,5,17,16,1,1,529.53,529.53,582.483,52.953,10.0
gid://shopify/LineItem/2161105371214,7159,20250324,5,18,17,1,1,821.53,821.53,903.683,82.153,10.0
gid://shopify/LineItem/2161468571726,7402,20250324,5,19,18,1,1,686.33,686.33,754.963,68.633,10.0
gid://shopify/LineItem/2151810007118,433,20250318,6,20,19,5,1,474.13,474.13,521.543,47.413,10.0
gid://shopify/LineItem/2156680052814,4104,20250321,7,21,20,4,1,595.13,595.13,654.643,59.513,10.0
gid://shopify/LineItem/2155147133006,2985,20250320,8,22,21,5,1,595.13,595.13,654.643,59.513,10.0
gid://shopify/LineItem/2153747775566,1817,20250319,9,23,22,4,1,527.13,527.13,579.843,52.713,10.0
gid://shopify/LineItem/2154416144462,2190,20250320,10,24,23,1,1,527.13,527.13,579.843,52.713,10.0
gid://shopify/LineItem/2154658496590,2457,20250320,10,25,24,5,1,509.53,509.53,560.483,50.953,10.0
gid://shopify/LineItem/2155970003022,3524,20250321,10,26,25,1,1,509.53,509.53,560.483,50.953,10.0
gid://shopify/LineItem/2160748396622,6892,20250324,10,27,26,1,1,587.93,587.93,646.723,58.793,10.0
gid://shopify/LineItem/2160318349390,6494,20250324,11,28,27,3,1,527.13,527.13,579.843,52.713,10.0
gid://shopify/LineItem/2151524663374,173,20250318,11,29,28,1,1,736.73,736.73,810.403,73.673,10.0
gid://shopify/LineItem/2158218510414,5285,20250323,12,30,29,1,1,527.13,527.13,579.843,52.713,10.0
gid://shopify/LineItem/2153012625486,1134,20250319,12,31,30,3,1,579.93,579.93,637.923,57.993,10.0
gid://shopify/LineItem/2154569236558,2377,20250320,12,32,31,1,1,509.53,509.53,560.483,50.953,10.0
gid://shopify/LineItem/2157725122638,4959,20250322,12,33,20,1,1,782.63,782.63,860.893,78.263,10.0
gid://shopify/LineItem/2152949678158,1069,20250319,13,34,32,1,1,527.13,527.13,579.843,52.713,10.0
gid://shopify/LineItem/2157811138638,5011,20250322,13,35,33,1,1,625.13,625.13,687.643,62.513,10.0
gid://shopify/LineItem/2153812885582,1871,20250319,14,36,34,1,1,658.33,658.33,724.163,65.833,10.0
gid://shopify/LineItem/2159186214990,5769,20250323,14,37,35,1,1,587.93,587.93,646.723,58.793,10.0
gid://shopify/LineItem/2159408349262,5916,20250323,14,38,36,1,1,509.53,509.53,560.483,50.953,10.0
gid://shopify/LineItem/2160394436686,6570,20250324,14,39,37,5,1,610.33,610.33,671.363,61.033,10.0
gid://shopify/LineItem/2153597894734,1671,20250319,14,40,10,5,1,569.13,569.13,626.043,56.913,10.0
gid://shopify/LineItem/2161041244238,7104,20250324,14,41,38,3,1,1064.73,1064.73,1171.203,106.473,10.0
gid://shopify/LineItem/2153034022990,1155,20250319,15,42,16,1,1,658.33,658.33,724.163,65.833,10.0
gid://shopify/LineItem/2155003019342,2832,20250320,15,43,39,3,1,509.53,509.53,560.483,50.953,10.0
gid://shopify/LineItem/2156183322702,3705,20250321,15,44,1,1,1,579.93,579.93,637.923,57.993,10.0
gid://shopify/LineItem/2157127106638,4406,20250322,15,45,29,1,1,648.73,648.73,713.603,64.873,10.0
gid://shopify/LineItem/2158227947598,5289,20250323,15,46,40,3,1,652.13,652.13,717.343,65.213,10.0
gid://shopify/LineItem/2161193517134,7235,20250324,15,47,41,3,1,625.13,625.13,687.643,62.513,10.0
gid://shopify/LineItem/2152600764494,937,20250318,16,48,40,1,1,527.13,527.13,579.843,52.713,10.0
gid://shopify/LineItem/2153473540174,1538,20250319,16,49,1,1,1,527.13,527.13,579.843,52.713,10.0
gid://shopify/LineItem/2153519939662,1584,20250319,16,50,42,1,1,585.13,585.13,643.643,58.513,10.0
gid://shopify/LineItem/2153766355022,1837,20250319,16,51,43,1,1,674.13,674.13,741.543,67.413,10.0
gid://shopify/LineItem/2154778394702,2603,20250320,16,52,44,1,1,615.13,615.13,676.643,61.513,10.0
gid://shopify/LineItem/2156430983246,3914,20250321,16,53,45,1,1,909.13,909.13,1000.043,90.913,10.0
gid://shopify/LineItem/2159246835790,5809,20250323,16,54,46,1,1,527.13,527.13,579.843,52.713,10.0
gid://shopify/LineItem/2152017133646,580,20250318,16,55,47,1,1,579.93,579.93,637.923,57.993,10.0
gid://shopify/LineItem/2154572775502,2380,20250320,16,56,16,1,1,509.53,509.53,560.483,50.953,10.0
gid://shopify/LineItem/2157108723790,4379,20250322,16,57,48,1,1,509.53,509.53,560.483,50.953,10.0
gid://shopify/LineItem/2152504655950,892,20250318,16,58,49,5,1,509.53,509.53,560.483,50.953,10.0
gid://shopify/LineItem/2157805535310,5007,20250322,16,59,50,5,1,509.53,509.53,560.483,50.953,10.0
gid://shopify/LineItem/2161367285838,7343,20250324,16,60,51,5,1,504.13,504.13,554.543,50.413,10.0
gid://shopify/LineItem/2156640174158,4074,20250321,17,61,52,1,1,527.13,527.13,579.843,52.713,10.0
gid://shopify/LineItem/2160270934094,6432,20250324,18,62,53,1,1,615.13,615.13,676.643,61.513,10.0
gid://shopify/LineItem/2160355573838,6532,20250324,18,63,54,1,1,615.13,615.13,676.643,61.513,10.0
gid://shopify/LineItem/2152650670158,958,20250319,18,64,55,1,1,509.53,509.53,560.483,50.953,10.0
gid://shopify/LineItem/2156115296334,3647,20250321,18,65,28,5,1,439.13,439.13,483.043,43.913,10.0
gid://shopify/LineItem/2151436157006,88,20250318,18,66,56,5,1,509.53,509.53,560.483,50.953,10.0
gid://shopify/LineItem/2151445725262,101,20250318,18,67,57,5,1,509.53,509.53,560.483,50.953,10.0
gid://shopify/LineItem/2154924245070,2741,20250320,18,68,58,5,1,509.53,509.53,560.483,50.953,10.0
gid://shopify/LineItem/2152562950222,921,20250318,19,69,59,1,1,869.13,869.13,956.043,86.913,10.0
gid://shopify/LineItem/2157269090382,4562,20250322,19,70,27,1,1,439.13,439.13,483.043,43.913,10.0
gid://shopify/LineItem/2157883916366,5076,20250322,1,71,60,1,1,484.13,484.13,532.543,48.413,10.0
gid://shopify/LineItem/2153115484238,1239,20250319,20,72,61,1,1,613.13,613.13,674.443,61.313,10.0
gid://shopify/LineItem/2160313008206,6485,20250324,20,73,1,1,1,485.53,485.53,534.083,48.553,10.0
gid://shopify/LineItem/2159173697614,5760,20250323,20,74,62,5,1,537.13,537.13,590.843,53.713,10.0
gid://shopify/LineItem/2155168759886,3003,20250320,20,75,63,5,1,490.13,490.13,539.143,49.013,10.0
gid://shopify/LineItem/2157294682190,4588,20250322,20,76,64,3,1,497.13,497.13,546.843,49.713,10.0
gid://shopify/LineItem/2160544284750,6710,20250324,20,77,49,1,1,497.13,497.13,546.843,49.713,10.0
gid://shopify/LineItem/2160320675918,6498,20250324,20,78,65,1,1,915.93,915.93,1007.523,91.593,10.0
gid://shopify/LineItem/2160714416206,6857,20250324,20,79,66,3,1,541.13,541.13,595.243,54.113,10.0
gid://shopify/LineItem/2161032134734,7096,20250324,20,80,16,1,1,482.63,482.63,530.893,48.263,10.0
gid://shopify/LineItem/2153079767118,1201,20250319,20,81,43,3,1,497.13,497.13,546.843,49.713,10.0
gid://shopify/LineItem/2156286541902,3793,20250321,20,82,67,1,1,497.13,497.13,546.843,49.713,10.0
gid://shopify/LineItem/2158198325326,5278,20250322,20,83,41,1,1,497.13,497.13,546.843,49.713,10.0
gid://shopify/LineItem/2158641381454,5432,20250323,20,84,68,1,1,497.13,497.13,546.843,49.713,10.0
gid://shopify/LineItem/2159586934862,6034,20250323,20,85,69,1,1,555.13,555.13,610.643,55.513,10.0
gid://shopify/LineItem/2160322805838,6502,20250324,20,86,70,3,1,497.13,497.13,546.843,49.713,10.0
gid://shopify/LineItem/2160674406478,6813,20250324,20,87,19,3,1,613.13,613.13,674.443,61.313,10.0
gid://shopify/LineItem/2152998109262,1122,20250319,20,88,71,1,1,664.73,664.73,731.203,66.473,10.0
gid://shopify/LineItem/2153735913550,1805,20250319,20,89,39,1,1,671.13,671.13,738.243,67.113,10.0
gid://shopify/LineItem/2157977108558,5153,20250322,20,90,72,4,1,485.53,485.53,534.083,48.553,10.0
gid://shopify/LineItem/2159219146830,5787,20250323,20,91,73,1,1,526.13,526.13,578.743,52.613,10.0
gid://shopify/LineItem/2159389081678,5906,20250323,20,92,1,3,1,548.63,548.63,603.493,54.863,10.0
gid://shopify/LineItem/2159089025102,5694,20250323,20,93,74,5,1,490.13,490.13,539.143,49.013,10.0
gid://shopify/LineItem/2158934425678,5597,20250323,20,94,75,5,1,1041.13,1041.13,1145.243,104.113,10.0
gid://shopify/LineItem/2160741187662,6883,20250324,20,95,13,1,1,531.93,531.93,585.123,53.193,10.0
gid://shopify/LineItem/2161085218894,7144,20250324,20,96,76,1,1,497.13,497.13,546.843,49.713,10.0
gid://shopify/LineItem/2161192009806,7233,20250324,20,97,77,3,1,613.13,613.13,674.443,61.313,10.0
gid://shopify/LineItem/2161369579598,7346,20250324,20,98,78,3,1,613.13,613.13,674.443,61.313,10.0
gid://shopify/LineItem/2157828472910,5023,20250322,20,99,79,3,1,717.53,717.53,789.283,71.753,10.0
gid://shopify/LineItem/2153225683022,1342,20250319,20,64,80,1,1,729.13,729.13,802.043,72.913,10.0
gid://shopify/LineItem/2154716037198,2524,20250320,20,100,20,1,1,497.13,497.13,546.843,49.713,10.0
gid://shopify/LineItem/2158655504462,5444,20250323,20,101,70,1,1,485.53,485.53,534.083,48.553,10.0
gid://shopify/LineItem/2160274407502,6439,20250324,20,102,81,3,1,547.93,547.93,602.723,54.793,10.0
gid://shopify/LineItem/2161176969294,7218,20250324,20,103,68,1,1,671.13,671.13,738.243,67.113,10.0
gid://shopify/LineItem/2161377116238,7350,20250324,20,104,82,1,1,497.13,497.13,546.843,49.713,10.0
gid://shopify/LineItem/2157190676558,4481,20250322,20,105,83,1,1,624.73,624.73,687.203,62.473,10.0
gid://shopify/LineItem/2159177465934,5763,20250323,20,106,19,1,1,531.93,531.93,585.123,53.193,10.0
gid://shopify/LineItem/2152098889806,648,20250318,20,107,19,5,1,490.13,490.13,539.143,49.013,10.0
gid://shopify/LineItem/2154664427598,2466,20250320,20,108,84,3,1,485.53,485.53,534.083,48.553,10.0
gid://shopify/LineItem/2153499557966,1559,20250319,20,109,85,5,1,497.13,497.13,546.843,49.713,10.0
gid://shopify/LineItem/2158648721486,5440,20250323,20,110,86,2,1,497.13,497.13,546.843,49.713,10.0
gid://shopify/LineItem/2152921333838,1042,20250319,20,111,17,5,1,490.13,490.13,539.143,49.013,10.0
gid://shopify/LineItem/2160811802702,6935,20250324,20,112,87,1,1,671.13,671.13,738.243,67.113,10.0
gid://shopify/LineItem/2154131226702,2050,20250320,20,113,53,1,1,565.13,565.13,621.643,56.513,10.0
gid://shopify/LineItem/2155105583182,2946,20250320,20,114,82,4,1,497.13,497.13,546.843,49.713,10.0
gid://shopify/LineItem/2159214067790,5779,20250323,20,115,8,3,1,595.13,595.13,654.643,59.513,10.0
gid://shopify/LineItem/2154506190926,2311,20250320,20,116,47,1,1,485.53,485.53,534.083,48.553,10.0
gid://shopify/LineItem/2154600104014,2399,20250320,20,117,70,1,1,539.93,539.93,593.923,53.993,10.0
gid://shopify/LineItem/2159324266574,5857,20250323,20,118,88,1,1,505.53,505.53,556.083,50.553,10.0
gid://shopify/LineItem/2157374079054,4666,20250322,20,119,89,1,1,749.53,749.53,824.483,74.953,10.0
gid://shopify/LineItem/2155876876366,3443,20250321,20,120,16,5,1,493.53,493.53,542.883,49.353,10.0
gid://shopify/LineItem/2159772172366,6162,20250323,21,121,21,1,1,635.13,635.13,698.643,63.513,10.0
gid://shopify/LineItem/2160365469774,6547,20250324,21,122,90,1,1,723.13,723.13,795.443,72.313,10.0
gid://shopify/LineItem/2159568748622,6023,20250323,21,123,80,1,1,517.53,517.53,569.283,51.753,10.0
gid://shopify/LineItem/2160139075662,6278,20250324,21,124,1,1,1,517.53,517.53,569.283,51.753,10.0
gid://shopify/LineItem/2160913842254,7004,20250324,21,125,43,1,1,595.93,595.93,655.523,59.593,10.0
gid://shopify/LineItem/2159171797070,5759,20250323,21,126,91,1,1,537.13,537.13,590.843,53.713,10.0
gid://shopify/LineItem/2159378759758,5899,20250323,21,127,92,1,1,537.13,537.13,590.843,53.713,10.0
gid://shopify/LineItem/2159748382798,6143,20250323,21,128,92,1,1,635.13,635.13,698.643,63.513,10.0
gid://shopify/LineItem/2161306140750,7318,20250324,21,129,85,3,1,537.13,537.13,590.843,53.713,10.0
gid://shopify/LineItem/2160788176974,6916,20250324,21,130,61,1,1,642.33,642.33,706.563,64.233,10.0
gid://shopify/LineItem/2161394909262,7363,20250324,21,131,93,1,1,650.33,650.33,715.363,65.033,10.0
gid://shopify/LineItem/2154689527886,2493,20250320,22,132,94,3,1,498.13,498.13,547.943,49.813,10.0
gid://shopify/LineItem/2159535947854,6002,20250323,22,133,95,1,1,527.13,527.13,579.843,52.713,10.0
gid://shopify/LineItem/2158124171342,5244,20250322,23,134,93,1,1,498.13,498.13,547.943,49.813,10.0
gid://shopify/LineItem/2156124307534,3654,20250321,23,135,94,3,1,556.73,556.73,612.403,55.673,10.0
gid://shopify/LineItem/2158670938190,5449,20250323,23,136,96,1,1,571.13,571.13,628.243,57.113,10.0
gid://shopify/LineItem/2152647295054,957,20250319,23,137,3,1,1,630.38,630.38,693.418,63.038,10.0
gid://shopify/LineItem/2160587604046,6742,20250324,23,138,97,4,1,527.13,527.13,579.843,52.713,10.0
gid://shopify/LineItem/2159865757774,6211,20250323,23,139,98,5,1,666.33,666.33,732.963,66.633,10.0
gid://shopify/LineItem/2161227137102,7258,20250324,23,140,30,1,1,470.33,470.33,517.363,47.033,10.0
gid://shopify/LineItem/2161422827598,7382,20250324,23,141,99,3,1,478.13,478.13,525.943,47.813,10.0
gid://shopify/LineItem/2154365911118,2124,20250320,24,142,100,1,1,576.13,576.13,633.743,57.613,10.0
gid://shopify/LineItem/2153557721166,1627,20250319,25,143,101,3,2,278.56,557.13,612.843,55.713,10.0
gid://shopify/LineItem/2158859550798,5540,20250323,25,144,85,1,1,596.13,596.13,655.743,59.613,10.0
gid://shopify/LineItem/2159693693006,6108,20250323,25,145,74,1,1,654.13,654.13,719.543,65.413,10.0
gid://shopify/LineItem/2160201597006,6327,20250324,25,146,102,4,1,537.13,537.13,590.843,53.713,10.0
gid://shopify/LineItem/2156370821198,3849,20250321,26,147,74,5,1,498.13,498.13,547.943,49.813,10.0
gid://shopify/LineItem/2160573382734,6730,20250324,26,148,17,5,1,486.33,486.33,534.963,48.633,10.0
gid://shopify/LineItem/2160802037838,6924,20250324,27,149,103,3,1,594.13,594.13,653.543,59.413,10.0
gid://shopify/LineItem/2154990436430,2813,20250320,28,150,104,1,1,702.13,702.13,772.343,70.213,10.0
gid://shopify/LineItem/2151587905614,243,20250318,29,151,1,1,1,566.13,566.13,622.743,56.613,10.0
gid://shopify/LineItem/2152280096846,748,20250318,29,152,14,4,1,547.13,547.13,601.843,54.713,10.0
gid://shopify/LineItem/2154687168590,2489,20250320,29,102,104,1,1,498.13,498.13,547.943,49.813,10.0
gid://shopify/LineItem/2154787012686,2614,20250320,29,153,74,1,1,576.13,576.13,633.743,57.613,10.0
gid://shopify/LineItem/2157688029262,4936,20250322,29,154,83,1,1,586.13,586.13,644.743,58.613,10.0
gid://shopify/LineItem/2154047406158,2011,20250319,30,155,105,1,1,703.13,703.13,773.443,70.313,10.0
gid://shopify/LineItem/2154416013390,2189,20250320,30,156,57,1,1,625.13,625.13,687.643,62.513,10.0
gid://shopify/LineItem/2154796023886,2621,20250320,30,157,106,1,1,674.13,674.13,741.543,67.413,10.0
gid://shopify/LineItem/2155012423758,2841,20250320,30,158,17,3,1,635.13,635.13,698.643,63.513,10.0
gid://shopify/LineItem/2155312414798,3122,20250320,30,159,74,1,1,498.13,498.13,547.943,49.813,10.0
gid://shopify/LineItem/2155673813070,3251,20250321,30,160,107,4,1,562.13,562.13,618.343,56.213,10.0
gid://shopify/LineItem/2158948417614,5603,20250323,30,161,108,1,1,498.13,498.13,547.943,49.813,10.0
gid://shopify/LineItem/2152246280270,728,20250318,30,121,109,1,1,603.13,603.13,663.443,60.313,10.0
gid://shopify/LineItem/2152576352334,929,20250318,30,162,21,4,1,540.73,540.73,594.803,54.073,10.0
gid://shopify/LineItem/2155306811470,3119,20250320,30,163,1,4,1,542.33,542.33,596.563,54.233,10.0
gid://shopify/LineItem/2156259049550,3772,20250321,30,164,47,3,1,486.33,486.33,534.963,48.633,10.0
gid://shopify/LineItem/2157411663950,4698,20250322,30,165,110,1,1,704.73,704.73,775.203,70.473,10.0
gid://shopify/LineItem/2151562215502,219,20250318,30,166,11,5,1,526.13,526.13,578.743,52.613,10.0
gid://shopify/LineItem/2160869769294,6978,20250324,30,167,111,1,1,525.53,525.53,578.083,52.553,10.0
gid://shopify/LineItem/2161498521678,7423,20250324,30,168,112,1,1,486.33,486.33,534.963,48.633,10.0
gid://shopify/LineItem/2151501267022,141,20250318,31,169,83,1,1,653.13,653.13,718.443,65.313,10.0
gid://shopify/LineItem/2151930462286,526,20250318,31,170,56,4,1,498.13,498.13,547.943,49.813,10.0
gid://shopify/LineItem/2153140125774,1261,20250319,31,171,8,3,1,762.13,762.13,838.343,76.213,10.0
gid://shopify/LineItem/2155030675534,2867,20250320,31,172,10,1,1,576.13,576.13,633.743,57.613,10.0
gid://shopify/LineItem/2159108259918,5717,20250323,31,173,113,5,1,498.13,498.13,547.943,49.813,10.0
gid://shopify/LineItem/2153691709518,1754,20250319,31,174,16,1,1,439.13,439.13,483.043,43.913,10.0
gid://shopify/LineItem/2151405518926,72,20250318,31,175,114,5,1,748.13,748.13,822.943,74.813,10.0
gid://shopify/LineItem/2161081745486,7139,20250324,31,176,46,3,1,525.53,525.53,578.083,52.553,10.0
gid://shopify/LineItem/2161274683470,7299,20250324,31,177,62,1,1,799.93,799.93,879.923,79.993,10.0
gid://shopify/LineItem/2161305878606,7317,20250324,31,178,115,1,1,498.13,498.13,547.943,49.813,10.0
gid://shopify/LineItem/2153206906958,1316,20250319,32,179,116,1,1,486.33,486.33,534.963,48.633,10.0
gid://shopify/LineItem/2155860197454,3432,20250321,33,180,17,1,1,495.13,495.13,544.643,49.513,10.0
gid://shopify/LineItem/2156034228302,3588,20250321,33,181,117,1,1,633.13,633.13,696.443,63.313,10.0
gid://shopify/LineItem/2156680020046,4103,20250321,33,182,118,3,1,467.13,467.13,513.843,46.713,10.0
gid://shopify/LineItem/2158891466830,5568,20250323,33,183,43,1,1,593.13,593.13,652.443,59.313,10.0
gid://shopify/LineItem/2159561932878,6015,20250323,33,184,35,1,1,467.13,467.13,513.843,46.713,10.0
gid://shopify/LineItem/2159576744014,6027,20250323,33,185,1,1,1,545.13,545.13,599.643,54.513,10.0
gid://shopify/LineItem/2151872102478,486,20250318,33,186,53,1,1,679.13,679.13,747.043,67.913,10.0
gid://shopify/LineItem/2156674121806,4096,20250321,33,187,89,1,1,538.33,538.33,592.163,53.833,10.0
gid://shopify/LineItem/2152533852238,904,20250318,33,188,119,1,1,467.13,467.13,513.843,46.713,10.0
gid://shopify/LineItem/2153600876622,1672,20250319,33,189,82,1,1,495.13,495.13,544.643,49.513,10.0
gid://shopify/LineItem/2156247875662,3763,20250321,33,190,12,5,1,467.13,467.13,513.843,46.713,10.0
gid://shopify/LineItem/2153186328654,1305,20250319,33,191,20,1,1,551.93,551.93,607.123,55.193,10.0
gid://shopify/LineItem/2155882512462,3450,20250321,33,192,45,3,1,547.13,547.13,601.843,54.713,10.0
gid://shopify/LineItem/2151590002766,245,20250318,33,193,16,1,1,495.13,495.13,544.643,49.513,10.0
gid://shopify/LineItem/2153182855246,1298,20250319,33,194,73,1,1,643.13,643.13,707.443,64.313,10.0
gid://shopify/LineItem/2157959020622,5140,20250322,33,195,120,1,1,643.13,643.13,707.443,64.313,10.0
gid://shopify/LineItem/2158206091342,5279,20250322,33,196,121,5,1,481.53,481.53,529.683,48.153,10.0
gid://shopify/LineItem/2158854406222,5534,20250323,33,197,85,5,1,523.93,523.93,576.323,52.393,10.0
gid://shopify/LineItem/2157035389006,4271,20250322,33,198,122,5,1,467.13,467.13,513.843,46.713,10.0
gid://shopify/LineItem/2159835152462,6196,20250323,33,199,80,1,2,468.56,937.13,1030.843,93.713,10.0
gid://shopify/LineItem/2151962476622,548,20250318,33,200,3,5,1,495.13,495.13,544.643,49.513,10.0
gid://shopify/LineItem/2158008729678,5175,20250322,33,201,123,3,1,525.13,525.13,577.643,52.513,10.0
gid://shopify/LineItem/2159475884110,5955,20250323,33,202,39,3,1,515.13,515.13,566.643,51.513,10.0
gid://shopify/LineItem/2154536992846,2344,20250320,33,203,29,1,1,483.93,483.93,532.323,48.393,10.0
gid://shopify/LineItem/2157388234830,4683,20250322,33,204,124,5,1,687.93,687.93,756.723,68.793,10.0
gid://shopify/LineItem/2151468564558,121,20250318,33,205,125,5,1,492.73,492.73,542.003,49.273,10.0
gid://shopify/LineItem/2157012418638,4229,20250322,33,206,126,3,1,515.13,515.13,566.643,51.513,10.0
gid://shopify/LineItem/2153030189134,1150,20250319,34,207,11,3,1,633.13,633.13,696.443,63.313,10.0
gid://shopify/LineItem/2153394667598,1474,20250319,34,208,127,1,1,467.13,467.13,513.843,46.713,10.0
gid://shopify/LineItem/2152167735374,693,20250318,34,209,128,5,1,467.13,467.13,513.843,46.713,10.0
gid://shopify/LineItem/2152436826190,857,20250318,34,210,74,1,1,467.13,467.13,513.843,46.713,10.0
gid://shopify/LineItem/2158923251790,5594,20250323,34,211,50,1,1,583.13,583.13,641.443,58.313,10.0
gid://shopify/LineItem/2155997495374,3545,20250321,34,212,19,1,1,663.13,663.13,729.443,66.313,10.0
gid://shopify/LineItem/2160876683342,6986,20250324,34,213,32,1,1,467.13,467.13,513.843,46.713,10.0
gid://shopify/LineItem/2151439007822,93,20250318,34,214,16,3,1,565.13,565.13,621.643,56.513,10.0
gid://shopify/LineItem/2156872499278,4165,20250322,34,215,119,1,1,467.13,467.13,513.843,46.713,10.0
gid://shopify/LineItem/2157911572558,5097,20250322,34,216,73,1,1,525.13,525.13,577.643,52.513,10.0
gid://shopify/LineItem/2158031634510,5194,20250322,34,217,110,5,1,467.13,467.13,513.843,46.713,10.0
gid://shopify/LineItem/2154957111374,2775,20250320,34,218,129,5,1,570.33,570.33,627.363,57.033,10.0
gid://shopify/LineItem/2158629421134,5422,20250323,34,219,130,1,1,490.73,490.73,539.803,49.073,10.0
gid://shopify/LineItem/2157806518350,5009,20250322,35,220,16,1,1,467.13,467.13,513.843,46.713,10.0
gid://shopify/LineItem/2154809557070,2637,20250320,35,221,16,1,1,503.63,503.63,553.993,50.363,10.0
gid://shopify/LineItem/2151187251278,19,20250318,35,222,63,1,1,731.13,731.13,804.243,73.113,10.0
gid://shopify/LineItem/2152474738766,875,20250318,35,223,131,1,1,515.93,515.93,567.523,51.593,10.0
gid://shopify/LineItem/2159646998606,6070,20250323,35,224,132,1,1,467.13,467.13,513.843,46.713,10.0
gid://shopify/LineItem/2159757590606,6153,20250323,35,225,17,1,1,467.13,467.13,513.843,46.713,10.0
gid://shopify/LineItem/2159811199054,6182,20250323,35,226,102,1,1,467.13,467.13,513.843,46.713,10.0
gid://shopify/LineItem/2159465168974,5951,20250323,35,227,24,1,1,464.33,464.33,510.763,46.433,10.0
gid://shopify/LineItem/2152121729102,660,20250318,35,228,133,5,1,461.53,461.53,507.683,46.153,10.0
gid://shopify/LineItem/2153497460814,1556,20250319,35,229,134,1,1,564.13,564.13,620.543,56.413,10.0
gid://shopify/LineItem/2158992883790,5641,20250323,35,230,135,2,1,545.13,545.13,599.643,54.513,10.0
gid://shopify/LineItem/2153188819022,1309,20250319,35,231,136,3,1,555.13,555.13,610.643,55.513,10.0
gid://shopify/LineItem/2158239252558,5293,20250323,35,232,137,3,1,663.13,663.13,729.443,66.313,10.0
gid://shopify/LineItem/2160355672142,6533,20250324,1,233,138,3,1,833.13,833.13,916.443,83.313,10.0
gid://shopify/LineItem/2151758495822,379,20250318,1,234,139,1,1,597.53,597.53,657.283,59.753,10.0
gid://shopify/LineItem/2155068391502,2909,20250320,1,235,140,1,1,893.13,893.13,982.443,89.313,10.0
gid://shopify/LineItem/2153813999694,1873,20250319,1,236,110,4,1,816.73,816.73,898.403,81.673,10.0
gid://shopify/LineItem/2153239183438,1352,20250319,36,237,141,1,1,464.13,464.13,510.543,46.413,10.0
gid://shopify/LineItem/2151448543310,103,20250318,36,238,76,1,1,464.13,464.13,510.543,46.413,10.0
gid://shopify/LineItem/2154537156686,2345,20250320,36,239,59,1,1,464.13,464.13,510.543,46.413,10.0
gid://shopify/LineItem/2153942319182,1954,20250319,36,240,53,4,1,464.13,464.13,510.543,46.413,10.0
gid://shopify/LineItem/2160510009422,6679,20250324,37,241,73,1,1,489.13,489.13,538.043,48.913,10.0
gid://shopify/LineItem/2157443252302,4734,20250322,37,242,100,1,1,489.13,489.13,538.043,48.913,10.0
gid://shopify/LineItem/2159333867598,5866,20250323,37,243,10,1,1,489.13,489.13,538.043,48.913,10.0
gid://shopify/LineItem/2155230527566,3069,20250320,37,244,119,3,1,489.13,489.13,538.043,48.913,10.0
gid://shopify/LineItem/2159783837774,6172,20250323,37,245,142,1,1,489.13,489.13,538.043,48.913,10.0
gid://shopify/LineItem/2151829962830,449,20250318,37,246,143,1,1,489.13,489.13,538.043,48.913,10.0
gid://shopify/LineItem/2152374698062,812,20250318,37,247,87,1,1,489.13,489.13,538.043,48.913,10.0
gid://shopify/LineItem/2158878720078,5553,20250323,37,248,144,3,1,489.13,489.13,538.043,48.913,10.0
gid://shopify/LineItem/2159735275598,6135,20250323,37,249,145,3,1,489.13,489.13,538.043,48.913,10.0
gid://shopify/LineItem/2159822569550,6186,20250323,37,250,82,3,1,489.13,489.13,538.043,48.913,10.0
gid://shopify/LineItem/2156034785358,3589,20250321,37,251,146,3,1,489.13,489.13,538.043,48.913,10.0
gid://shopify/LineItem/2152149614670,679,20250318,37,252,94,1,1,489.13,489.13,538.043,48.913,10.0
gid://shopify/LineItem/2151352303694,42,20250318,37,253,87,1,1,489.13,489.13,538.043,48.913,10.0
gid://shopify/LineItem/2158675099726,5453,20250323,37,254,147,1,1,489.13,489.13,538.043,48.913,10.0
gid://shopify/LineItem/2157435289678,4727,20250322,37,255,148,5,1,489.13,489.13,538.043,48.913,10.0
gid://shopify/LineItem/2153105850446,1232,20250319,37,256,16,1,1,489.13,489.13,538.043,48.913,10.0
gid://shopify/LineItem/2153248325710,1362,20250319,37,257,21,1,1,489.13,489.13,538.043,48.913,10.0
gid://shopify/LineItem/2161007362126,7081,20250324,37,258,149,3,1,489.13,489.13,538.043,48.913,10.0
gid://shopify/LineItem/2161130799182,7176,20250324,37,259,150,1,1,489.13,489.13,538.043,48.913,10.0
gid://shopify/LineItem/2152404975694,833,20250318,38,260,26,1,1,514.13,514.13,565.543,51.413,10.0
gid://shopify/LineItem/2160312713294,6484,20250324,38,261,151,1,1,814.13,814.13,895.543,81.413,10.0
gid://shopify/LineItem/2152904556622,1022,20250319,38,262,13,1,1,664.13,664.13,730.543,66.413,10.0
gid://shopify/LineItem/2153976823886,1980,20250319,38,263,8,1,1,514.13,514.13,565.543,51.413,10.0
gid://shopify/LineItem/2156222971982,3740,20250321,38,264,24,1,1,514.13,514.13,565.543,51.413,10.0
gid://shopify/LineItem/2158550286414,5383,20250323,38,265,121,1,1,514.13,514.13,565.543,51.413,10.0
gid://shopify/LineItem/2159484764238,5962,20250323,38,266,119,1,1,514.13,514.13,565.543,51.413,10.0
gid://shopify/LineItem/2160328278094,6509,20250324,38,267,57,1,1,514.13,514.13,565.543,51.413,10.0
gid://shopify/LineItem/2160300982350,6476,20250324,38,268,122,1,1,662.93,662.93,729.223,66.293,10.0
gid://shopify/LineItem/2158718058574,5468,20250323,38,229,152,3,1,514.13,514.13,565.543,51.413,10.0
gid://shopify/LineItem/2151631487054,283,20250318,38,269,153,1,1,514.13,514.13,565.543,51.413,10.0
gid://shopify/LineItem/2153096052814,1221,20250319,38,270,145,1,1,514.13,514.13,565.543,51.413,10.0
gid://shopify/LineItem/2157675577422,4922,20250322,38,271,55,1,1,514.13,514.13,565.543,51.413,10.0
gid://shopify/LineItem/2158988263502,5637,20250323,38,272,154,1,1,514.13,514.13,565.543,51.413,10.0
gid://shopify/LineItem/2152056422478,613,20250318,38,273,12,1,1,514.13,514.13,565.543,51.413,10.0
gid://shopify/LineItem/2156469649486,3948,20250321,38,274,57,1,1,514.13,514.13,565.543,51.413,10.0
gid://shopify/LineItem/2158957133902,5612,20250323,38,275,155,1,1,514.13,514.13,565.543,51.413,10.0
gid://shopify/LineItem/2160902635598,6996,20250324,38,276,156,1,1,514.13,514.13,565.543,51.413,10.0
gid://shopify/LineItem/2161174642766,7213,20250324,38,277,1,1,1,514.13,514.13,565.543,51.413,10.0
gid://shopify/LineItem/2161194565710,7236,20250324,38,278,55,1,1,514.13,514.13,565.543,51.413,10.0
gid://shopify/LineItem/2155965317198,3522,20250321,39,245,37,3,1,539.13,539.13,593.043,53.913,10.0
gid://shopify/LineItem/2151730217038,350,20250318,39,279,157,1,1,539.13,539.13,593.043,53.913,10.0
gid://shopify/LineItem/2156579225678,4033,20250321,39,280,158,1,1,539.13,539.13,593.043,53.913,10.0
gid://shopify/LineItem/2152267120718,739,20250318,39,281,35,1,1,539.13,539.13,593.043,53.913,10.0
gid://shopify/LineItem/2156509954126,3983,20250321,39,282,159,1,1,539.13,539.13,593.043,53.913,10.0
gid://shopify/LineItem/2157746552910,4973,20250322,39,283,1,1,1,539.13,539.13,593.043,53.913,10.0
gid://shopify/LineItem/2155871174734,3441,20250321,39,284,39,3,1,539.13,539.13,593.043,53.913,10.0
gid://shopify/LineItem/2160457154638,6621,20250324,39,285,149,1,1,539.13,539.13,593.043,53.913,10.0
gid://shopify/LineItem/2155723817038,3296,20250321,39,286,160,1,1,539.13,539.13,593.043,53.913,10.0
gid://shopify/LineItem/2158997536846,5643,20250323,39,287,161,1,1,539.13,539.13,593.043,53.913,10.0
gid://shopify/LineItem/2157024903246,4253,20250322,39,288,162,1,1,539.13,539.13,593.043,53.913,10.0
gid://shopify/LineItem/2153669918798,1733,20250319,39,289,63,1,1,539.13,539.13,593.043,53.913,10.0
gid://shopify/LineItem/2155011080270,2839,20250320,39,290,19,3,1,539.13,539.13,593.043,53.913,10.0
gid://shopify/LineItem/2152314044494,773,20250318,39,174,163,1,1,539.13,539.13,593.043,53.913,10.0
gid://shopify/LineItem/2159752085582,6148,20250323,39,291,105,1,1,539.13,539.13,593.043,53.913,10.0
gid://shopify/LineItem/2154446061646,2232,20250320,39,292,164,1,1,539.13,539.13,593.043,53.913,10.0
gid://shopify/LineItem/2155888148558,3459,20250321,39,293,149,1,1,539.13,539.13,593.043,53.913,10.0
gid://shopify/LineItem/2154949902414,2768,20250320,39,294,14,1,1,539.13,539.13,593.043,53.913,10.0
gid://shopify/LineItem/2152157806670,687,20250318,39,295,165,3,1,539.13,539.13,593.043,53.913,10.0
gid://shopify/LineItem/2154708762702,2513,20250320,39,296,59,1,1,539.13,539.13,593.043,53.913,10.0
gid://shopify/LineItem/2158538621006,5375,20250323,39,297,70,1,1,539.13,539.13,593.043,53.913,10.0
gid://shopify/LineItem/2155824578638,3401,20250321,39,298,43,3,1,539.13,539.13,593.043,53.913,10.0
gid://shopify/LineItem/2154784653390,2611,20250320,39,299,80,1,1,539.13,539.13,593.043,53.913,10.0
gid://shopify/LineItem/2157531529294,4794,20250322,39,300,166,1,1,539.13,539.13,593.043,53.913,10.0
gid://shopify/LineItem/2154416275534,2192,20250320,39,301,103,1,1,539.13,539.13,593.043,53.913,10.0
gid://shopify/LineItem/2157068812366,4317,20250322,39,302,167,3,1,539.13,539.13,593.043,53.913,10.0
gid://shopify/LineItem/2158617428046,5417,20250323,39,303,133,3,1,539.13,539.13,593.043,53.913,10.0
gid://shopify/LineItem/2157900857422,5090,20250322,39,304,1,1,1,539.13,539.13,593.043,53.913,10.0
gid://shopify/LineItem/2157122486350,4401,20250322,39,305,3,1,1,539.13,539.13,593.043,53.913,10.0
gid://shopify/LineItem/2160516333646,6687,20250324,39,306,122,1,1,539.13,539.13,593.043,53.913,10.0
gid://shopify/LineItem/2156380586062,3861,20250321,39,307,168,1,1,539.13,539.13,593.043,53.913,10.0
gid://shopify/LineItem/2154813292622,2643,20250320,39,308,99,1,1,539.13,539.13,593.043,53.913,10.0
gid://shopify/LineItem/2152274624590,741,20250318,39,309,24,1,1,539.13,539.13,593.043,53.913,10.0
gid://shopify/LineItem/2154801922126,2630,20250320,39,310,169,1,1,539.13,539.13,593.043,53.913,10.0
gid://shopify/LineItem/2160285515854,6459,20250324,39,311,8,1,1,539.13,539.13,593.043,53.913,10.0
gid://shopify/LineItem/2155914264654,3486,20250321,39,312,17,1,1,539.13,539.13,593.043,53.913,10.0
gid://shopify/LineItem/2154873847886,2687,20250320,39,313,109,1,1,539.13,539.13,593.043,53.913,10.0
gid://shopify/LineItem/2157488308302,4764,20250322,39,314,16,4,1,539.13,539.13,593.043,53.913,10.0
gid://shopify/LineItem/2152960720974,1077,20250319,39,315,170,1,1,539.13,539.13,593.043,53.913,10.0
gid://shopify/LineItem/2157385089102,4678,20250322,39,316,84,1,1,539.13,539.13,593.043,53.913,10.0
gid://shopify/LineItem/2154882564174,2693,20250320,39,317,8,1,1,539.13,539.13,593.043,53.913,10.0
gid://shopify/LineItem/2160655564878,6800,20250324,39,318,11,3,1,539.13,539.13,593.043,53.913,10.0
gid://shopify/LineItem/2160987111502,7070,20250324,39,319,46,1,1,539.13,539.13,593.043,53.913,10.0
gid://shopify/LineItem/2161058119758,7116,20250324,39,320,171,1,1,539.13,539.13,593.043,53.913,10.0
gid://shopify/LineItem/2161067065422,7127,20250324,39,321,121,1,1,539.13,539.13,593.043,53.913,10.0
gid://shopify/LineItem/2161119199310,7164,20250324,39,322,16,1,1,539.13,539.13,593.043,53.913,10.0
gid://shopify/LineItem/2161161011278,7196,20250324,39,323,19,3,1,539.13,539.13,593.043,53.913,10.0
gid://shopify/LineItem/2161230413902,7260,20250324,39,324,55,1,1,539.13,539.13,593.043,53.913,10.0
gid://shopify/LineItem/2161286283342,7307,20250324,39,325,17,1,1,539.13,539.13,593.043,53.913,10.0
gid://shopify/LineItem/2161465425998,7399,20250324,39,326,172,1,1,539.13,539.13,593.043,53.913,10.0
gid://shopify/LineItem/2156341919822,3826,20250321,40,327,173,1,1,589.13,589.13,648.043,58.913,10.0
gid://shopify/LineItem/2154764664910,2587,20250320,40,328,174,1,1,589.13,589.13,648.043,58.913,10.0
gid://shopify/LineItem/2159681896526,6095,20250323,40,329,1,1,1,589.13,589.13,648.043,58.913,10.0
gid://shopify/LineItem/2160493822030,6665,20250324,40,330,175,3,1,589.13,589.13,648.043,58.913,10.0
gid://shopify/LineItem/2158642692174,5434,20250323,40,331,24,1,1,589.13,589.13,648.043,58.913,10.0
gid://shopify/LineItem/2152431419470,850,20250318,40,273,176,1,1,589.13,589.13,648.043,58.913,10.0
gid://shopify/LineItem/2151682080846,324,20250318,40,332,49,1,1,589.13,589.13,648.043,58.913,10.0
gid://shopify/LineItem/2151859748942,475,20250318,40,333,63,1,1,589.13,589.13,648.043,58.913,10.0
gid://shopify/LineItem/2156009783374,3567,20250321,40,334,20,1,1,589.13,589.13,648.043,58.913,10.0
gid://shopify/LineItem/2161073389646,7130,20250324,40,335,177,1,1,589.13,589.13,648.043,58.913,10.0
gid://shopify/LineItem/2161261412430,7293,20250324,40,336,178,3,1,589.13,589.13,648.043,58.913,10.0
gid://shopify/LineItem/2154706075726,2509,20250320,41,337,179,1,1,639.13,639.13,703.043,63.913,10.0
gid://shopify/LineItem/2153994649678,1994,20250319,41,338,32,1,1,639.13,639.13,703.043,63.913,10.0
gid://shopify/LineItem/2153775759438,1843,20250319,41,339,87,1,1,639.13,639.13,703.043,63.913,10.0
gid://shopify/LineItem/2154397270094,2166,20250320,41,340,53,1,1,639.13,639.13,703.043,63.913,10.0
gid://shopify/LineItem/2158116307022,5240,20250322,41,341,68,1,1,639.13,639.13,703.043,63.913,10.0
gid://shopify/LineItem/2152187494478,706,20250318,41,342,19,1,1,639.13,639.13,703.043,63.913,10.0
gid://shopify/LineItem/2154087415886,2037,20250320,41,343,109,3,1,639.13,639.13,703.043,63.913,10.0
gid://shopify/LineItem/2154547380302,2356,20250320,41,344,180,1,1,639.13,639.13,703.043,63.913,10.0
gid://shopify/LineItem/2158520238158,5364,20250323,41,345,97,4,1,639.13,639.13,703.043,63.913,10.0
gid://shopify/LineItem/2152382201934,818,20250318,41,346,16,1,1,639.13,639.13,703.043,63.913,10.0
gid://shopify/LineItem/2158630764622,5424,20250323,41,347,39,1,1,639.13,639.13,703.043,63.913,10.0
gid://shopify/LineItem/2151491895374,135,20250318,41,348,27,1,1,639.13,639.13,703.043,63.913,10.0
gid://shopify/LineItem/2159853404238,6203,20250323,41,349,105,1,1,639.13,639.13,703.043,63.913,10.0
gid://shopify/LineItem/2160949493838,7031,20250324,41,350,181,1,1,639.13,639.13,703.043,63.913,10.0
gid://shopify/LineItem/2160596222030,6754,20250324,42,351,145,1,1,739.13,739.13,813.043,73.913,10.0
gid://shopify/LineItem/2154788716622,2615,20250320,42,352,134,1,1,739.13,739.13,813.043,73.913,10.0
gid://shopify/LineItem/2154488660046,2280,20250320,43,353,118,1,1,464.13,464.13,510.543,46.413,10.0
gid://shopify/LineItem/2159601156174,6043,20250323,43,354,182,1,1,562.13,562.13,618.343,56.213,10.0
gid://shopify/LineItem/2155851284558,3423,20250321,43,355,135,3,1,464.13,464.13,510.543,46.413,10.0
gid://shopify/LineItem/2151914438734,516,20250318,43,356,183,1,1,489.13,489.13,538.043,48.913,10.0
gid://shopify/LineItem/2156005654606,3557,20250321,43,357,28,1,1,489.13,489.13,538.043,48.913,10.0
gid://shopify/LineItem/2152501641294,889,20250318,43,358,16,1,1,489.13,489.13,538.043,48.913,10.0
gid://shopify/LineItem/2159179464782,5764,20250323,43,359,163,3,1,489.13,489.13,538.043,48.913,10.0
gid://shopify/LineItem/2155894603854,3468,20250321,43,360,161,1,1,489.13,489.13,538.043,48.913,10.0
gid://shopify/LineItem/2155602149454,3213,20250321,43,361,184,3,1,489.13,489.13,538.043,48.913,10.0
gid://shopify/LineItem/2152977039438,1097,20250319,43,362,41,1,1,514.13,514.13,565.543,51.413,10.0
gid://shopify/LineItem/2152995520590,1121,20250319,43,363,185,3,1,514.13,514.13,565.543,51.413,10.0
gid://shopify/LineItem/2154757554254,2579,20250320,43,364,87,1,1,514.13,514.13,565.543,51.413,10.0
gid://shopify/LineItem/2151557103694,211,20250318,43,365,186,3,1,514.13,514.13,565.543,51.413,10.0
gid://shopify/LineItem/2161092460622,7153,20250324,43,366,89,1,1,514.13,514.13,565.543,51.413,10.0
gid://shopify/LineItem/2152410120270,837,20250318,44,367,17,1,1,539.13,539.13,593.043,53.913,10.0
gid://shopify/LineItem/2159179726926,5765,20250323,44,368,62,1,1,539.13,539.13,593.043,53.913,10.0
gid://shopify/LineItem/2156018106446,3571,20250321,44,369,187,1,1,539.13,539.13,593.043,53.913,10.0
gid://shopify/LineItem/2151681622094,322,20250318,44,370,175,1,1,539.13,539.13,593.043,53.913,10.0
gid://shopify/LineItem/2155062984782,2904,20250320,44,371,173,1,1,539.13,539.13,593.043,53.913,10.0
gid://shopify/LineItem/2157281149006,4575,20250322,44,372,188,1,1,539.13,539.13,593.043,53.913,10.0
gid://shopify/LineItem/2155644551246,3233,20250321,44,373,17,1,1,539.13,539.13,593.043,53.913,10.0
gid://shopify/LineItem/2151913324622,515,20250318,44,374,16,1,1,539.13,539.13,593.043,53.913,10.0
gid://shopify/LineItem/2154748346446,2564,20250320,44,375,189,1,1,539.13,539.13,593.043,53.913,10.0
gid://shopify/LineItem/2154423713870,2203,20250320,44,376,109,1,1,539.13,539.13,593.043,53.913,10.0
gid://shopify/LineItem/2155195007054,3034,20250320,44,377,91,1,1,539.13,539.13,593.043,53.913,10.0
gid://shopify/LineItem/2157606764622,4858,20250322,44,378,105,1,1,539.13,539.13,593.043,53.913,10.0
gid://shopify/LineItem/2156439568462,3919,20250321,44,379,190,1,1,539.13,539.13,593.043,53.913,10.0
gid://shopify/LineItem/2152452325454,862,20250318,44,380,161,1,1,539.13,539.13,593.043,53.913,10.0
gid://shopify/LineItem/2158784053326,5496,20250323,44,6,49,1,1,539.13,539.13,593.043,53.913,10.0
gid://shopify/LineItem/2157429456974,4719,20250322,44,381,191,1,1,539.13,539.13,593.043,53.913,10.0
gid://shopify/LineItem/2152296382542,762,20250318,44,382,192,1,1,539.13,539.13,593.043,53.913,10.0
gid://shopify/LineItem/2157256048718,4551,20250322,44,383,193,1,1,539.13,539.13,593.043,53.913,10.0
gid://shopify/LineItem/2157301563470,4593,20250322,44,384,145,1,1,539.13,539.13,593.043,53.913,10.0
gid://shopify/LineItem/2161223270478,7254,20250324,44,385,55,1,1,539.13,539.13,593.043,53.913,10.0
gid://shopify/LineItem/2156396085326,3876,20250321,44,386,13,3,1,639.13,639.13,703.043,63.913,10.0
gid://shopify/LineItem/2151861452878,478,20250318,44,387,119,4,1,639.13,639.13,703.043,63.913,10.0
gid://shopify/LineItem/2154721738830,2531,20250320,44,388,58,1,1,639.13,639.13,703.043,63.913,10.0
gid://shopify/LineItem/2152036008014,594,20250318,44,389,16,1,1,639.13,639.13,703.043,63.913,10.0
gid://shopify/LineItem/2151882621006,492,20250318,44,390,194,1,1,639.13,639.13,703.043,63.913,10.0
gid://shopify/LineItem/2157467664462,4748,20250322,44,391,150,1,2,519.57,1039.13,1143.043,103.913,10.0
gid://shopify/LineItem/2156475973710,3953,20250321,44,214,38,1,1,739.13,739.13,813.043,73.913,10.0
gid://shopify/LineItem/2151620902990,274,20250318,45,392,179,1,1,453.63,453.63,498.993,45.363,10.0
gid://shopify/LineItem/2158579974222,5397,20250323,45,393,63,1,1,840.13,840.13,924.143,84.013,10.0
gid://shopify/LineItem/2156328910926,3814,20250321,45,394,160,1,1,591.53,591.53,650.683,59.153,10.0
gid://shopify/LineItem/2158433501262,5325,20250323,45,395,195,1,2,255.82,511.63,562.793,51.163,10.0
gid://shopify/LineItem/2151835074638,455,20250318,45,396,4,3,1,453.63,453.63,498.993,45.363,10.0
gid://shopify/LineItem/2154343432270,2093,20250320,45,397,18,1,1,482.63,482.63,530.893,48.263,10.0
gid://shopify/LineItem/2155063967822,2906,20250320,45,398,50,1,1,884.63,884.63,973.093,88.463,10.0
gid://shopify/LineItem/2157632258126,4879,20250322,45,399,33,1,1,551.63,551.63,606.793,55.163,10.0
gid://shopify/LineItem/2159018836046,5659,20250323,45,400,76,1,1,561.13,561.13,617.243,56.113,10.0
gid://shopify/LineItem/2157995884622,5165,20250322,45,401,196,1,1,439.13,439.13,483.043,43.913,10.0
gid://shopify/LineItem/2152081883214,637,20250318,46,402,197,1,1,439.13,439.13,483.043,43.913,10.0
gid://shopify/LineItem/2155011506254,2840,20250320,45,403,198,1,1,453.63,453.63,498.993,45.363,10.0
gid://shopify/LineItem/2154885316686,2698,20250320,45,301,176,5,1,524.73,524.73,577.203,52.473,10.0
gid://shopify/LineItem/2155220697166,3059,20250320,45,230,199,5,1,529.13,529.13,582.043,52.913,10.0
gid://shopify/LineItem/2154392682574,2158,20250320,47,404,200,3,1,535.13,535.13,588.643,53.513,10.0
gid://shopify/LineItem/2153822126158,1882,20250319,47,405,201,1,1,821.13,821.13,903.243,82.113,10.0
gid://shopify/LineItem/2156402540622,3884,20250321,47,273,119,1,1,631.13,631.13,694.243,63.113,10.0
gid://shopify/LineItem/2155945918542,3514,20250321,47,337,176,1,1,567.13,567.13,623.843,56.713,10.0
gid://shopify/LineItem/2156483510350,3963,20250321,48,406,202,1,1,455.13,455.13,500.643,45.513,10.0
gid://shopify/LineItem/2153412460622,1494,20250319,49,407,87,5,1,595.93,595.93,655.523,59.593,10.0
gid://shopify/LineItem/2151996489806,566,20250318,50,408,87,1,1,610.33,610.33,671.363,61.033,10.0
gid://shopify/LineItem/2161448681550,7393,20250324,51,409,203,4,1,517.53,517.53,569.283,51.753,10.0
gid://shopify/LineItem/2160711106638,6854,20250324,52,410,204,4,2,327.56,655.13,720.643,65.513,10.0
gid://shopify/LineItem/2160358490190,6537,20250324,53,411,204,1,2,732.32,1464.63,1611.093,146.463,10.0
gid://shopify/LineItem/2153188753486,1308,20250319,53,412,100,1,1,693.13,693.13,762.443,69.313,10.0
gid://shopify/LineItem/2157054558286,4298,20250322,53,413,83,3,1,517.13,517.13,568.843,51.713,10.0
gid://shopify/LineItem/2159319384142,5854,20250323,54,414,205,1,3,185.38,556.13,611.743,55.613,10.0
gid://shopify/LineItem/2151513391182,158,20250318,54,415,52,1,1,702.13,702.13,772.343,70.213,10.0
gid://shopify/LineItem/2153183772750,1299,20250319,54,416,206,1,1,556.13,556.13,611.743,55.613,10.0
gid://shopify/LineItem/2154645815374,2447,20250320,54,417,207,1,1,615.13,615.13,676.643,61.513,10.0
gid://shopify/LineItem/2154741465166,2555,20250320,54,418,102,1,1,478.13,478.13,525.943,47.813,10.0
gid://shopify/LineItem/2154885939278,2699,20250320,54,419,69,1,1,546.13,546.13,600.743,54.613,10.0
gid://shopify/LineItem/2157160038478,4446,20250322,54,420,20,3,1,703.13,703.13,773.443,70.313,10.0
gid://shopify/LineItem/2157370376270,4664,20250322,54,421,208,1,1,937.13,937.13,1030.843,93.713,10.0
gid://shopify/LineItem/2159713943630,6119,20250323,54,422,71,3,1,683.13,683.13,751.443,68.313,10.0
gid://shopify/LineItem/2156656721998,4085,20250321,54,423,61,1,1,743.93,743.93,818.323,74.393,10.0
gid://shopify/LineItem/2160287187022,6464,20250324,54,424,82,1,1,544.33,544.33,598.763,54.433,10.0
gid://shopify/LineItem/2151468925006,122,20250318,54,425,11,5,1,703.13,703.13,773.443,70.313,10.0
gid://shopify/LineItem/2160734077006,6877,20250324,54,426,79,5,1,478.13,478.13,525.943,47.813,10.0
gid://shopify/LineItem/2161044914254,7106,20250324,54,427,209,1,1,563.93,563.93,620.323,56.393,10.0
gid://shopify/LineItem/2161320624206,7321,20250324,54,428,16,4,1,703.13,703.13,773.443,70.313,10.0
gid://shopify/LineItem/2158023934030,5190,20250322,55,429,60,3,2,366.06,732.13,805.343,73.213,10.0
gid://shopify/LineItem/2153024258126,1141,20250319,55,430,210,1,1,566.13,566.13,622.743,56.613,10.0
gid://shopify/LineItem/2157337739342,4633,20250322,55,431,16,1,1,517.13,517.13,568.843,51.713,10.0
gid://shopify/LineItem/2157423493198,4714,20250322,55,432,29,3,1,643.13,643.13,707.443,64.313,10.0
gid://shopify/LineItem/2160199565390,6325,20250324,55,433,211,3,1,478.13,478.13,525.943,47.813,10.0
gid://shopify/LineItem/2160697901134,6841,20250324,55,434,212,1,1,855.13,855.13,940.643,85.513,10.0
gid://shopify/LineItem/2160862953550,6970,20250324,55,435,74,3,1,556.13,556.13,611.743,55.613,10.0
gid://shopify/LineItem/2153266577486,1377,20250319,56,436,35,1,2,258.56,517.13,568.843,51.713,10.0
gid://shopify/LineItem/2159793668174,6176,20250323,56,437,213,5,1,583.93,583.93,642.323,58.393,10.0
gid://shopify/LineItem/2160865181774,6973,20250324,56,438,100,4,1,556.13,556.13,611.743,55.613,10.0
gid://shopify/LineItem/2157087195214,4349,20250322,57,439,41,1,1,810.13,810.13,891.143,81.013,10.0
gid://shopify/LineItem/2158954086478,5609,20250323,57,440,59,1,1,546.13,546.13,600.743,54.613,10.0
gid://shopify/LineItem/2155681873998,3254,20250321,58,441,84,1,1,605.13,605.13,665.643,60.513,10.0
gid://shopify/LineItem/2151899791438,507,20250318,58,137,214,1,1,673.53,673.53,740.883,67.353,10.0
gid://shopify/LineItem/2160688922702,6826,20250324,58,442,16,1,1,439.13,439.13,483.043,43.913,10.0
gid://shopify/LineItem/2152186511438,705,20250318,59,443,101,1,1,601.13,601.13,661.243,60.113,10.0
gid://shopify/LineItem/2154387963982,2149,20250320,59,444,215,1,1,546.13,546.13,600.743,54.613,10.0
gid://shopify/LineItem/2155895423054,3469,20250321,59,445,202,1,1,532.73,532.73,586.003,53.273,10.0
gid://shopify/LineItem/2157081755726,4342,20250322,59,446,87,1,1,501.53,501.53,551.683,50.153,10.0
gid://shopify/LineItem/2161399955534,7368,20250324,59,447,29,3,1,478.13,478.13,525.943,47.813,10.0
gid://shopify/LineItem/2156192268366,3711,20250321,60,448,216,5,1,556.13,556.13,611.743,55.613,10.0
gid://shopify/LineItem/2153116270670,1240,20250319,61,91,50,1,1,751.13,751.13,826.243,75.113,10.0
gid://shopify/LineItem/2154406314062,2176,20250320,62,449,53,1,1,615.13,615.13,676.643,61.513,10.0
gid://shopify/LineItem/2154648174670,2449,20250320,62,450,188,1,1,517.13,517.13,568.843,51.713,10.0
gid://shopify/LineItem/2158783627342,5495,20250323,62,451,74,1,1,439.13,439.13,483.043,43.913,10.0
gid://shopify/LineItem/2151602716750,261,20250318,63,26,59,1,1,556.13,556.13,611.743,55.613,10.0
gid://shopify/LineItem/2152907800654,1026,20250319,63,452,1,1,1,517.13,517.13,568.843,51.713,10.0
gid://shopify/LineItem/2153257893966,1368,20250319,63,453,200,4,1,908.13,908.13,998.943,90.813,10.0
gid://shopify/LineItem/2154427973710,2212,20250320,63,454,217,1,1,478.13,478.13,525.943,47.813,10.0
gid://shopify/LineItem/2154859266126,2676,20250320,63,455,176,3,1,478.13,478.13,525.943,47.813,10.0
gid://shopify/LineItem/2160326901838,6505,20250324,63,456,1,1,1,576.13,576.13,633.743,57.613,10.0
gid://shopify/LineItem/2153836183630,1891,20250319,63,457,175,1,1,627.13,627.13,689.843,62.713,10.0
gid://shopify/LineItem/2157730496590,4965,20250322,63,458,218,1,1,439.13,439.13,483.043,43.913,10.0
gid://shopify/LineItem/2157073367118,4326,20250322,63,459,35,5,1,595.13,595.13,654.643,59.513,10.0
gid://shopify/LineItem/2160912400462,7002,20250324,63,460,219,1,2,317.06,634.13,697.543,63.413,10.0
gid://shopify/LineItem/2155788959822,3364,20250321,64,461,220,1,2,307.56,615.13,676.643,61.513,10.0
gid://shopify/LineItem/2154755981390,2577,20250320,64,462,73,1,1,528.13,528.13,580.943,52.813,10.0
gid://shopify/LineItem/2155742494798,3316,20250321,64,156,53,1,1,684.13,684.13,752.543,68.413,10.0
gid://shopify/LineItem/2156431769678,3915,20250321,64,463,119,1,1,689.53,689.53,758.483,68.953,10.0
gid://shopify/LineItem/2158555889742,5385,20250323,65,464,16,1,1,728.13,728.13,800.943,72.813,10.0
gid://shopify/LineItem/2160737681486,6879,20250324,65,465,100,1,1,517.13,517.13,568.843,51.713,10.0
gid://shopify/LineItem/2153013608526,1135,20250319,66,466,83,1,1,595.13,595.13,654.643,59.513,10.0
gid://shopify/LineItem/2156946882638,4173,20250322,21,229,221,1,1,1025.13,1025.13,1127.643,102.513,10.0
gid://shopify/LineItem/2159661613134,6080,20250323,21,467,40,1,2,219.56,439.13,483.043,43.913,10.0
gid://shopify/LineItem/2157005865038,4218,20250322,21,289,222,1,1,674.13,674.13,741.543,67.413,10.0
gid://shopify/LineItem/2157011828814,4228,20250322,21,285,223,5,1,605.13,605.13,665.643,60.513,10.0
gid://shopify/LineItem/2160225583182,6362,20250324,21,468,165,5,1,556.13,556.13,611.743,55.613,10.0
gid://shopify/LineItem/2157023363150,4249,20250322,21,469,83,4,1,537.13,537.13,590.843,53.713,10.0
gid://shopify/LineItem/2151716421710,342,20250318,67,470,122,1,1,556.13,556.13,611.743,55.613,10.0
gid://shopify/LineItem/2153249603662,1363,20250319,68,471,54,1,3,185.38,556.13,611.743,55.613,10.0
gid://shopify/LineItem/2152537423950,905,20250318,68,472,83,1,1,517.13,517.13,568.843,51.713,10.0
gid://shopify/LineItem/2161125556302,7169,20250324,68,473,224,1,1,562.33,562.33,618.563,56.233,10.0
gid://shopify/LineItem/2157092765774,4354,20250322,69,474,106,1,2,423.16,846.33,930.963,84.633,10.0
gid://shopify/LineItem/2159872344142,6215,20250323,69,475,179,1,2,250.76,501.53,551.683,50.153,10.0
gid://shopify/LineItem/2154327998542,2077,20250320,70,476,53,4,1,470.33,470.33,517.363,47.033,10.0
gid://shopify/LineItem/2155347673166,3150,20250320,70,477,133,1,1,532.73,532.73,586.003,53.273,10.0
gid://shopify/LineItem/2153166831694,1287,20250319,71,478,87,1,1,576.13,576.13,633.743,57.613,10.0
gid://shopify/LineItem/2154923556942,2737,20250320,71,479,206,1,1,683.13,683.13,751.443,68.313,10.0
gid://shopify/LineItem/2158603042894,5409,20250323,71,480,225,1,1,556.13,556.13,611.743,55.613,10.0
gid://shopify/LineItem/2151849951310,468,20250318,72,481,59,5,1,810.13,810.13,891.143,81.013,10.0
gid://shopify/LineItem/2157375782990,4668,20250322,72,482,28,1,1,1458.13,1458.13,1603.943,145.813,10.0
gid://shopify/LineItem/2160177250382,6301,20250324,72,483,226,1,1,556.13,556.13,611.743,55.613,10.0
gid://shopify/LineItem/2151524368462,171,20250318,72,484,104,1,1,439.13,439.13,483.043,43.913,10.0
gid://shopify/LineItem/2153769238606,1840,20250319,73,485,151,4,2,317.06,634.13,697.543,63.413,10.0
gid://shopify/LineItem/2154500554830,2300,20250320,73,486,74,1,1,714.13,714.13,785.543,71.413,10.0
gid://shopify/LineItem/2158064664654,5214,20250322,73,487,79,1,1,529.13,529.13,582.043,52.913,10.0
gid://shopify/LineItem/2152712077390,972,20250319,73,488,108,1,1,689.53,689.53,758.483,68.953,10.0
gid://shopify/LineItem/2157608271950,4860,20250322,74,489,100,1,1,642.33,642.33,706.563,64.233,10.0
gid://shopify/LineItem/2158006861902,5174,20250322,74,490,215,3,1,627.13,627.13,689.843,62.713,10.0
gid://shopify/LineItem/2155086970958,2933,20250320,75,491,123,1,2,250.76,501.53,551.683,50.153,10.0
gid://shopify/LineItem/2156326649934,3812,20250321,75,492,227,1,2,626.76,1253.53,1378.883,125.353,10.0
gid://shopify/LineItem/2153931407438,1948,20250319,75,124,228,1,1,517.13,517.13,568.843,51.713,10.0
gid://shopify/LineItem/2155170496590,3005,20250320,75,493,119,4,1,595.13,595.13,654.643,59.513,10.0
gid://shopify/LineItem/2157058392142,4303,20250322,75,494,10,1,1,517.13,517.13,568.843,51.713,10.0
gid://shopify/LineItem/2157156925518,4442,20250322,76,495,229,4,2,258.56,517.13,568.843,51.713,10.0
gid://shopify/LineItem/2152107966542,651,20250318,77,496,3,1,1,478.13,478.13,525.943,47.813,10.0
gid://shopify/LineItem/2157948829774,5132,20250322,77,497,43,1,1,682.13,682.13,750.343,68.213,10.0
gid://shopify/LineItem/2160481370190,6653,20250324,77,498,230,3,1,702.13,702.13,772.343,70.213,10.0
gid://shopify/LineItem/2160630300750,6779,20250324,77,499,40,3,1,556.13,556.13,611.743,55.613,10.0
gid://shopify/LineItem/2152541257806,908,20250318,78,500,16,1,1,556.13,556.13,611.743,55.613,10.0
gid://shopify/LineItem/2157383319630,4674,20250322,79,501,231,1,1,501.53,501.53,551.683,50.153,10.0
gid://shopify/LineItem/2155366154318,3157,20250320,80,502,58,1,1,566.13,566.13,622.743,56.613,10.0
gid://shopify/LineItem/2157118652494,4398,20250322,80,503,206,1,1,529.53,529.53,582.483,52.953,10.0
gid://shopify/LineItem/2158223982670,5287,20250323,81,504,107,3,1,511.88,511.88,563.068,51.188,10.0
gid://shopify/LineItem/2152226357326,721,20250318,82,505,232,3,1,532.73,532.73,586.003,53.273,10.0
gid://shopify/LineItem/2153207169102,1317,20250319,83,261,233,1,1,470.33,470.33,517.363,47.033,10.0
gid://shopify/LineItem/2154573955150,2382,20250320,84,506,114,1,2,283.06,566.13,622.743,56.613,10.0
gid://shopify/LineItem/2155243929678,3081,20250320,84,507,70,4,1,967.13,967.13,1063.843,96.713,10.0
gid://shopify/LineItem/2157032669262,4265,20250322,85,508,136,1,1,497.13,497.13,546.843,49.713,10.0
gid://shopify/LineItem/2156047007822,3601,20250321,86,509,234,3,1,615.13,615.13,676.643,61.513,10.0
gid://shopify/LineItem/2152317157454,774,20250318,86,510,175,1,1,501.53,501.53,551.683,50.153,10.0
gid://shopify/LineItem/2154133684302,2054,20250320,86,511,173,1,1,501.53,501.53,551.683,50.153,10.0
gid://shopify/LineItem/2154489151566,2281,20250320,87,512,68,1,1,555.13,555.13,610.643,55.513,10.0
gid://shopify/LineItem/2157708542030,4951,20250322,87,513,13,1,1,526.13,526.13,578.743,52.613,10.0
gid://shopify/LineItem/2159710765134,6118,20250323,88,514,1,3,1,555.13,555.13,610.643,55.513,10.0
gid://shopify/LineItem/2151633616974,285,20250318,89,515,88,3,1,517.13,517.13,568.843,51.713,10.0
gid://shopify/LineItem/2154005397582,1998,20250319,89,516,39,1,1,517.13,517.13,568.843,51.713,10.0
gid://shopify/LineItem/2154371809358,2131,20250320,89,517,221,1,1,615.13,615.13,676.643,61.513,10.0
gid://shopify/LineItem/2154610655310,2412,20250320,89,518,8,1,1,849.13,849.13,934.043,84.913,10.0
gid://shopify/LineItem/2157744357454,4972,20250322,89,519,76,1,1,663.13,663.13,729.443,66.313,10.0
gid://shopify/LineItem/2152453472334,863,20250318,89,520,148,1,1,501.53,501.53,551.683,50.153,10.0
gid://shopify/LineItem/2152703295566,970,20250319,89,521,1,4,1,712.73,712.73,784.003,71.273,10.0
gid://shopify/LineItem/2153548251214,1613,20250319,89,522,200,1,1,634.33,634.33,697.763,63.433,10.0
gid://shopify/LineItem/2154727374926,2538,20250320,89,523,83,1,1,501.53,501.53,551.683,50.153,10.0
gid://shopify/LineItem/2156066078798,3615,20250321,89,377,163,1,1,658.33,658.33,724.163,65.833,10.0
gid://shopify/LineItem/2153765503054,1835,20250319,90,524,126,1,1,671.13,671.13,738.243,67.113,10.0
gid://shopify/LineItem/2154957471822,2776,20250320,90,525,69,4,1,497.13,497.13,546.843,49.713,10.0
gid://shopify/LineItem/2159259418702,5817,20250323,90,526,232,1,1,555.13,555.13,610.643,55.513,10.0
gid://shopify/LineItem/2154941513806,2761,20250320,90,527,235,3,1,555.93,555.93,611.523,55.593,10.0
gid://shopify/LineItem/2160290693198,6468,20250324,90,528,236,3,1,485.53,485.53,534.083,48.553,10.0
gid://shopify/LineItem/2156021153870,3575,20250321,90,529,1,5,1,537.13,537.13,590.843,53.713,10.0
gid://shopify/LineItem/2153263628366,1371,20250319,91,530,224,1,1,439.13,439.13,483.043,43.913,10.0
gid://shopify/LineItem/2156520734798,3994,20250321,91,531,62,1,1,595.13,595.13,654.643,59.513,10.0
gid://shopify/LineItem/2156606783566,4053,20250321,91,532,5,3,1,633.13,633.13,696.443,63.313,10.0
gid://shopify/LineItem/2159281078350,5832,20250323,91,119,16,3,1,613.13,613.13,674.443,61.313,10.0
gid://shopify/LineItem/2159507603534,5981,20250323,91,533,87,4,1,565.13,565.13,621.643,56.513,10.0
gid://shopify/LineItem/2151822458958,442,20250318,91,534,118,1,1,485.53,485.53,534.083,48.553,10.0
gid://shopify/LineItem/2152554692686,918,20250318,91,535,55,1,1,531.93,531.93,585.123,53.193,10.0
gid://shopify/LineItem/2159751135310,6147,20250323,91,536,149,1,1,485.53,485.53,534.083,48.553,10.0
gid://shopify/LineItem/2160496246862,6669,20250324,91,537,206,3,1,485.53,485.53,534.083,48.553,10.0
gid://shopify/LineItem/2153852141646,1902,20250319,91,161,197,1,1,599.63,599.63,659.593,59.963,10.0
gid://shopify/LineItem/2152057929806,614,20250318,92,128,237,2,1,517.13,517.13,568.843,51.713,10.0
gid://shopify/LineItem/2152910225486,1031,20250319,92,538,29,1,1,517.13,517.13,568.843,51.713,10.0
gid://shopify/LineItem/2153291350094,1405,20250319,92,539,119,3,1,605.13,605.13,665.643,60.513,10.0
gid://shopify/LineItem/2153782083662,1851,20250319,92,540,177,1,1,585.13,585.13,643.643,58.513,10.0
gid://shopify/LineItem/2155282726990,3103,20250320,92,541,19,1,1,517.13,517.13,568.843,51.713,10.0
gid://shopify/LineItem/2157855834190,5043,20250322,92,542,28,3,1,831.13,831.13,914.243,83.113,10.0
gid://shopify/LineItem/2153104572494,1229,20250319,92,543,121,1,1,501.53,501.53,551.683,50.153,10.0
gid://shopify/LineItem/2155246288974,3083,20250320,92,544,238,1,1,634.33,634.33,697.763,63.433,10.0
gid://shopify/LineItem/2157887389774,5078,20250322,92,545,80,1,1,439.13,439.13,483.043,43.913,10.0
gid://shopify/LineItem/2152551481422,916,20250318,93,546,172,1,1,565.13,565.13,621.643,56.513,10.0
gid://shopify/LineItem/2153063252046,1182,20250319,93,547,13,1,1,497.13,497.13,546.843,49.713,10.0
gid://shopify/LineItem/2153431400526,1512,20250319,93,548,2,3,1,555.13,555.13,610.643,55.513,10.0
gid://shopify/LineItem/2158529544270,5371,20250323,93,549,176,3,1,613.13,613.13,674.443,61.313,10.0
gid://shopify/LineItem/2159268757582,5826,20250323,93,550,38,1,1,555.13,555.13,610.643,55.513,10.0
gid://shopify/LineItem/2153238429774,1351,20250319,93,551,104,3,1,485.53,485.53,534.083,48.553,10.0
gid://shopify/LineItem/2158283325518,5306,20250323,93,552,239,1,1,946.33,946.33,1040.963,94.633,10.0
gid://shopify/LineItem/2159024341070,5662,20250323,93,553,240,5,1,578.33,578.33,636.163,57.833,10.0
gid://shopify/LineItem/2159606661198,6044,20250323,93,554,203,5,1,485.53,485.53,534.083,48.553,10.0
gid://shopify/LineItem/2160473800782,6642,20250324,93,555,241,1,1,624.73,624.73,687.203,62.473,10.0
gid://shopify/LineItem/2160687022158,6824,20250324,93,556,102,1,1,539.93,539.93,593.923,53.993,10.0
gid://shopify/LineItem/2153133015118,1254,20250319,93,557,26,5,1,517.53,517.53,569.283,51.753,10.0
gid://shopify/LineItem/2153776578638,1845,20250319,93,558,14,5,1,569.13,569.13,626.043,56.913,10.0
gid://shopify/LineItem/2152739045454,974,20250319,94,559,242,1,1,497.13,497.13,546.843,49.713,10.0
gid://shopify/LineItem/2152908292174,1028,20250319,94,560,32,1,1,633.13,633.13,696.443,63.313,10.0
gid://shopify/LineItem/2156344016974,3829,20250321,94,561,19,5,1,497.13,497.13,546.843,49.713,10.0
gid://shopify/LineItem/2156634505294,4065,20250321,94,562,200,3,1,653.13,653.13,718.443,65.313,10.0
gid://shopify/LineItem/2156637323342,4070,20250321,94,563,204,3,1,653.13,653.13,718.443,65.313,10.0
gid://shopify/LineItem/2158213660750,5283,20250323,94,564,53,3,1,497.13,497.13,546.843,49.713,10.0
gid://shopify/LineItem/2159535489102,6001,20250323,94,565,105,1,1,613.13,613.13,674.443,61.313,10.0
gid://shopify/LineItem/2160642588750,6786,20250324,94,566,237,1,1,613.13,613.13,674.443,61.313,10.0
gid://shopify/LineItem/2155787124814,3362,20250321,94,567,16,1,1,485.53,485.53,534.083,48.553,10.0
gid://shopify/LineItem/2159108587598,5719,20250323,94,568,243,3,1,485.53,485.53,534.083,48.553,10.0
gid://shopify/LineItem/2158511161422,5357,20250323,94,569,93,5,1,490.13,490.13,539.143,49.013,10.0
gid://shopify/LineItem/2161278255182,7304,20250324,94,570,70,1,1,584.63,584.63,643.093,58.463,10.0
gid://shopify/LineItem/2154861756494,2679,20250320,95,571,44,1,1,603.13,603.13,663.443,60.313,10.0
gid://shopify/LineItem/2153085403214,1209,20250319,95,572,127,1,1,578.33,578.33,636.163,57.833,10.0
gid://shopify/LineItem/2157346717774,4644,20250322,95,573,230,1,1,531.93,531.93,585.123,53.193,10.0
gid://shopify/LineItem/2153275162702,1392,20250319,96,121,76,3,1,555.13,555.13,610.643,55.513,10.0
gid://shopify/LineItem/2159209676878,5778,20250323,96,574,16,1,1,497.13,497.13,546.843,49.713,10.0
gid://shopify/LineItem/2153588031566,1660,20250319,96,575,127,1,1,586.33,586.33,644.963,58.633,10.0
gid://shopify/LineItem/2159996665934,6252,20250324,96,576,26,3,1,620.63,620.63,682.693,62.063,10.0
gid://shopify/LineItem/2151632371790,284,20250318,97,577,137,1,1,605.13,605.13,665.643,60.513,10.0
gid://shopify/LineItem/2152502231118,890,20250318,97,136,94,1,1,605.13,605.13,665.643,60.513,10.0
gid://shopify/LineItem/2154056974414,2017,20250319,97,578,244,3,1,517.13,517.13,568.843,51.713,10.0
gid://shopify/LineItem/2155763662926,3336,20250321,97,579,199,4,1,653.13,653.13,718.443,65.313,10.0
gid://shopify/LineItem/2157245235278,4540,20250322,97,580,245,3,1,585.13,585.13,643.643,58.513,10.0
gid://shopify/LineItem/2155907186766,3479,20250321,97,581,44,1,1,759.13,759.13,835.043,75.913,10.0
gid://shopify/LineItem/2159415459918,5919,20250323,98,582,24,1,1,555.13,555.13,610.643,55.513,10.0
gid://shopify/LineItem/2157631471694,4877,20250322,98,403,243,1,1,531.93,531.93,585.123,53.193,10.0
gid://shopify/LineItem/2152117665870,657,20250318,98,583,246,1,1,687.13,687.13,755.843,68.713,10.0
gid://shopify/LineItem/2160710844494,6853,20250324,98,584,16,1,1,555.13,555.13,610.643,55.513,10.0
gid://shopify/LineItem/2151467647054,118,20250318,99,585,119,1,1,497.13,497.13,546.843,49.713,10.0
gid://shopify/LineItem/2151628308558,280,20250318,99,586,247,1,1,497.13,497.13,546.843,49.713,10.0
gid://shopify/LineItem/2154119495758,2044,20250320,99,587,26,3,1,575.13,575.13,632.643,57.513,10.0
gid://shopify/LineItem/2155019403342,2848,20250320,99,588,70,3,1,497.13,497.13,546.843,49.713,10.0
gid://shopify/LineItem/2157583827022,4838,20250322,99,589,87,3,1,497.13,497.13,546.843,49.713,10.0
gid://shopify/LineItem/2158714421326,5465,20250323,99,590,248,1,1,729.13,729.13,802.043,72.913,10.0
gid://shopify/LineItem/2160145432654,6282,20250324,99,591,40,1,1,497.13,497.13,546.843,49.713,10.0
gid://shopify/LineItem/2151503233102,144,20250318,99,592,243,1,1,555.93,555.93,611.523,55.593,10.0
gid://shopify/LineItem/2153064300622,1185,20250319,99,593,249,5,1,635.13,635.13,698.643,63.513,10.0
gid://shopify/LineItem/2157357858894,4653,20250322,100,594,3,5,1,555.13,555.13,610.643,55.513,10.0
gid://shopify/LineItem/2160263823438,6423,20250324,100,595,250,1,1,497.13,497.13,546.843,49.713,10.0
gid://shopify/LineItem/2161154523214,7192,20250324,100,596,11,5,1,497.13,497.13,546.843,49.713,10.0
gid://shopify/LineItem/2154624024654,2428,20250320,101,597,46,1,1,485.53,485.53,534.083,48.553,10.0
gid://shopify/LineItem/2159597977678,6041,20250323,101,598,251,1,1,531.93,531.93,585.123,53.193,10.0
gid://shopify/LineItem/2161405132878,7371,20250324,101,599,102,1,1,555.13,555.13,610.643,55.513,10.0
gid://shopify/LineItem/2152890499150,1011,20250319,102,242,13,5,1,517.13,517.13,568.843,51.713,10.0
gid://shopify/LineItem/2159171305550,5758,20250323,102,294,228,1,1,575.13,575.13,632.643,57.513,10.0
gid://shopify/LineItem/2151870529614,483,20250318,103,600,83,5,1,613.13,613.13,674.443,61.313,10.0
gid://shopify/LineItem/2156059983950,3611,20250321,103,56,12,1,1,595.13,595.13,654.643,59.513,10.0
gid://shopify/LineItem/2157836271694,5031,20250322,103,228,248,1,1,497.13,497.13,546.843,49.713,10.0
gid://shopify/LineItem/2152552562766,917,20250318,103,601,164,1,1,485.53,485.53,534.083,48.553,10.0
gid://shopify/LineItem/2156558843982,4022,20250321,103,602,17,1,1,716.63,716.63,788.293,71.663,10.0
gid://shopify/LineItem/2157299564622,4590,20250322,103,603,8,5,1,517.53,517.53,569.283,51.753,10.0
gid://shopify/LineItem/2151161823310,10,20250318,103,604,100,5,1,650.53,650.53,715.583,65.053,10.0
gid://shopify/LineItem/2155430051918,3183,20250321,104,605,252,3,2,277.56,555.13,610.643,55.513,10.0
gid://shopify/LineItem/2155819401294,3390,20250321,104,606,1,1,2,277.56,555.13,610.643,55.513,10.0
gid://shopify/LineItem/2151519518798,165,20250318,104,607,212,1,1,711.13,711.13,782.243,71.113,10.0
gid://shopify/LineItem/2152907309134,1024,20250319,104,608,40,1,1,497.13,497.13,546.843,49.713,10.0
gid://shopify/LineItem/2153782575182,1852,20250319,104,609,154,1,1,555.13,555.13,610.643,55.513,10.0
gid://shopify/LineItem/2153992814670,1992,20250319,104,610,165,3,1,497.13,497.13,546.843,49.713,10.0
gid://shopify/LineItem/2154012082254,2000,20250319,104,611,253,3,1,555.13,555.13,610.643,55.513,10.0
gid://shopify/LineItem/2156365217870,3841,20250321,104,612,66,3,1,497.13,497.13,546.843,49.713,10.0
gid://shopify/LineItem/2158821998670,5521,20250323,104,471,18,5,1,575.13,575.13,632.643,57.513,10.0
gid://shopify/LineItem/2151396933710,63,20250318,104,613,178,4,1,578.33,578.33,636.163,57.833,10.0
gid://shopify/LineItem/2153647341646,1712,20250319,104,614,19,1,1,531.93,531.93,585.123,53.193,10.0
gid://shopify/LineItem/2154823385166,2650,20250320,104,615,19,1,1,439.13,439.13,483.043,43.913,10.0
gid://shopify/LineItem/2156153569358,3677,20250321,104,598,118,5,1,569.13,569.13,626.043,56.913,10.0
gid://shopify/LineItem/2155825332302,3402,20250321,104,616,192,5,1,614.63,614.63,676.093,61.463,10.0
gid://shopify/LineItem/2158227521614,5288,20250323,105,317,25,1,1,985.13,985.13,1083.643,98.513,10.0
gid://shopify/LineItem/2153628926030,1696,20250319,105,617,118,1,1,610.33,610.33,671.363,61.033,10.0
gid://shopify/LineItem/2151921385550,522,20250318,105,618,150,5,1,497.63,497.63,547.393,49.763,10.0
gid://shopify/LineItem/2151420297294,82,20250318,106,501,39,1,1,497.13,497.13,546.843,49.713,10.0
gid://shopify/LineItem/2155808718926,3383,20250321,106,619,11,3,1,624.73,624.73,687.203,62.473,10.0
gid://shopify/LineItem/2155866128462,3437,20250321,106,64,173,1,1,485.53,485.53,534.083,48.553,10.0
gid://shopify/LineItem/2153738829902,1808,20250319,107,620,39,4,1,809.13,809.13,890.043,80.913,10.0
gid://shopify/LineItem/2154453794894,2240,20250320,107,621,180,3,1,497.13,497.13,546.843,49.713,10.0
gid://shopify/LineItem/2156514902094,3987,20250321,107,622,118,3,1,555.13,555.13,610.643,55.513,10.0
gid://shopify/LineItem/2156675694670,4099,20250321,107,623,254,1,1,497.13,497.13,546.843,49.713,10.0
gid://shopify/LineItem/2160875569230,6984,20250324,108,624,118,1,1,656.63,656.63,722.293,65.663,10.0
gid://shopify/LineItem/2156229886030,3745,20250321,109,625,255,3,1,671.13,671.13,738.243,67.113,10.0
gid://shopify/LineItem/2159100002382,5708,20250323,109,626,248,1,1,497.13,497.13,546.843,49.713,10.0
gid://shopify/LineItem/2151890878542,498,20250318,110,627,256,1,1,613.13,613.13,674.443,61.313,10.0
gid://shopify/LineItem/2158332248142,5314,20250323,110,628,4,1,1,531.93,531.93,585.123,53.193,10.0
gid://shopify/LineItem/2160665329742,6806,20250324,111,629,8,3,1,485.53,485.53,534.083,48.553,10.0
gid://shopify/LineItem/2152284618830,754,20250318,112,630,257,1,1,563.93,563.93,620.323,56.393,10.0
gid://shopify/LineItem/2153899327566,1931,20250319,112,631,135,1,1,501.53,501.53,551.683,50.153,10.0
gid://shopify/LineItem/2160858726478,6962,20250324,112,632,19,3,1,623.13,623.13,685.443,62.313,10.0
gid://shopify/LineItem/2152602730574,938,20250318,113,633,216,1,1,497.13,497.13,546.843,49.713,10.0
gid://shopify/LineItem/2155214438478,3052,20250320,113,280,153,1,1,641.53,641.53,705.683,64.153,10.0
gid://shopify/LineItem/2151252688974,35,20250318,114,634,235,1,1,585.13,585.13,643.643,58.513,10.0
gid://shopify/LineItem/2151889436750,496,20250318,114,635,258,4,1,761.13,761.13,837.243,76.113,10.0
gid://shopify/LineItem/2152161280078,690,20250318,114,636,1,1,1,789.13,789.13,868.043,78.913,10.0
gid://shopify/LineItem/2154601939022,2403,20250320,114,637,87,1,1,517.13,517.13,568.843,51.713,10.0
gid://shopify/LineItem/2156163596366,3688,20250321,114,607,50,1,1,517.13,517.13,568.843,51.713,10.0
gid://shopify/LineItem/2153459253326,1529,20250319,114,638,259,3,1,728.73,728.73,801.603,72.873,10.0
gid://shopify/LineItem/2156635619406,4067,20250321,114,639,149,1,1,642.33,642.33,706.563,64.233,10.0
gid://shopify/LineItem/2158068957262,5216,20250322,115,640,65,1,1,555.13,555.13,610.643,55.513,10.0
gid://shopify/LineItem/2154528866382,2340,20250320,115,641,100,5,1,485.53,485.53,534.083,48.553,10.0
gid://shopify/LineItem/2156272418894,3784,20250321,115,642,82,1,1,531.93,531.93,585.123,53.193,10.0
gid://shopify/LineItem/2156495110222,3974,20250321,115,643,117,1,1,547.93,547.93,602.723,54.793,10.0
gid://shopify/LineItem/2157167575118,4457,20250322,115,644,3,1,1,610.33,610.33,671.363,61.033,10.0
gid://shopify/LineItem/2157441122382,4733,20250322,115,645,17,3,1,680.73,680.73,748.803,68.073,10.0
gid://shopify/LineItem/2160312516686,6483,20250324,115,646,35,1,1,594.33,594.33,653.763,59.433,10.0
gid://shopify/LineItem/2153918890062,1937,20250319,115,647,72,5,1,504.13,504.13,554.543,50.413,10.0
gid://shopify/LineItem/2160975872078,7054,20250324,115,648,69,1,1,497.13,497.13,546.843,49.713,10.0
gid://shopify/LineItem/2152977006670,1096,20250319,116,649,94,1,1,497.13,497.13,546.843,49.713,10.0
gid://shopify/LineItem/2155612667982,3218,20250321,116,650,32,1,1,595.13,595.13,654.643,59.513,10.0
gid://shopify/LineItem/2155936546894,3507,20250321,116,651,122,1,1,555.13,555.13,610.643,55.513,10.0
gid://shopify/LineItem/2151689486414,328,20250318,116,652,32,1,1,485.53,485.53,534.083,48.553,10.0
gid://shopify/LineItem/2151754924110,373,20250318,116,653,22,3,1,485.53,485.53,534.083,48.553,10.0
gid://shopify/LineItem/2154474405966,2264,20250320,116,654,260,5,1,531.93,531.93,585.123,53.193,10.0
gid://shopify/LineItem/2155585634382,3211,20250321,116,655,100,1,1,783.13,783.13,861.443,78.313,10.0
gid://shopify/LineItem/2152128086094,665,20250318,117,656,237,4,1,517.13,517.13,568.843,51.713,10.0
gid://shopify/LineItem/2153270575182,1382,20250319,117,398,3,1,1,650.33,650.33,715.363,65.033,10.0
gid://shopify/LineItem/2153437757518,1515,20250319,117,657,261,3,1,704.73,704.73,775.203,70.473,10.0
gid://shopify/LineItem/2153511616590,1570,20250319,117,658,149,1,1,579.93,579.93,637.923,57.993,10.0
gid://shopify/LineItem/2153512468558,1574,20250319,117,659,51,3,1,618.33,618.33,680.163,61.833,10.0
gid://shopify/LineItem/2154370859086,2130,20250320,117,660,262,1,1,821.53,821.53,903.683,82.153,10.0
gid://shopify/LineItem/2155217354830,3057,20250320,117,661,163,1,1,629.63,629.63,692.593,62.963,10.0
gid://shopify/LineItem/2157312933966,4603,20250322,118,662,136,1,1,555.13,555.13,610.643,55.513,10.0
gid://shopify/LineItem/2153715105870,1782,20250319,118,663,263,5,1,531.93,531.93,585.123,53.193,10.0
gid://shopify/LineItem/2160371073102,6555,20250324,118,664,93,4,1,656.73,656.73,722.403,65.673,10.0
gid://shopify/LineItem/2152680718414,963,20250319,118,665,93,1,1,526.13,526.13,578.743,52.613,10.0
gid://shopify/LineItem/2155869700174,3440,20250321,119,666,38,5,1,613.13,613.13,674.443,61.313,10.0
gid://shopify/LineItem/2156507037774,3982,20250321,119,667,192,5,1,585.13,585.13,643.643,58.513,10.0
gid://shopify/LineItem/2159331409998,5863,20250323,119,668,8,3,1,497.13,497.13,546.843,49.713,10.0
gid://shopify/LineItem/2153060827214,1179,20250319,119,669,46,1,1,531.93,531.93,585.123,53.193,10.0
gid://shopify/LineItem/2154191585358,2062,20250320,119,549,264,1,1,547.93,547.93,602.723,54.793,10.0
gid://shopify/LineItem/2156597117006,4045,20250321,119,670,68,3,1,563.93,563.93,620.323,56.393,10.0
gid://shopify/LineItem/2159660728398,6078,20250323,119,671,26,3,1,717.53,717.53,789.283,71.753,10.0
gid://shopify/LineItem/2155485659214,3203,20250321,120,672,53,1,1,672.73,672.73,740.003,67.273,10.0
gid://shopify/LineItem/2151828488270,447,20250318,120,673,79,1,1,615.13,615.13,676.643,61.513,10.0
gid://shopify/LineItem/2151708983374,337,20250318,120,674,189,1,1,843.93,843.93,928.323,84.393,10.0
gid://shopify/LineItem/2160290627662,6467,20250324,121,675,265,1,1,497.13,497.13,546.843,49.713,10.0
gid://shopify/LineItem/2151623852110,277,20250318,121,676,19,1,1,578.33,578.33,636.163,57.833,10.0
gid://shopify/LineItem/2157069631566,4319,20250322,121,677,16,5,1,517.53,517.53,569.283,51.753,10.0
gid://shopify/LineItem/2151443136590,98,20250318,122,678,44,1,1,555.13,555.13,610.643,55.513,10.0
gid://shopify/LineItem/2151543341134,196,20250318,122,679,23,3,1,497.13,497.13,546.843,49.713,10.0
gid://shopify/LineItem/2155236130894,3075,20250320,122,680,266,1,1,497.13,497.13,546.843,49.713,10.0
gid://shopify/LineItem/2156380553294,3860,20250321,122,681,26,1,1,693.13,693.13,762.443,69.313,10.0
gid://shopify/LineItem/2159174910030,5762,20250323,122,682,116,2,1,977.13,977.13,1074.843,97.713,10.0
gid://shopify/LineItem/2159402025038,5911,20250323,122,683,16,3,1,555.13,555.13,610.643,55.513,10.0
gid://shopify/LineItem/2154950426702,2769,20250320,122,684,35,4,1,531.93,531.93,585.123,53.193,10.0
gid://shopify/LineItem/2156206850126,3729,20250321,122,49,215,1,1,704.73,704.73,775.203,70.473,10.0
gid://shopify/LineItem/2157571768398,4829,20250322,122,286,178,1,1,482.63,482.63,530.893,48.263,10.0
gid://shopify/LineItem/2158598914126,5407,20250323,122,685,143,5,1,595.13,595.13,654.643,59.513,10.0
gid://shopify/LineItem/2156173492302,3694,20250321,122,686,62,1,1,439.13,439.13,483.043,43.913,10.0
gid://shopify/LineItem/2157290717262,4586,20250322,123,687,52,5,1,497.63,497.63,547.393,49.763,10.0
gid://shopify/LineItem/2151543177294,195,20250318,124,688,87,1,1,635.13,635.13,698.643,63.513,10.0
gid://shopify/LineItem/2153754624078,1826,20250319,124,689,24,4,1,497.13,497.13,546.843,49.713,10.0
gid://shopify/LineItem/2155807899726,3381,20250321,125,690,267,4,1,497.13,497.13,546.843,49.713,10.0
gid://shopify/LineItem/2161063526478,7122,20250324,125,691,126,1,1,604.13,604.13,664.543,60.413,10.0
gid://shopify/LineItem/2154514022478,2326,20250320,126,692,268,1,1,497.13,497.13,546.843,49.713,10.0
gid://shopify/LineItem/2154841047118,2661,20250320,126,693,8,3,1,497.13,497.13,546.843,49.713,10.0
gid://shopify/LineItem/2153364357198,1452,20250319,126,694,269,5,1,517.53,517.53,569.283,51.753,10.0
gid://shopify/LineItem/2153726312526,1793,20250319,127,695,52,3,1,497.13,497.13,546.843,49.713,10.0
gid://shopify/LineItem/2160236036174,6375,20250324,127,696,270,1,1,531.93,531.93,585.123,53.193,10.0
gid://shopify/LineItem/2155734827086,3306,20250321,127,697,179,1,1,439.13,439.13,483.043,43.913,10.0
gid://shopify/LineItem/2153030287438,1151,20250319,128,698,44,3,1,497.13,497.13,546.843,49.713,10.0
gid://shopify/LineItem/2153156608078,1273,20250319,128,699,94,3,1,497.13,497.13,546.843,49.713,10.0
gid://shopify/LineItem/2153819045966,1878,20250319,128,700,62,3,1,663.13,663.13,729.443,66.313,10.0
gid://shopify/LineItem/2154503897166,2306,20250320,128,522,271,5,1,497.13,497.13,546.843,49.713,10.0
gid://shopify/LineItem/2158884290638,5562,20250323,128,701,50,1,1,585.13,585.13,643.643,58.513,10.0
gid://shopify/LineItem/2151894548558,503,20250318,128,702,272,3,1,485.53,485.53,534.083,48.553,10.0
gid://shopify/LineItem/2152081195086,635,20250318,128,703,54,1,1,539.93,539.93,593.923,53.993,10.0
gid://shopify/LineItem/2153738338382,1807,20250319,128,704,273,1,1,1135.13,1135.13,1248.643,113.513,10.0
gid://shopify/LineItem/2156338315342,3824,20250321,128,705,274,5,1,592.13,592.13,651.343,59.213,10.0
gid://shopify/LineItem/2158835466318,5527,20250323,128,539,16,5,1,569.13,569.13,626.043,56.913,10.0
gid://shopify/LineItem/2154503831630,2305,20250320,129,706,64,1,1,623.13,623.13,685.443,62.313,10.0
gid://shopify/LineItem/2151546781774,204,20250318,129,707,40,1,1,610.33,610.33,671.363,61.033,10.0
gid://shopify/LineItem/2153620275278,1683,20250319,129,708,275,1,1,586.33,586.33,644.963,58.633,10.0
gid://shopify/LineItem/2157422444622,4712,20250322,129,709,240,5,1,537.13,537.13,590.843,53.713,10.0
gid://shopify/LineItem/2161415946318,7379,20250324,129,710,133,1,1,497.13,497.13,546.843,49.713,10.0
gid://shopify/LineItem/2157339082830,4636,20250322,130,711,13,4,1,613.13,613.13,674.443,61.313,10.0
gid://shopify/LineItem/2155248713806,3087,20250320,131,712,121,5,1,497.13,497.13,546.843,49.713,10.0
gid://shopify/LineItem/2157569769550,4827,20250322,131,713,69,1,1,602.33,602.33,662.563,60.233,10.0
gid://shopify/LineItem/2159466446926,5952,20250323,132,714,29,3,2,277.56,555.13,610.643,55.513,10.0
gid://shopify/LineItem/2155047911502,2887,20250320,132,715,154,1,1,485.53,485.53,534.083,48.553,10.0
gid://shopify/LineItem/2160749215822,6893,20250324,132,716,16,1,1,634.33,634.33,697.763,63.433,10.0
gid://shopify/LineItem/2161246240846,7280,20250324,132,717,235,1,1,551.93,551.93,607.123,55.193,10.0
gid://shopify/LineItem/2153548841038,1616,20250319,133,718,1,1,1,497.13,497.13,546.843,49.713,10.0
gid://shopify/LineItem/2154521165902,2333,20250320,133,719,276,1,1,555.13,555.13,610.643,55.513,10.0
gid://shopify/LineItem/2155141627982,2979,20250320,133,720,40,1,1,497.13,497.13,546.843,49.713,10.0
gid://shopify/LineItem/2154799333454,2626,20250320,133,721,74,5,1,563.93,563.93,620.323,56.393,10.0
gid://shopify/LineItem/2156332482638,3819,20250321,134,238,20,1,1,588.73,588.73,647.603,58.873,10.0
gid://shopify/LineItem/2158847033422,5531,20250323,135,578,8,2,1,586.13,586.13,644.743,58.613,10.0
gid://shopify/LineItem/2151863648334,480,20250318,136,66,277,5,1,501.53,501.53,551.683,50.153,10.0
gid://shopify/LineItem/2154877550670,2689,20250320,137,722,9,5,1,509.53,509.53,560.483,50.953,10.0
gid://shopify/LineItem/2159750283342,6146,20250323,137,650,176,1,1,509.53,509.53,560.483,50.953,10.0
gid://shopify/LineItem/2153100771406,1225,20250319,137,723,140,1,1,439.13,439.13,483.043,43.913,10.0
gid://shopify/LineItem/2160509780046,6678,20250324,137,724,49,5,1,509.53,509.53,560.483,50.953,10.0
gid://shopify/LineItem/2151668777038,308,20250318,138,725,278,1,1,509.53,509.53,560.483,50.953,10.0
gid://shopify/LineItem/2153045917774,1169,20250319,138,726,279,1,1,696.73,696.73,766.403,69.673,10.0
gid://shopify/LineItem/2154386882638,2146,20250320,138,727,279,1,1,658.33,658.33,724.163,65.833,10.0
gid://shopify/LineItem/2158979874894,5633,20250323,138,728,70,2,1,579.93,579.93,637.923,57.993,10.0
gid://shopify/LineItem/2153275621454,1395,20250319,138,729,55,5,1,527.13,527.13,579.843,52.713,10.0
gid://shopify/LineItem/2153084846158,1208,20250319,139,730,217,4,1,527.13,527.13,579.843,52.713,10.0
gid://shopify/LineItem/2153333162062,1439,20250319,139,731,280,1,1,615.13,615.13,676.643,61.513,10.0
gid://shopify/LineItem/2153643802702,1706,20250319,139,732,27,1,1,683.13,683.13,751.443,68.313,10.0
gid://shopify/LineItem/2155000135758,2826,20250320,139,733,281,1,1,527.13,527.13,579.843,52.713,10.0
gid://shopify/LineItem/2155276927054,3100,20250320,139,734,102,5,1,625.13,625.13,687.643,62.513,10.0
gid://shopify/LineItem/2155284725838,3105,20250320,139,735,165,1,1,625.13,625.13,687.643,62.513,10.0
gid://shopify/LineItem/2155433230414,3186,20250321,139,736,99,1,1,744.73,744.73,819.203,74.473,10.0
gid://shopify/LineItem/2160515153998,6685,20250324,139,737,108,3,1,509.53,509.53,560.483,50.953,10.0
gid://shopify/LineItem/2158590230606,5403,20250323,139,738,41,5,1,527.13,527.13,579.843,52.713,10.0
gid://shopify/LineItem/2154947739726,2765,20250320,139,739,92,5,1,501.53,501.53,551.683,50.153,10.0
gid://shopify/LineItem/2160867442766,6976,20250324,139,740,3,3,1,625.13,625.13,687.643,62.513,10.0
gid://shopify/LineItem/2161251057742,7285,20250324,139,741,79,1,1,509.53,509.53,560.483,50.953,10.0
gid://shopify/LineItem/2154894032974,2710,20250320,140,742,59,1,1,509.53,509.53,560.483,50.953,10.0
gid://shopify/LineItem/2155174756430,3009,20250320,140,743,73,1,1,587.93,587.93,646.723,58.793,10.0
gid://shopify/LineItem/2157540540494,4802,20250322,140,744,3,5,1,509.53,509.53,560.483,50.953,10.0
gid://shopify/LineItem/2151591706702,252,20250318,140,745,16,5,1,571.93,571.93,629.123,57.193,10.0
gid://shopify/LineItem/2156975325262,4182,20250322,141,746,1,1,1,744.73,744.73,819.203,74.473,10.0
gid://shopify/LineItem/2152705917006,971,20250319,142,747,282,1,1,527.13,527.13,579.843,52.713,10.0
gid://shopify/LineItem/2155158831182,2998,20250320,143,748,216,1,1,625.13,625.13,687.643,62.513,10.0
gid://shopify/LineItem/2158848507982,5532,20250323,143,749,283,5,1,615.13,615.13,676.643,61.513,10.0
gid://shopify/LineItem/2152945877070,1066,20250319,144,750,162,1,1,821.13,821.13,903.243,82.113,10.0
gid://shopify/LineItem/2155743281230,3317,20250321,144,751,50,3,1,527.13,527.13,579.843,52.713,10.0
gid://shopify/LineItem/2151884718158,495,20250318,144,752,284,1,1,509.53,509.53,560.483,50.953,10.0
gid://shopify/LineItem/2152547385422,913,20250318,144,753,73,3,1,565.53,565.53,622.083,56.553,10.0
gid://shopify/LineItem/2156350931022,3836,20250321,144,754,8,1,1,587.93,587.93,646.723,58.793,10.0
gid://shopify/LineItem/2154747985998,2563,20250320,145,755,74,3,1,527.13,527.13,579.843,52.713,10.0
gid://shopify/LineItem/2155821498446,3395,20250321,145,756,134,1,1,666.33,666.33,732.963,66.633,10.0
gid://shopify/LineItem/2156312690766,3807,20250321,146,757,285,3,1,578.63,578.63,636.493,57.863,10.0
gid://shopify/LineItem/2155720343630,3291,20250321,147,758,6,1,1,634.33,634.33,697.763,63.433,10.0
gid://shopify/LineItem/2161152786510,7190,20250324,147,759,192,1,1,615.13,615.13,676.643,61.513,10.0
gid://shopify/LineItem/2158150516814,5258,20250322,148,760,135,3,1,728.73,728.73,801.603,72.873,10.0
gid://shopify/LineItem/2159148957774,5741,20250323,148,761,68,1,1,666.33,666.33,732.963,66.633,10.0
gid://shopify/LineItem/2153486811214,1547,20250319,149,461,85,3,1,744.73,744.73,819.203,74.473,10.0
gid://shopify/LineItem/2154507370574,2313,20250320,149,492,149,5,1,556.13,556.13,611.743,55.613,10.0
gid://shopify/LineItem/2160860397646,6967,20250324,150,762,29,1,1,509.53,509.53,560.483,50.953,10.0
gid://shopify/LineItem/2151978958926,553,20250318,151,763,61,5,1,622.13,622.13,684.343,62.213,10.0
gid://shopify/LineItem/2160960569422,7040,20250324,151,764,218,5,1,595.93,595.93,655.523,59.593,10.0
gid://shopify/LineItem/2151572340814,229,20250318,152,765,286,5,1,505.13,505.13,555.643,50.513,10.0
gid://shopify/LineItem/2153108602958,1234,20250319,153,766,118,5,1,616.93,616.93,678.623,61.693,10.0
gid://shopify/LineItem/2161152262222,7188,20250324,153,645,134,5,1,602.93,602.93,663.223,60.293,10.0
gid://shopify/LineItem/2157270761550,4566,20250322,154,767,123,5,1,517.13,517.13,568.843,51.713,10.0
gid://shopify/LineItem/2153748955214,1820,20250319,155,768,18,5,1,537.13,537.13,590.843,53.713,10.0
gid://shopify/LineItem/2156212879438,3735,20250321,155,769,1,5,1,537.13,537.13,590.843,53.713,10.0
gid://shopify/LineItem/2157536051278,4799,20250322,156,770,5,5,1,517.53,517.53,569.283,51.753,10.0
gid://shopify/LineItem/2153761243214,1831,20250319,157,771,205,1,2,239.56,479.13,527.043,47.913,10.0
gid://shopify/LineItem/2152104853582,649,20250318,157,772,85,1,1,551.63,551.63,606.793,55.163,10.0
gid://shopify/LineItem/2155481825358,3202,20250321,158,773,41,5,2,259.56,519.13,571.043,51.913,10.0
gid://shopify/LineItem/2155910103118,3482,20250321,158,774,29,1,2,419.56,839.13,923.043,83.913,10.0
gid://shopify/LineItem/2153507618894,1565,20250319,158,775,52,1,2,229.56,459.13,505.043,45.913,10.0
gid://shopify/LineItem/2151550943310,205,20250318,158,776,200,3,1,537.13,537.13,590.843,53.713,10.0
gid://shopify/LineItem/2152995029070,1120,20250319,158,777,182,1,1,547.13,547.13,601.843,54.713,10.0
gid://shopify/LineItem/2157585596494,4840,20250322,158,713,134,1,1,459.13,459.13,505.043,45.913,10.0
gid://shopify/LineItem/2157679378510,4927,20250322,158,778,80,1,1,517.13,517.13,568.843,51.713,10.0
gid://shopify/LineItem/2157862584398,5053,20250322,158,779,2,1,1,459.13,459.13,505.043,45.913,10.0
gid://shopify/LineItem/2158780088398,5493,20250323,158,780,283,1,1,831.13,831.13,914.243,83.113,10.0
gid://shopify/LineItem/2153298460750,1410,20250319,158,781,232,5,1,501.53,501.53,551.683,50.153,10.0
gid://shopify/LineItem/2157336264782,4632,20250322,158,782,230,1,1,525.53,525.53,578.083,52.553,10.0
gid://shopify/LineItem/2151787528270,413,20250318,159,783,117,1,1,609.63,609.63,670.593,60.963,10.0
gid://shopify/LineItem/2155882217550,3449,20250321,160,784,265,1,1,479.13,479.13,527.043,47.913,10.0
gid://shopify/LineItem/2156039372878,3595,20250321,160,785,224,5,1,557.13,557.13,612.843,55.713,10.0
gid://shopify/LineItem/2151584104526,240,20250318,160,786,287,5,1,455.13,455.13,500.643,45.513,10.0
gid://shopify/LineItem/2152283275342,751,20250318,160,787,123,1,1,439.13,439.13,483.043,43.913,10.0
gid://shopify/LineItem/2153017409614,1137,20250319,161,788,238,1,1,517.13,517.13,568.843,51.713,10.0
gid://shopify/LineItem/2153548415054,1614,20250319,161,789,53,5,1,537.13,537.13,590.843,53.713,10.0
gid://shopify/LineItem/2154746183758,2561,20250320,161,790,8,1,1,547.13,547.13,601.843,54.713,10.0
gid://shopify/LineItem/2152967536718,1085,20250319,161,791,288,1,1,517.13,517.13,568.843,51.713,10.0
gid://shopify/LineItem/2154698342478,2504,20250320,162,792,155,3,2,332.56,665.13,731.643,66.513,10.0
gid://shopify/LineItem/2153061384270,1180,20250319,163,793,180,1,1,620.13,620.13,682.143,62.013,10.0
gid://shopify/LineItem/2158762295374,5483,20250323,164,156,289,1,2,439.56,879.13,967.043,87.913,10.0
gid://shopify/LineItem/2151892942926,500,20250318,164,794,218,1,1,490.33,490.33,539.363,49.033,10.0
gid://shopify/LineItem/2156063981646,3614,20250321,164,795,29,5,1,516.73,516.73,568.403,51.673,10.0
gid://shopify/LineItem/2160198352974,6322,20250324,164,796,206,1,1,618.33,618.33,680.163,61.833,10.0
gid://shopify/LineItem/2161489707086,7420,20250324,164,350,40,5,1,576.13,576.13,633.743,57.613,10.0
gid://shopify/LineItem/2156458180686,3940,20250321,165,797,20,1,1,532.73,532.73,586.003,53.273,10.0
gid://shopify/LineItem/2155078582350,2924,20250320,165,798,16,1,1,625.63,625.63,688.193,62.563,10.0
gid://shopify/LineItem/2156135776334,3663,20250321,166,799,290,1,1,594.13,594.13,653.543,59.413,10.0
gid://shopify/LineItem/2157585989710,4842,20250322,166,800,2,3,1,1057.53,1057.53,1163.283,105.753,10.0
gid://shopify/LineItem/2154785374286,2612,20250320,167,801,203,3,1,478.13,478.13,525.943,47.813,10.0
gid://shopify/LineItem/2159436005454,5936,20250323,167,802,176,1,1,556.13,556.13,611.743,55.613,10.0
gid://shopify/LineItem/2157047283790,4286,20250322,167,803,176,1,1,548.73,548.73,603.603,54.873,10.0
gid://shopify/LineItem/2160556671054,6717,20250324,167,804,291,1,1,540.73,540.73,594.803,54.073,10.0
gid://shopify/LineItem/2154634707022,2437,20250320,168,805,141,1,1,483.45,483.45,531.795,48.345,10.0
gid://shopify/LineItem/2157266403406,4559,20250322,168,806,1,1,1,517.53,517.53,569.283,51.753,10.0
gid://shopify/LineItem/2151543504974,197,20250318,168,807,237,1,1,537.13,537.13,590.843,53.713,10.0
gid://shopify/LineItem/2156210618446,3733,20250321,168,808,96,1,1,446.63,446.63,491.293,44.663,10.0
gid://shopify/LineItem/2160488153166,6658,20250324,169,268,292,3,1,597.53,597.53,657.283,59.753,10.0
gid://shopify/LineItem/2155790467150,3368,20250321,169,809,293,5,1,637.13,637.13,700.843,63.713,10.0
gid://shopify/LineItem/2160215359566,6342,20250324,169,810,70,4,1,675.93,675.93,743.523,67.593,10.0
gid://shopify/LineItem/2156668092494,4092,20250321,169,811,50,1,1,633.53,633.53,696.883,63.353,10.0
gid://shopify/LineItem/2151767375950,389,20250318,169,565,3,1,1,637.13,637.13,700.843,63.713,10.0
gid://shopify/LineItem/2158856634446,5538,20250323,169,808,237,1,1,637.13,637.13,700.843,63.713,10.0
gid://shopify/LineItem/2155002986574,2831,20250320,169,812,54,1,1,637.13,637.13,700.843,63.713,10.0
gid://shopify/LineItem/2156423938126,3907,20250321,170,715,16,1,1,537.13,537.13,590.843,53.713,10.0
gid://shopify/LineItem/2151390281806,58,20250318,171,813,163,1,1,497.13,497.13,546.843,49.713,10.0
gid://shopify/LineItem/2156540919886,4012,20250321,20,814,53,1,1,485.53,485.53,534.083,48.553,10.0
gid://shopify/LineItem/2153182462030,1297,20250319,172,815,35,5,1,537.13,537.13,590.843,53.713,10.0
gid://shopify/LineItem/2151470661710,126,20250318,173,816,294,3,1,527.13,527.13,579.843,52.713,10.0
gid://shopify/LineItem/2159562391630,6016,20250323,1,817,295,3,1,470.33,470.33,517.363,47.033,10.0
gid://shopify/LineItem/2154779574350,2605,20250320,174,818,76,1,1,537.13,537.13,590.843,53.713,10.0
gid://shopify/LineItem/2157225148494,4515,20250322,20,819,296,5,1,535.13,535.13,588.643,53.513,10.0
gid://shopify/LineItem/2151951532110,539,20250318,20,820,43,5,1,501.53,501.53,551.683,50.153,10.0
gid://shopify/LineItem/2151676706894,316,20250318,20,821,9,5,1,504.13,504.13,554.543,50.413,10.0
gid://shopify/LineItem/2156246597710,3761,20250321,175,822,297,5,1,507.13,507.13,557.843,50.713,10.0
gid://shopify/LineItem/2156239454286,3755,20250321,20,823,252,5,1,501.53,501.53,551.683,50.153,10.0
gid://shopify/LineItem/2160318316622,6493,20250324,176,716,24,5,1,493.53,493.53,542.883,49.353,10.0
gid://shopify/LineItem/2156420989006,3903,20250321,177,824,176,5,1,505.13,505.13,555.643,50.513,10.0
gid://shopify/LineItem/2157052526670,4295,20250322,178,825,258,1,1,439.13,439.13,483.043,43.913,10.0
gid://shopify/LineItem/2155744788558,3320,20250321,179,826,20,1,1,439.13,439.13,483.043,43.913,10.0
gid://shopify/LineItem/2160565059662,6722,20250324,180,827,62,3,1,744.73,744.73,819.203,74.473,10.0
gid://shopify/LineItem/2151936163918,530,20250318,1,828,45,5,1,527.13,527.13,579.843,52.713,10.0
gid://shopify/LineItem/2160252551246,6406,20250324,177,829,53,1,1,517.13,517.13,568.843,51.713,10.0
gid://shopify/LineItem/2152958722126,1073,20250319,172,830,279,1,1,537.13,537.13,590.843,53.713,10.0
gid://shopify/LineItem/2156161368142,3685,20250321,172,245,298,1,1,537.13,537.13,590.843,53.713,10.0
gid://shopify/LineItem/2157958791246,5139,20250322,181,831,299,1,1,587.93,587.93,646.723,58.793,10.0
gid://shopify/LineItem/2156382191694,3864,20250321,182,832,35,3,1,537.13,537.13,590.843,53.713,10.0
gid://shopify/LineItem/2156336709710,3823,20250321,177,358,99,1,1,485.53,485.53,534.083,48.553,10.0
gid://shopify/LineItem/2155760484430,3334,20250321,183,833,52,1,1,501.53,501.53,551.683,50.153,10.0
gid://shopify/LineItem/2156028657742,3581,20250321,184,834,20,1,1,439.13,439.13,483.043,43.913,10.0
gid://shopify/LineItem/2151456637006,107,20250318,185,835,73,5,1,586.13,586.13,644.743,58.613,10.0
gid://shopify/LineItem/2157028442190,4255,20250322,20,836,20,5,1,501.53,501.53,551.683,50.153,10.0
gid://shopify/LineItem/2151678935118,319,20250318,186,837,119,5,1,1319.13,1319.13,1451.043,131.913,10.0
gid://shopify/LineItem/2153276833870,1396,20250319,172,838,197,5,1,504.13,504.13,554.543,50.413,10.0
gid://shopify/LineItem/2157553451086,4815,20250322,187,839,70,5,1,493.53,493.53,542.883,49.353,10.0
gid://shopify/LineItem/2154942169166,2762,20250320,177,840,53,5,1,517.13,517.13,568.843,51.713,10.0
gid://shopify/LineItem/2155980718158,3534,20250321,179,841,29,5,1,517.53,517.53,569.283,51.753,10.0
gid://shopify/LineItem/2160614244430,6770,20250324,188,354,73,5,1,517.53,517.53,569.283,51.753,10.0
gid://shopify/LineItem/2159567208526,6021,20250323,20,819,300,5,1,527.13,527.13,579.843,52.713,10.0
gid://shopify/LineItem/2159492399182,5971,20250323,189,681,301,1,1,439.13,439.13,483.043,43.913,10.0
gid://shopify/LineItem/2156216451150,3738,20250321,190,842,302,2,1,861.13,861.13,947.243,86.113,10.0
gid://shopify/LineItem/2152073232462,625,20250318,191,843,24,1,1,439.13,439.13,483.043,43.913,10.0
gid://shopify/LineItem/2153212215374,1328,20250319,186,844,204,1,1,439.13,439.13,483.043,43.913,10.0
gid://shopify/LineItem/2157075562574,4332,20250322,192,845,244,1,1,439.13,439.13,483.043,43.913,10.0
gid://shopify/LineItem/2161037410382,7100,20250324,21,846,13,2,1,537.13,537.13,590.843,53.713,10.0
gid://shopify/LineItem/2151511916622,157,20250318,193,847,38,1,2,219.56,439.13,483.043,43.913,10.0
gid://shopify/LineItem/2151492354126,136,20250318,172,848,90,5,1,635.13,635.13,698.643,63.513,10.0
gid://shopify/LineItem/2153741549646,1812,20250319,44,849,303,3,1,635.13,635.13,698.643,63.513,10.0
gid://shopify/LineItem/2153695313998,1756,20250319,20,850,35,1,1,526.13,526.13,578.743,52.613,10.0
gid://shopify/LineItem/2154767450190,2590,20250320,20,851,62,1,1,555.13,555.13,610.643,55.513,10.0
gid://shopify/LineItem/2153920757838,1940,20250319,20,706,23,1,1,563.93,563.93,620.323,56.393,10.0
gid://shopify/LineItem/2151893008462,501,20250318,20,852,68,1,1,595.13,595.13,654.643,59.513,10.0
gid://shopify/LineItem/2153975054414,1978,20250319,172,853,19,1,1,674.33,674.33,741.763,67.433,10.0
gid://shopify/LineItem/2152169275470,694,20250318,20,854,175,1,1,555.93,555.93,611.523,55.593,10.0
gid://shopify/LineItem/2154319773774,2075,20250320,20,855,304,1,1,624.73,624.73,687.203,62.473,10.0
gid://shopify/LineItem/2156679004238,4102,20250321,44,856,3,5,1,674.33,674.33,741.763,67.433,10.0
gid://shopify/LineItem/2151508738126,153,20250318,174,857,305,5,1,587.93,587.93,646.723,58.793,10.0
gid://shopify/LineItem/2159079456846,5691,20250323,194,858,28,1,1,555.13,555.13,610.643,55.513,10.0
gid://shopify/LineItem/2153486385230,1546,20250319,195,859,74,1,1,841.13,841.13,925.243,84.113,10.0
gid://shopify/LineItem/2160310452302,6480,20250324,1,860,279,3,1,579.93,579.93,637.923,57.993,10.0
gid://shopify/LineItem/2156448088142,3929,20250321,177,861,154,3,1,585.13,585.13,643.643,58.513,10.0
gid://shopify/LineItem/2160190324814,6312,20250324,196,862,163,3,2,277.56,555.13,610.643,55.513,10.0
gid://shopify/LineItem/2153206480974,1315,20250319,1,842,216,1,1,497.13,497.13,546.843,49.713,10.0
gid://shopify/LineItem/2151859945550,476,20250318,177,374,176,1,1,712.73,712.73,784.003,71.273,10.0
gid://shopify/LineItem/2156410863694,3893,20250321,179,863,49,1,1,781.13,781.13,859.243,78.113,10.0
gid://shopify/LineItem/2160768876622,6907,20250324,197,864,39,1,1,713.13,713.13,784.443,71.313,10.0
gid://shopify/LineItem/2154690281550,2495,20250320,198,167,55,1,1,507.13,507.13,557.843,50.713,10.0
gid://shopify/LineItem/2157169836110,4461,20250322,1,865,5,1,1,512.63,512.63,563.893,51.263,10.0
gid://shopify/LineItem/2157606535246,4857,20250322,20,236,194,5,1,605.13,605.13,665.643,60.513,10.0
gid://shopify/LineItem/2158469611598,5338,20250323,188,866,70,5,1,537.13,537.13,590.843,53.713,10.0
gid://shopify/LineItem/2153676701774,1740,20250319,20,867,87,1,1,497.13,497.13,546.843,49.713,10.0
gid://shopify/LineItem/2151341588558,40,20250318,171,868,306,3,1,497.13,497.13,546.843,49.713,10.0
gid://shopify/LineItem/2160596156494,6753,20250324,20,869,307,1,1,497.13,497.13,546.843,49.713,10.0
gid://shopify/LineItem/2151841005646,462,20250318,1,870,109,1,1,625.13,625.13,687.643,62.513,10.0
gid://shopify/LineItem/2152903475278,1020,20250319,20,871,308,1,1,585.13,585.13,643.643,58.513,10.0
gid://shopify/LineItem/2153224699982,1340,20250319,20,872,200,1,1,527.13,527.13,579.843,52.713,10.0
gid://shopify/LineItem/2156602327118,4049,20250321,172,873,75,1,1,537.13,537.13,590.843,53.713,10.0
gid://shopify/LineItem/2157867532366,5061,20250322,199,874,170,1,1,509.53,509.53,560.483,50.953,10.0
gid://shopify/LineItem/2151763050574,383,20250318,20,875,309,1,1,497.13,497.13,546.843,49.713,10.0
gid://shopify/LineItem/2159411069006,5917,20250323,200,876,41,5,1,468.38,468.38,515.218,46.838,10.0
gid://shopify/LineItem/2153536159822,1599,20250319,201,877,296,5,1,533.53,533.53,586.883,53.353,10.0
gid://shopify/LineItem/2157699629134,4949,20250322,1,878,224,5,1,615.13,615.13,676.643,61.513,10.0
gid://shopify/LineItem/2154768203854,2591,20250320,179,879,234,5,1,517.53,517.53,569.283,51.753,10.0
gid://shopify/LineItem/2151417774158,78,20250318,188,880,83,2,1,537.13,537.13,590.843,53.713,10.0
gid://shopify/LineItem/2151649738830,297,20250318,202,881,310,2,1,459.13,459.13,505.043,45.913,10.0
gid://shopify/LineItem/2158627553358,5421,20250323,193,882,259,1,1,439.13,439.13,483.043,43.913,10.0
gid://shopify/LineItem/2151461421134,112,20250318,44,883,144,1,1,650.33,650.33,715.363,65.033,10.0
gid://shopify/LineItem/2160361439310,6542,20250324,177,884,39,3,1,713.13,713.13,784.443,71.313,10.0
gid://shopify/LineItem/2159833743438,6194,20250323,203,885,65,3,1,594.33,594.33,653.763,59.433,10.0
gid://shopify/LineItem/2155775721550,3349,20250321,172,886,259,1,1,971.93,971.93,1069.123,97.193,10.0
gid://shopify/LineItem/2155655495758,3238,20250321,44,887,81,1,1,673.13,673.13,740.443,67.313,10.0
gid://shopify/LineItem/2158378647630,5321,20250323,204,888,12,1,1,680.73,680.73,748.803,68.073,10.0
gid://shopify/LineItem/2160540876878,6707,20250324,177,889,70,1,1,613.13,613.13,674.443,61.313,10.0
gid://shopify/LineItem/2157493223502,4768,20250322,177,890,163,1,1,563.93,563.93,620.323,56.393,10.0
gid://shopify/LineItem/2161016668238,7087,20250324,188,891,311,5,1,595.93,595.93,655.523,59.593,10.0
gid://shopify/LineItem/2151910441038,514,20250318,205,892,262,1,1,439.13,439.13,483.043,43.913,10.0
gid://shopify/LineItem/2157455638606,4741,20250322,206,893,80,2,1,653.13,653.13,718.443,65.313,10.0
gid://shopify/LineItem/2153683255374,1745,20250319,2,894,312,4,1,603.13,603.13,663.443,60.313,10.0
gid://shopify/LineItem/2154658037838,2455,20250320,1,895,35,4,1,611.93,611.93,673.123,61.193,10.0
gid://shopify/LineItem/2157233438798,4526,20250322,207,88,306,4,1,497.13,497.13,546.843,49.713,10.0
gid://shopify/LineItem/2157369524302,4663,20250322,1,896,178,4,1,555.13,555.13,610.643,55.513,10.0
gid://shopify/LineItem/2158881636430,5557,20250323,2,897,251,4,1,555.93,555.93,611.523,55.593,10.0
gid://shopify/LineItem/2153525510222,1590,20250319,1,898,100,3,1,595.93,595.93,655.523,59.593,10.0
gid://shopify/LineItem/2157198442574,4486,20250322,1,899,80,3,1,571.13,571.13,628.243,57.113,10.0
gid://shopify/LineItem/2154993320014,2816,20250320,2,900,1,3,1,545.13,545.13,599.643,54.513,10.0
gid://shopify/LineItem/2151776059470,401,20250318,2,901,282,3,1,487.13,487.13,535.843,48.713,10.0
gid://shopify/LineItem/2157111476302,4383,20250322,2,902,32,3,1,535.13,535.13,588.643,53.513,10.0
gid://shopify/LineItem/2157660110926,4910,20250322,1,903,100,3,1,585.13,585.13,643.643,58.513,10.0
gid://shopify/LineItem/2159953313870,6240,20250324,1,904,1,3,1,595.13,595.13,654.643,59.513,10.0
gid://shopify/LineItem/2160689676366,6828,20250324,1,531,100,3,1,693.13,693.13,762.443,69.313,10.0
gid://shopify/LineItem/2155076649038,2921,20250320,1,644,11,3,1,613.13,613.13,674.443,61.313,10.0
gid://shopify/LineItem/2161162059854,7198,20250324,1,905,55,3,1,531.93,531.93,585.123,53.193,10.0
gid://shopify/LineItem/2153399189582,1479,20250319,1,768,16,3,1,1183.13,1183.13,1301.443,118.313,10.0
gid://shopify/LineItem/2152277672014,745,20250318,1,906,212,3,1,1024.73,1024.73,1127.203,102.473,10.0
gid://shopify/LineItem/2155932647502,3504,20250321,2,907,1,3,1,613.13,613.13,674.443,61.313,10.0
gid://shopify/LineItem/2157414481998,4704,20250322,1,908,44,3,1,683.13,683.13,751.443,68.313,10.0
gid://shopify/LineItem/2161089445966,7150,20250324,1,909,16,1,1,602.33,602.33,662.563,60.233,10.0
gid://shopify/LineItem/2160823697486,6945,20250324,2,910,175,1,1,487.13,487.13,535.843,48.713,10.0
gid://shopify/LineItem/2151561920590,218,20250318,2,911,17,1,1,565.13,565.13,621.643,56.513,10.0
gid://shopify/LineItem/2159823749198,6188,20250323,2,912,1,1,1,642.13,642.13,706.343,64.213,10.0
gid://shopify/LineItem/2161078632526,7135,20250324,2,913,122,1,1,531.93,531.93,585.123,53.193,10.0
gid://shopify/LineItem/2153536520270,1600,20250319,2,914,102,1,1,531.93,531.93,585.123,53.193,10.0
gid://shopify/LineItem/2154363584590,2120,20250320,1,915,46,1,1,605.13,605.13,665.643,60.513,10.0
gid://shopify/LineItem/2151688536142,327,20250318,1,916,313,1,1,527.13,527.13,579.843,52.713,10.0
gid://shopify/LineItem/2152459829326,867,20250318,1,917,286,1,1,527.13,527.13,579.843,52.713,10.0
gid://shopify/LineItem/2153266708558,1379,20250319,1,918,133,1,1,919.13,919.13,1011.043,91.913,10.0
gid://shopify/LineItem/2160545955918,6711,20250324,1,919,141,1,1,587.93,587.93,646.723,58.793,10.0
gid://shopify/LineItem/2160556081230,6716,20250324,1,920,1,1,1,587.93,587.93,646.723,58.793,10.0
gid://shopify/LineItem/2152801140814,978,20250319,1,921,72,1,1,527.13,527.13,579.843,52.713,10.0
gid://shopify/LineItem/2154753622094,2574,20250320,1,922,204,1,1,555.93,555.93,611.523,55.593,10.0
gid://shopify/LineItem/2153654779982,1722,20250319,1,923,314,1,1,527.13,527.13,579.843,52.713,10.0
gid://shopify/LineItem/2152359231566,801,20250318,208,924,89,1,1,497.13,497.13,546.843,49.713,10.0
gid://shopify/LineItem/2153031991374,1153,20250319,209,925,109,1,1,578.33,578.33,636.163,57.833,10.0
gid://shopify/LineItem/2157241827406,4537,20250322,209,926,296,1,1,497.13,497.13,546.843,49.713,10.0
gid://shopify/LineItem/2151530725454,181,20250318,1,927,315,1,1,575.13,575.13,632.643,57.513,10.0
gid://shopify/LineItem/2159196799054,5772,20250323,1,928,149,1,1,575.13,575.13,632.643,57.513,10.0
gid://shopify/LineItem/2154133356622,2053,20250320,1,38,13,1,1,527.13,527.13,579.843,52.713,10.0
gid://shopify/LineItem/2158486552654,5343,20250323,2,929,160,1,1,535.13,535.13,588.643,53.513,10.0
gid://shopify/LineItem/2158869807182,5550,20250323,1,930,19,1,1,654.13,654.13,719.543,65.413,10.0
gid://shopify/LineItem/2156773572686,4147,20250322,1,931,79,1,1,527.13,527.13,579.843,52.713,10.0
gid://shopify/LineItem/2159264890958,5822,20250323,1,932,1,1,1,919.13,919.13,1011.043,91.913,10.0
gid://shopify/LineItem/2156784123982,4150,20250322,1,933,144,3,1,563.93,563.93,620.323,56.393,10.0
gid://shopify/LineItem/2155400593486,3170,20250321,1,934,262,1,1,783.13,783.13,861.443,78.313,10.0
gid://shopify/LineItem/2151286079566,37,20250318,210,935,94,1,1,672.73,672.73,740.003,67.273,10.0
gid://shopify/LineItem/2157923631182,5106,20250322,1,936,316,1,1,497.13,497.13,546.843,49.713,10.0
gid://shopify/LineItem/2154379640910,2138,20250320,1,607,317,5,1,605.13,605.13,665.643,60.513,10.0
gid://shopify/LineItem/2157384433742,4677,20250322,1,937,3,3,1,509.53,509.53,560.483,50.953,10.0
gid://shopify/LineItem/2154538041422,2347,20250320,1,141,45,5,1,579.93,579.93,637.923,57.993,10.0
gid://shopify/LineItem/2151831535694,451,20250318,1,938,19,5,1,509.53,509.53,560.483,50.953,10.0
gid://shopify/LineItem/2154966384718,2789,20250320,1,939,21,5,1,650.33,650.33,715.363,65.033,10.0
gid://shopify/LineItem/2153207988302,1319,20250319,2,940,16,2,1,539.93,539.93,593.923,53.993,10.0
gid://shopify/LineItem/2155887099982,3456,20250321,177,941,131,2,1,527.13,527.13,579.843,52.713,10.0
gid://shopify/LineItem/2153210970190,1325,20250319,2,112,190,1,1,462.73,462.73,509.003,46.273,10.0
gid://shopify/LineItem/2153408364622,1487,20250319,211,942,135,4,1,595.93,595.93,655.523,59.593,10.0
gid://shopify/LineItem/2151484457038,132,20250318,212,943,216,4,1,509.53,509.53,560.483,50.953,10.0
gid://shopify/LineItem/2158553825358,5384,20250323,213,944,73,4,1,488.13,488.13,536.943,48.813,10.0
gid://shopify/LineItem/2155512692814,3209,20250321,214,945,77,4,1,572.73,572.73,630.003,57.273,10.0
gid://shopify/LineItem/2154509729870,2322,20250320,215,946,24,4,1,595.13,595.13,654.643,59.513,10.0
gid://shopify/LineItem/2153592750158,1667,20250319,216,947,197,4,1,831.13,831.13,914.243,83.113,10.0
gid://shopify/LineItem/2151563821134,224,20250318,217,948,35,4,1,507.13,507.13,557.843,50.713,10.0
gid://shopify/LineItem/2153456664654,1527,20250319,218,949,197,4,1,635.13,635.13,698.643,63.513,10.0
gid://shopify/LineItem/2158467776590,5335,20250323,219,950,58,4,1,537.13,537.13,590.843,53.713,10.0
gid://shopify/LineItem/2156484919374,3964,20250321,220,951,232,4,1,831.13,831.13,914.243,83.113,10.0
gid://shopify/LineItem/2161232412750,7262,20250324,221,952,12,4,1,595.93,595.93,655.523,59.593,10.0
gid://shopify/LineItem/2159510585422,5983,20250323,219,953,63,4,1,635.13,635.13,698.643,63.513,10.0
gid://shopify/LineItem/2160725950542,6868,20250324,222,954,130,4,1,497.63,497.63,547.393,49.763,10.0
gid://shopify/LineItem/2160046735438,6261,20250324,223,955,3,4,1,723.13,723.13,795.443,72.313,10.0
gid://shopify/LineItem/2152028176462,588,20250318,224,956,53,5,1,595.93,595.93,655.523,59.593,10.0
gid://shopify/LineItem/2154459332686,2247,20250320,225,957,17,5,1,508.13,508.13,558.943,50.813,10.0
gid://shopify/LineItem/2153845260366,1899,20250319,170,958,318,5,1,517.53,517.53,569.283,51.753,10.0
gid://shopify/LineItem/2153778151502,1847,20250319,226,959,319,5,1,493.53,493.53,542.883,49.353,10.0
gid://shopify/LineItem/2152014970958,577,20250318,227,960,74,5,1,537.13,537.13,590.843,53.713,10.0
gid://shopify/LineItem/2151733985358,355,20250318,212,961,126,5,1,509.53,509.53,560.483,50.953,10.0
gid://shopify/LineItem/2158142718030,5255,20250322,228,962,8,5,1,529.13,529.13,582.043,52.913,10.0
gid://shopify/LineItem/2160979181646,7061,20250324,220,963,93,5,1,497.13,497.13,546.843,49.713,10.0
gid://shopify/LineItem/2151679131726,320,20250318,215,964,8,5,1,537.13,537.13,590.843,53.713,10.0
gid://shopify/LineItem/2155511677006,3208,20250321,215,965,92,5,1,517.53,517.53,569.283,51.753,10.0
gid://shopify/LineItem/2154657382478,2454,20250320,229,966,84,5,1,605.13,605.13,665.643,60.513,10.0
gid://shopify/LineItem/2151925809230,524,20250318,230,967,273,5,1,585.13,585.13,643.643,58.513,10.0
gid://shopify/LineItem/2152612102222,948,20250319,231,968,106,5,1,595.93,595.93,655.523,59.593,10.0
gid://shopify/LineItem/2157482049614,4760,20250322,224,969,17,3,1,537.13,537.13,590.843,53.713,10.0
gid://shopify/LineItem/2154131456078,2051,20250320,232,970,320,3,1,713.13,713.13,784.443,71.313,10.0
gid://shopify/LineItem/2151958544462,546,20250318,233,971,321,3,1,595.93,595.93,655.523,59.593,10.0
gid://shopify/LineItem/2155140546638,2977,20250320,234,972,68,3,1,527.13,527.13,579.843,52.713,10.0
gid://shopify/LineItem/2161417912398,7380,20250324,234,973,20,3,1,634.33,634.33,697.763,63.433,10.0
gid://shopify/LineItem/2152117174350,656,20250318,235,974,43,3,1,527.13,527.13,579.843,52.713,10.0
gid://shopify/LineItem/2155829297230,3409,20250321,235,975,159,3,1,509.53,509.53,560.483,50.953,10.0
gid://shopify/LineItem/2154816536654,2649,20250320,236,976,83,3,1,488.13,488.13,536.943,48.813,10.0
gid://shopify/LineItem/2151778811982,402,20250318,237,977,93,3,1,595.13,595.13,654.643,59.513,10.0
gid://shopify/LineItem/2160291151950,6470,20250324,238,978,12,3,1,497.13,497.13,546.843,49.713,10.0
gid://shopify/LineItem/2157134413902,4416,20250322,239,639,322,3,1,625.13,625.13,687.643,62.513,10.0
gid://shopify/LineItem/2155326701646,3135,20250320,240,979,163,3,1,517.53,517.53,569.283,51.753,10.0
gid://shopify/LineItem/2154759848014,2584,20250320,215,578,145,3,1,586.13,586.13,644.743,58.613,10.0
gid://shopify/LineItem/2154599252046,2397,20250320,216,980,296,3,1,537.13,537.13,590.843,53.713,10.0
gid://shopify/LineItem/2151661797454,303,20250318,221,981,62,3,1,537.13,537.13,590.843,53.713,10.0
gid://shopify/LineItem/2155071733838,2917,20250320,217,291,12,3,1,493.53,493.53,542.883,49.353,10.0
gid://shopify/LineItem/2155332665422,3138,20250320,217,982,302,3,1,555.93,555.93,611.523,55.593,10.0
gid://shopify/LineItem/2155976228942,3531,20250321,226,304,43,3,1,585.13,585.13,643.643,58.513,10.0
gid://shopify/LineItem/2154360897614,2115,20250320,241,201,1,3,1,537.13,537.13,590.843,53.713,10.0
gid://shopify/LineItem/2155732238414,3303,20250321,219,983,176,3,1,635.13,635.13,698.643,63.513,10.0
gid://shopify/LineItem/2160879009870,6989,20250324,219,984,83,3,1,537.13,537.13,590.843,53.713,10.0
gid://shopify/LineItem/2152202272846,714,20250318,219,590,237,3,1,733.13,733.13,806.443,73.313,10.0
gid://shopify/LineItem/2153656778830,1725,20250319,242,985,99,3,1,663.13,663.13,729.443,66.313,10.0
gid://shopify/LineItem/2153426911310,1507,20250319,243,986,283,3,2,354.56,709.13,780.043,70.913,10.0
gid://shopify/LineItem/2157061931086,4309,20250322,244,987,83,3,1,635.13,635.13,698.643,63.513,10.0
gid://shopify/LineItem/2153761407054,1832,20250319,245,988,310,3,1,618.33,618.33,680.163,61.833,10.0
gid://shopify/LineItem/2152604008526,941,20250318,170,989,323,3,1,693.13,693.13,762.443,69.313,10.0
gid://shopify/LineItem/2158467743822,5334,20250323,246,990,309,3,1,615.13,615.13,676.643,61.513,10.0
gid://shopify/LineItem/2160777855054,6911,20250324,212,991,216,3,1,527.13,527.13,579.843,52.713,10.0
gid://shopify/LineItem/2153975709774,1979,20250319,226,992,3,3,1,507.13,507.13,557.843,50.713,10.0
gid://shopify/LineItem/2154912383054,2726,20250320,247,993,296,3,1,537.13,537.13,590.843,53.713,10.0
gid://shopify/LineItem/2158018068558,5188,20250322,219,994,29,3,1,1027.13,1027.13,1129.843,102.713,10.0
gid://shopify/LineItem/2154351591502,2103,20250320,248,11,200,3,1,587.93,587.93,646.723,58.793,10.0
gid://shopify/LineItem/2151485079630,133,20250318,249,995,136,1,1,537.13,537.13,590.843,53.713,10.0
gid://shopify/LineItem/2154798383182,2624,20250320,249,996,77,1,1,693.13,693.13,762.443,69.313,10.0
gid://shopify/LineItem/2151687290958,326,20250318,249,997,324,1,1,517.53,517.53,569.283,51.753,10.0
gid://shopify/LineItem/2153273425998,1388,20250319,227,611,143,1,1,537.13,537.13,590.843,53.713,10.0
gid://shopify/LineItem/2159993323598,6250,20250324,227,998,200,1,1,674.33,674.33,741.763,67.433,10.0
gid://shopify/LineItem/2153591832654,1664,20250319,244,999,1,1,1,635.13,635.13,698.643,63.513,10.0
gid://shopify/LineItem/2155079958606,2929,20250320,244,1000,223,1,1,635.13,635.13,698.643,63.513,10.0
gid://shopify/LineItem/2156045828174,3599,20250321,244,1001,219,1,1,537.13,537.13,590.843,53.713,10.0
gid://shopify/LineItem/2157948010574,5130,20250322,244,703,105,1,1,635.13,635.13,698.643,63.513,10.0
gid://shopify/LineItem/2159473033294,5954,20250323,244,1002,133,1,1,870.13,870.13,957.143,87.013,10.0
gid://shopify/LineItem/2156570214478,4028,20250321,244,1003,49,1,1,586.13,586.13,644.743,58.613,10.0
gid://shopify/LineItem/2155737514062,3312,20250321,224,1004,122,1,1,674.33,674.33,741.763,67.433,10.0
gid://shopify/LineItem/2151704657998,334,20250318,232,12,13,1,1,635.13,635.13,698.643,63.513,10.0
gid://shopify/LineItem/2151804239950,424,20250318,232,1005,172,1,1,831.13,831.13,914.243,83.113,10.0
gid://shopify/LineItem/2153727983694,1799,20250319,232,1006,54,1,1,537.13,537.13,590.843,53.713,10.0
gid://shopify/LineItem/2154629562446,2431,20250320,232,1007,287,1,1,811.13,811.13,892.243,81.113,10.0
gid://shopify/LineItem/2157978648654,5154,20250322,232,1008,12,1,1,517.53,517.53,569.283,51.753,10.0
gid://shopify/LineItem/2157019594830,4239,20250322,190,1009,104,1,1,635.13,635.13,698.643,63.513,10.0
gid://shopify/LineItem/2152546795598,911,20250318,180,1010,203,1,1,537.13,537.13,590.843,53.713,10.0
gid://shopify/LineItem/2154338746446,2085,20250320,250,1011,74,1,1,615.13,615.13,676.643,61.513,10.0
gid://shopify/LineItem/2156015353934,3570,20250321,250,1012,12,1,1,571.93,571.93,629.123,57.193,10.0
gid://shopify/LineItem/2153151660110,1269,20250319,231,1013,228,1,1,615.13,615.13,676.643,61.513,10.0
gid://shopify/LineItem/2160634855502,6782,20250324,211,34,44,1,1,595.93,595.93,655.523,59.593,10.0
gid://shopify/LineItem/2151577845838,232,20250318,251,280,210,1,1,537.13,537.13,590.843,53.713,10.0
gid://shopify/LineItem/2153565061198,1639,20250319,252,1014,104,1,1,529.13,529.13,582.043,52.913,10.0
gid://shopify/LineItem/2160528523342,6697,20250324,253,1015,73,1,1,537.13,537.13,590.843,53.713,10.0
gid://shopify/LineItem/2153264513102,1373,20250319,254,1016,13,1,1,537.13,537.13,590.843,53.713,10.0
gid://shopify/LineItem/2153769074766,1839,20250319,254,1017,89,1,1,517.53,517.53,569.283,51.753,10.0
gid://shopify/LineItem/2160889692238,6993,20250324,255,1018,29,1,1,595.93,595.93,655.523,59.593,10.0
gid://shopify/LineItem/2153647734862,1713,20250319,256,1019,105,1,1,509.53,509.53,560.483,50.953,10.0
gid://shopify/LineItem/2159744811086,6141,20250323,256,1020,237,1,1,509.53,509.53,560.483,50.953,10.0
gid://shopify/LineItem/2156086165582,3625,20250321,212,1021,243,1,1,527.13,527.13,579.843,52.713,10.0
gid://shopify/LineItem/2155430903886,3185,20250321,212,1022,83,1,1,579.93,579.93,637.923,57.993,10.0
gid://shopify/LineItem/2156189614158,3710,20250321,212,615,151,1,1,587.93,587.93,646.723,58.793,10.0
gid://shopify/LineItem/2158978039886,5632,20250323,212,1023,325,1,1,626.33,626.33,688.963,62.633,10.0
gid://shopify/LineItem/2159050424398,5680,20250323,234,1024,326,1,1,579.93,579.93,637.923,57.993,10.0
gid://shopify/LineItem/2152988966990,1114,20250319,257,1025,143,1,1,527.13,527.13,579.843,52.713,10.0
gid://shopify/LineItem/2159758213198,6154,20250323,258,1026,220,1,1,527.13,527.13,579.843,52.713,10.0
gid://shopify/LineItem/2153298722894,1411,20250319,258,616,327,1,1,744.73,744.73,819.203,74.473,10.0
gid://shopify/LineItem/2160283680846,6451,20250324,213,1027,281,1,1,488.13,488.13,536.943,48.813,10.0
gid://shopify/LineItem/2157797245006,5000,20250322,259,209,13,1,1,509.53,509.53,560.483,50.953,10.0
gid://shopify/LineItem/2154956095566,2774,20250320,225,1028,280,1,1,508.13,508.13,558.943,50.813,10.0
gid://shopify/LineItem/2154905731150,2719,20250320,220,1029,328,1,1,663.13,663.13,729.443,66.313,10.0
gid://shopify/LineItem/2152917368910,1036,20250319,220,1030,38,1,1,485.53,485.53,534.083,48.553,10.0
gid://shopify/LineItem/2154926440526,2744,20250320,220,1031,329,1,1,626.33,626.33,688.963,62.633,10.0
gid://shopify/LineItem/2151846543438,466,20250318,260,1032,330,1,1,531.93,531.93,585.123,53.193,10.0
gid://shopify/LineItem/2151865024590,481,20250318,260,1033,106,1,1,531.93,531.93,585.123,53.193,10.0
gid://shopify/LineItem/2157425983566,4716,20250322,237,1034,331,1,1,531.93,531.93,585.123,53.193,10.0
gid://shopify/LineItem/2157118259278,4397,20250322,243,1035,99,1,1,613.13,613.13,674.443,61.313,10.0
gid://shopify/LineItem/2155398168654,3169,20250321,238,1036,200,1,1,937.13,937.13,1030.843,93.713,10.0
gid://shopify/LineItem/2153086156878,1212,20250319,261,1037,223,1,1,593.13,593.13,652.443,59.313,10.0
gid://shopify/LineItem/2158005813326,5173,20250322,262,1038,19,1,1,625.13,625.13,687.643,62.513,10.0
gid://shopify/LineItem/2152218558542,719,20250318,263,3,46,1,1,517.53,517.53,569.283,51.753,10.0
gid://shopify/LineItem/2153097068622,1223,20250319,264,532,20,1,1,587.93,587.93,646.723,58.793,10.0
gid://shopify/LineItem/2153587834958,1659,20250319,264,1039,99,1,1,517.53,517.53,569.283,51.753,10.0
gid://shopify/LineItem/2156632735822,4064,20250321,264,1040,16,1,1,571.93,571.93,629.123,57.193,10.0
gid://shopify/LineItem/2157558202446,4816,20250322,264,1041,332,1,1,517.53,517.53,569.283,51.753,10.0
gid://shopify/LineItem/2159174516814,5761,20250323,264,275,12,1,1,517.53,517.53,569.283,51.753,10.0
gid://shopify/LineItem/2161209901134,7246,20250324,264,1042,46,1,1,977.13,977.13,1074.843,97.713,10.0
gid://shopify/LineItem/2158859845710,5541,20250323,265,262,149,1,1,537.13,537.13,590.843,53.713,10.0
gid://shopify/LineItem/2154738614350,2552,20250320,265,1043,121,1,1,517.53,517.53,569.283,51.753,10.0
gid://shopify/LineItem/2158953758798,5607,20250323,170,281,333,1,1,537.13,537.13,590.843,53.713,10.0
gid://shopify/LineItem/2154435706958,2220,20250320,170,1044,188,1,1,642.33,642.33,706.563,64.233,10.0
gid://shopify/LineItem/2157415301198,4706,20250322,170,1045,204,1,1,587.93,587.93,646.723,58.793,10.0
gid://shopify/LineItem/2157637501006,4888,20250322,170,950,19,1,1,517.53,517.53,569.283,51.753,10.0
gid://shopify/LineItem/2154318921806,2074,20250320,266,1046,200,1,1,635.13,635.13,698.643,63.513,10.0
gid://shopify/LineItem/2157137461326,4420,20250322,267,815,251,1,1,517.53,517.53,569.283,51.753,10.0
gid://shopify/LineItem/2151468236878,119,20250318,268,1047,334,1,1,537.13,537.13,590.843,53.713,10.0
gid://shopify/LineItem/2153650159694,1715,20250319,268,1048,240,1,1,537.13,537.13,590.843,53.713,10.0
gid://shopify/LineItem/2154999480398,2825,20250320,268,1049,49,1,1,537.13,537.13,590.843,53.713,10.0
gid://shopify/LineItem/2157953581134,5134,20250322,269,1050,37,1,1,587.93,587.93,646.723,58.793,10.0
gid://shopify/LineItem/2153155133518,1270,20250319,270,1051,149,1,1,635.13,635.13,698.643,63.513,10.0
gid://shopify/LineItem/2153994846286,1995,20250319,270,1052,232,1,1,615.13,615.13,676.643,61.513,10.0
gid://shopify/LineItem/2161178083406,7221,20250324,247,1053,3,1,1,537.13,537.13,590.843,53.713,10.0
gid://shopify/LineItem/2157959217230,5141,20250322,239,1054,16,1,1,893.53,893.53,982.883,89.353,10.0
gid://shopify/LineItem/2155099324494,2943,20250320,271,1055,41,1,1,595.93,595.93,655.523,59.593,10.0
gid://shopify/LineItem/2152548696142,915,20250318,246,1056,120,1,1,625.13,625.13,687.643,62.513,10.0
gid://shopify/LineItem/2153354920014,1448,20250319,272,1057,23,1,1,493.53,493.53,542.883,49.353,10.0
gid://shopify/LineItem/2153552478286,1620,20250319,215,1058,15,1,1,517.53,517.53,569.283,51.753,10.0
gid://shopify/LineItem/2156496814158,3976,20250321,215,1059,16,1,1,517.53,517.53,569.283,51.753,10.0
gid://shopify/LineItem/2151175389262,13,20250318,273,1060,96,1,1,493.53,493.53,542.883,49.353,10.0
gid://shopify/LineItem/2155822743630,3397,20250321,216,1061,335,1,1,537.13,537.13,590.843,53.713,10.0
gid://shopify/LineItem/2151659143246,301,20250318,248,1062,23,1,1,517.53,517.53,569.283,51.753,10.0
gid://shopify/LineItem/2156238831694,3753,20250321,221,1063,119,1,1,635.13,635.13,698.643,63.513,10.0
gid://shopify/LineItem/2157476053070,4753,20250322,221,1064,55,1,1,635.13,635.13,698.643,63.513,10.0
gid://shopify/LineItem/2158647214158,5438,20250323,221,1065,163,1,1,537.13,537.13,590.843,53.713,10.0
gid://shopify/LineItem/2151209336910,28,20250318,221,1066,32,1,1,579.93,579.93,637.923,57.993,10.0
gid://shopify/LineItem/2151591903310,254,20250318,221,1067,39,1,1,626.33,626.33,688.963,62.633,10.0
gid://shopify/LineItem/2159763423310,6158,20250323,221,1068,206,1,1,587.93,587.93,646.723,58.793,10.0
gid://shopify/LineItem/2153472000078,1536,20250319,217,1069,179,1,1,507.13,507.13,557.843,50.713,10.0
gid://shopify/LineItem/2157111771214,4385,20250322,217,86,40,1,1,595.13,595.13,654.643,59.513,10.0
gid://shopify/LineItem/2153463349326,1532,20250319,226,1070,175,1,1,507.13,507.13,557.843,50.713,10.0
gid://shopify/LineItem/2161300471886,7312,20250324,226,1071,252,1,1,563.93,563.93,620.323,56.393,10.0
gid://shopify/LineItem/2152003928142,571,20250318,274,1072,19,1,1,507.13,507.13,557.843,50.713,10.0
gid://shopify/LineItem/2156401655886,3883,20250321,275,1073,43,1,1,635.13,635.13,698.643,63.513,10.0
gid://shopify/LineItem/2161475780686,7409,20250324,229,1074,123,1,1,563.93,563.93,620.323,56.393,10.0
gid://shopify/LineItem/2151464140878,117,20250318,276,1075,336,1,1,595.13,595.13,654.643,59.513,10.0
gid://shopify/LineItem/2151463780430,116,20250318,277,1076,180,1,1,839.13,839.13,923.043,83.913,10.0
gid://shopify/LineItem/2157222363214,4513,20250322,277,1077,26,1,1,648.73,648.73,713.603,64.873,10.0
gid://shopify/LineItem/2156347752526,3833,20250321,277,1078,53,1,1,754.13,754.13,829.543,75.413,10.0
gid://shopify/LineItem/2160943956046,7027,20250324,219,1079,29,1,1,537.13,537.13,590.843,53.713,10.0
gid://shopify/LineItem/2153941565518,1953,20250319,219,1080,92,1,1,635.13,635.13,698.643,63.513,10.0
gid://shopify/LineItem/2151700693070,332,20250318,219,1081,43,1,1,579.93,579.93,637.923,57.993,10.0
gid://shopify/LineItem/2154992992334,2815,20250320,219,1082,198,1,1,517.53,517.53,569.283,51.753,10.0
gid://shopify/LineItem/2156664553550,4089,20250321,278,1083,136,1,1,642.33,642.33,706.563,64.233,10.0
gid://shopify/LineItem/2151427997774,86,20250318,219,1084,161,1,1,595.93,595.93,655.523,59.593,10.0
gid://shopify/LineItem/2157320634446,4614,20250322,279,1085,119,1,1,501.53,501.53,551.683,50.153,10.0
gid://shopify/LineItem/2157593296974,4847,20250322,280,1086,321,1,1,563.93,563.93,620.323,56.393,10.0
gid://shopify/LineItem/2161183195214,7223,20250324,281,1087,337,1,1,563.93,563.93,620.323,56.393,10.0
gid://shopify/LineItem/2154550984782,2363,20250320,282,1088,293,1,1,563.93,563.93,620.323,56.393,10.0
gid://shopify/LineItem/2155029889102,2865,20250320,283,1089,147,1,1,563.93,563.93,620.323,56.393,10.0
gid://shopify/LineItem/2155002560590,2830,20250320,284,1090,228,1,1,556.73,556.73,612.403,55.673,10.0
gid://shopify/LineItem/2153560113230,1633,20250319,285,1091,137,1,2,297.06,594.13,653.543,59.413,10.0
gid://shopify/LineItem/2154730029134,2541,20250320,286,1092,338,1,1,811.13,811.13,892.243,81.113,10.0
gid://shopify/LineItem/2157857177678,5046,20250322,286,1093,29,1,1,517.53,517.53,569.283,51.753,10.0
gid://shopify/LineItem/2151563657294,223,20250318,219,1094,259,1,1,537.13,537.13,590.843,53.713,10.0
gid://shopify/LineItem/2158039007310,5199,20250322,249,1095,100,1,1,666.33,666.33,732.963,66.633,10.0
gid://shopify/LineItem/2155031068750,2869,20250320,244,1096,163,1,1,801.13,801.13,881.243,80.113,10.0
gid://shopify/LineItem/2155552178254,3210,20250321,251,1097,339,1,1,625.13,625.13,687.643,62.513,10.0
gid://shopify/LineItem/2159214264398,5781,20250323,253,1098,41,1,1,537.13,537.13,590.843,53.713,10.0
gid://shopify/LineItem/2157304971342,4595,20250322,287,1099,24,1,1,615.13,615.13,676.643,61.513,10.0
gid://shopify/LineItem/2155941265486,3511,20250321,234,1100,340,1,1,555.93,555.93,611.523,55.593,10.0
gid://shopify/LineItem/2157879885902,5072,20250322,243,1101,28,1,1,595.13,595.13,654.643,59.513,10.0
gid://shopify/LineItem/2153934684238,1950,20250319,170,174,70,1,1,663.13,663.13,729.443,66.313,10.0
gid://shopify/LineItem/2158905753678,5578,20250323,288,944,121,1,1,713.13,713.13,784.443,71.313,10.0
gid://shopify/LineItem/2154601218126,2401,20250320,286,1102,3,1,1,537.13,537.13,590.843,53.713,10.0
gid://shopify/LineItem/2151559528526,214,20250318,289,1103,215,1,1,683.13,683.13,751.443,68.313,10.0
gid://shopify/LineItem/2154712465486,2515,20250320,229,1104,314,1,1,493.53,493.53,542.883,49.353,10.0
gid://shopify/LineItem/2153842212942,1894,20250319,219,1105,186,1,1,713.13,713.13,784.443,71.313,10.0
gid://shopify/LineItem/2160799514702,6923,20250324,290,1106,89,1,1,615.13,615.13,676.643,61.513,10.0
gid://shopify/LineItem/2155768610894,3342,20250321,180,1107,69,1,1,517.53,517.53,569.283,51.753,10.0
gid://shopify/LineItem/2155787386958,3363,20250321,258,1108,99,1,1,509.53,509.53,560.483,50.953,10.0
gid://shopify/LineItem/2161057529934,7114,20250324,219,1109,106,1,1,517.53,517.53,569.283,51.753,10.0
gid://shopify/LineItem/2158455554126,5330,20250323,221,1110,3,1,1,683.13,683.13,751.443,68.313,10.0
gid://shopify/LineItem/2154601807950,2402,20250320,281,1111,187,1,1,809.13,809.13,890.043,80.913,10.0
gid://shopify/LineItem/2155115708494,2959,20250320,232,1112,20,1,1,947.93,947.93,1042.723,94.793,10.0
gid://shopify/LineItem/2158808727630,5508,20250323,258,1113,41,1,1,527.13,527.13,579.843,52.713,10.0
gid://shopify/LineItem/2160546381902,6713,20250324,258,1114,69,1,1,615.13,615.13,676.643,61.513,10.0
gid://shopify/LineItem/2160475209806,6645,20250324,220,1115,245,1,1,555.13,555.13,610.643,55.513,10.0
gid://shopify/LineItem/2155359600718,3155,20250320,219,1116,11,1,1,1026.33,1026.33,1128.963,102.633,10.0
gid://shopify/LineItem/2151723892814,346,20250318,20,1117,173,4,1,531.93,531.93,585.123,53.193,10.0
gid://shopify/LineItem/2159750217806,6144,20250323,20,1118,87,4,1,485.53,485.53,534.083,48.553,10.0
gid://shopify/LineItem/2154594467918,2394,20250320,291,1119,252,4,1,537.13,537.13,590.843,53.713,10.0
gid://shopify/LineItem/2153394831438,1475,20250319,1,1120,341,4,1,517.13,517.13,568.843,51.713,10.0
gid://shopify/LineItem/2158449393742,5328,20250323,292,1062,11,4,1,509.53,509.53,560.483,50.953,10.0
gid://shopify/LineItem/2154375315534,2135,20250320,293,1121,154,4,1,547.93,547.93,602.723,54.793,10.0
gid://shopify/LineItem/2151784939598,409,20250318,294,1122,199,4,1,537.13,537.13,590.843,53.713,10.0
gid://shopify/LineItem/2161240440910,7273,20250324,295,1123,342,4,1,527.13,527.13,579.843,52.713,10.0
gid://shopify/LineItem/2151639547982,291,20250318,20,1124,93,4,1,613.13,613.13,674.443,61.313,10.0
gid://shopify/LineItem/2152318664782,776,20250318,296,1125,194,4,1,595.13,595.13,654.643,59.513,10.0
gid://shopify/LineItem/2153522790478,1586,20250319,179,1126,50,4,1,696.73,696.73,766.403,69.673,10.0
gid://shopify/LineItem/2155007508558,2833,20250320,297,1127,81,4,1,537.13,537.13,590.843,53.713,10.0
gid://shopify/LineItem/2158237122638,5291,20250323,298,1128,63,4,1,505.13,505.13,555.643,50.513,10.0
gid://shopify/LineItem/2154851303502,2673,20250320,2,1129,53,4,1,547.93,547.93,602.723,54.793,10.0
gid://shopify/LineItem/2154483482702,2274,20250320,1,1130,164,4,1,803.93,803.93,884.323,80.393,10.0
gid://shopify/LineItem/2154051436622,2015,20250319,299,1131,180,4,1,567.13,567.13,623.843,56.713,10.0
gid://shopify/LineItem/2153742401614,1813,20250319,300,1132,279,4,1,606.13,606.13,666.743,60.613,10.0
gid://shopify/LineItem/2161149739086,7184,20250324,301,1133,202,4,1,497.13,497.13,546.843,49.713,10.0
gid://shopify/LineItem/2156234408014,3748,20250321,301,1134,28,4,1,595.13,595.13,654.643,59.513,10.0
gid://shopify/LineItem/2159691333710,6105,20250323,302,1135,29,4,1,497.13,497.13,546.843,49.713,10.0
gid://shopify/LineItem/2152279212110,747,20250318,188,1136,108,4,1,537.13,537.13,590.843,53.713,10.0
gid://shopify/LineItem/2157651886158,4900,20250322,20,1137,307,4,1,485.53,485.53,534.083,48.553,10.0
gid://shopify/LineItem/2157541818446,4804,20250322,303,1138,136,4,1,634.33,634.33,697.763,63.433,10.0
gid://shopify/LineItem/2154468704334,2259,20250320,1,532,150,4,1,485.53,485.53,534.083,48.553,10.0
gid://shopify/LineItem/2157001474126,4209,20250322,188,386,198,4,1,635.13,635.13,698.643,63.513,10.0
gid://shopify/LineItem/2154879418446,2691,20250320,299,1139,198,4,1,625.13,625.13,687.643,62.513,10.0
gid://shopify/LineItem/2152875196494,1000,20250319,299,1140,108,4,1,517.53,517.53,569.283,51.753,10.0
gid://shopify/LineItem/2155771396174,3344,20250321,20,1141,76,4,1,531.93,531.93,585.123,53.193,10.0
gid://shopify/LineItem/2152854356046,989,20250319,44,1142,303,4,1,517.53,517.53,569.283,51.753,10.0
gid://shopify/LineItem/2160293871694,6471,20250324,21,1143,76,4,1,595.13,595.13,654.643,59.513,10.0
gid://shopify/LineItem/2159876866126,6216,20250323,20,1144,19,4,1,563.93,563.93,620.323,56.393,10.0
gid://shopify/LineItem/2161329242190,7329,20250324,177,1145,175,4,1,605.13,605.13,665.643,60.513,10.0
gid://shopify/LineItem/2156343361614,3828,20250321,20,633,343,4,1,527.13,527.13,579.843,52.713,10.0
gid://shopify/LineItem/2156003754062,3555,20250321,1,1146,20,4,1,555.13,555.13,610.643,55.513,10.0
gid://shopify/LineItem/2155182653518,3016,20250320,20,1147,84,4,1,497.13,497.13,546.843,49.713,10.0
gid://shopify/LineItem/2154423189582,2200,20250320,299,1148,93,4,1,517.53,517.53,569.283,51.753,10.0
gid://shopify/LineItem/2153155723342,1272,20250319,177,1149,34,4,1,497.13,497.13,546.843,49.713,10.0
gid://shopify/LineItem/2153093529678,1219,20250319,20,1150,290,4,1,578.33,578.33,636.163,57.833,10.0
gid://shopify/LineItem/2156800737358,4154,20250322,179,877,41,4,1,635.13,635.13,698.643,63.513,10.0
gid://shopify/LineItem/2156024561742,3578,20250321,1,1151,344,4,1,571.93,571.93,629.123,57.193,10.0
gid://shopify/LineItem/2156051693646,3606,20250321,20,1152,13,4,1,505.13,505.13,555.643,50.513,10.0
gid://shopify/LineItem/2153958309966,1967,20250319,1,1153,345,4,1,497.13,497.13,546.843,49.713,10.0
gid://shopify/LineItem/2152924184654,1044,20250319,304,1154,195,4,1,497.13,497.13,546.843,49.713,10.0
gid://shopify/LineItem/2161130635342,7175,20250324,304,1155,280,4,1,531.93,531.93,585.123,53.193,10.0
gid://shopify/LineItem/2159688482894,6103,20250323,20,1156,335,4,1,485.53,485.53,534.083,48.553,10.0
gid://shopify/LineItem/2156157141070,3679,20250321,20,961,46,4,1,497.13,497.13,546.843,49.713,10.0
gid://shopify/LineItem/2160202580046,6331,20250324,21,856,32,4,1,537.13,537.13,590.843,53.713,10.0
gid://shopify/LineItem/2152871886926,998,20250319,1,96,16,4,1,497.13,497.13,546.843,49.713,10.0
gid://shopify/LineItem/2158059159630,5213,20250322,305,420,308,4,1,497.13,497.13,546.843,49.713,10.0
gid://shopify/LineItem/2159234187342,5801,20250323,1,1157,19,4,1,555.13,555.13,610.643,55.513,10.0
gid://shopify/LineItem/2159260008526,5818,20250323,177,950,59,4,1,712.73,712.73,784.003,71.273,10.0
gid://shopify/LineItem/2155747999822,3321,20250321,44,1158,346,4,1,537.13,537.13,590.843,53.713,10.0
gid://shopify/LineItem/2155153293390,2993,20250320,306,1159,76,4,1,703.13,703.13,773.443,70.313,10.0
gid://shopify/LineItem/2153316778062,1430,20250319,307,908,237,4,1,625.13,625.13,687.643,62.513,10.0
gid://shopify/LineItem/2154925359182,2743,20250320,179,1160,92,4,1,517.53,517.53,569.283,51.753,10.0
gid://shopify/LineItem/2157238485070,4533,20250322,308,1161,76,4,1,615.13,615.13,676.643,61.513,10.0
gid://shopify/LineItem/2153772777550,1841,20250319,177,1162,53,4,1,497.13,497.13,546.843,49.713,10.0
gid://shopify/LineItem/2158191509582,5272,20250322,21,766,55,4,1,527.13,527.13,579.843,52.713,10.0
gid://shopify/LineItem/2155079532622,2926,20250320,309,1163,347,4,1,563.93,563.93,620.323,56.393,10.0
gid://shopify/LineItem/2155823628366,3400,20250321,310,1164,252,4,1,527.13,527.13,579.843,52.713,10.0
gid://shopify/LineItem/2156652789838,4083,20250321,311,1165,348,4,1,501.53,501.53,551.683,50.153,10.0
gid://shopify/LineItem/2160714547278,6858,20250324,312,1166,16,4,1,497.13,497.13,546.843,49.713,10.0
gid://shopify/LineItem/2152130019406,667,20250318,313,1167,100,4,1,703.13,703.13,773.443,70.313,10.0
gid://shopify/LineItem/2157858685006,5048,20250322,1,394,232,4,1,579.93,579.93,637.923,57.993,10.0
gid://shopify/LineItem/2161337401422,7333,20250324,1,1028,182,4,1,595.93,595.93,655.523,59.593,10.0
gid://shopify/LineItem/2161437147214,7387,20250324,179,1168,185,4,1,595.93,595.93,655.523,59.593,10.0
gid://shopify/LineItem/2153378283598,1458,20250319,44,1169,215,4,1,537.13,537.13,590.843,53.713,10.0
gid://shopify/LineItem/2153014034510,1136,20250319,1,1170,53,4,1,497.13,497.13,546.843,49.713,10.0
gid://shopify/LineItem/2156378062926,3859,20250321,314,1171,158,4,1,605.13,605.13,665.643,60.513,10.0
gid://shopify/LineItem/2157143523406,4427,20250322,314,1172,69,4,1,527.13,527.13,579.843,52.713,10.0
gid://shopify/LineItem/2152777613390,975,20250319,188,761,40,4,1,537.13,537.13,590.843,53.713,10.0
gid://shopify/LineItem/2156243779662,3759,20250321,177,1086,172,4,1,485.53,485.53,534.083,48.553,10.0
gid://shopify/LineItem/2156992331854,4200,20250322,20,1173,349,4,1,720.73,720.73,792.803,72.073,10.0
gid://shopify/LineItem/2154066378830,2026,20250319,44,1174,350,4,1,537.13,537.13,590.843,53.713,10.0
gid://shopify/LineItem/2153225486414,1341,20250319,182,1175,173,4,1,527.13,527.13,579.843,52.713,10.0
gid://shopify/LineItem/2154644242510,2444,20250320,177,1176,242,4,1,537.13,537.13,590.843,53.713,10.0
gid://shopify/LineItem/2157316210766,4608,20250322,1,1177,222,4,1,517.13,517.13,568.843,51.713,10.0
gid://shopify/LineItem/2154893574222,2709,20250320,315,1178,185,4,1,509.53,509.53,560.483,50.953,10.0
gid://shopify/LineItem/2160161882190,6289,20250324,21,899,34,4,1,517.53,517.53,569.283,51.753,10.0
gid://shopify/LineItem/2160211296334,6337,20250324,316,1179,85,4,1,801.13,801.13,881.243,80.113,10.0
gid://shopify/LineItem/2154301489230,2070,20250320,1,1180,111,4,1,497.13,497.13,546.843,49.713,10.0
gid://shopify/LineItem/2157502300238,4774,20250322,177,1181,32,4,1,635.13,635.13,698.643,63.513,10.0
gid://shopify/LineItem/2151781105742,405,20250318,177,1182,99,4,1,497.13,497.13,546.843,49.713,10.0
gid://shopify/LineItem/2152450490446,861,20250318,179,1183,141,4,1,587.93,587.93,646.723,58.793,10.0
gid://shopify/LineItem/2153273491534,1390,20250319,20,794,69,4,1,497.13,497.13,546.843,49.713,10.0
gid://shopify/LineItem/2155303043150,3117,20250320,20,1184,189,4,1,642.33,642.33,706.563,64.233,10.0
gid://shopify/LineItem/2157045776462,4283,20250322,182,1185,55,4,1,527.13,527.13,579.843,52.713,10.0
gid://shopify/LineItem/2152847999054,988,20250319,317,1186,239,4,1,527.13,527.13,579.843,52.713,10.0
gid://shopify/LineItem/2161399496782,7366,20250324,317,642,90,4,1,509.53,509.53,560.483,50.953,10.0
gid://shopify/LineItem/2160597827662,6758,20250324,174,1187,296,4,1,485.53,485.53,534.083,48.553,10.0
gid://shopify/LineItem/2161471717454,7404,20250324,318,1188,122,4,1,517.53,517.53,569.283,51.753,10.0
gid://shopify/LineItem/2153862103118,1910,20250319,174,400,341,4,1,509.53,509.53,560.483,50.953,10.0
gid://shopify/LineItem/2160321429582,6499,20250324,319,1189,1,4,1,537.13,537.13,590.843,53.713,10.0
gid://shopify/LineItem/2155973378126,3529,20250321,320,1190,16,4,1,537.13,537.13,590.843,53.713,10.0
gid://shopify/LineItem/2157002489934,4210,20250322,320,183,76,4,1,537.13,537.13,590.843,53.713,10.0
gid://shopify/LineItem/2157898858574,5088,20250322,20,1191,307,4,1,517.53,517.53,569.283,51.753,10.0
gid://shopify/LineItem/2156409225294,3891,20250321,21,1192,340,4,1,505.13,505.13,555.643,50.513,10.0
gid://shopify/LineItem/2157341802574,4640,20250322,321,1193,203,4,1,527.13,527.13,579.843,52.713,10.0
gid://shopify/LineItem/2153672343630,1738,20250319,1,1194,330,4,1,537.13,537.13,590.843,53.713,10.0
gid://shopify/LineItem/2153825697870,1884,20250319,1,1195,215,4,1,537.13,537.13,590.843,53.713,10.0
gid://shopify/LineItem/2156513558606,3986,20250321,1,825,35,4,1,507.13,507.13,557.843,50.713,10.0
gid://shopify/LineItem/2154041049166,2010,20250319,1,1196,38,4,1,517.53,517.53,569.283,51.753,10.0
gid://shopify/LineItem/2154358308942,2112,20250320,177,1197,273,4,1,517.53,517.53,569.283,51.753,10.0
gid://shopify/LineItem/2153081110606,1204,20250319,1,1198,351,4,1,497.13,497.13,546.843,49.713,10.0
gid://shopify/LineItem/2157290553422,4585,20250322,1,1199,32,4,1,635.13,635.13,698.643,63.513,10.0
gid://shopify/LineItem/2158774976590,5492,20250323,177,1200,352,4,1,517.53,517.53,569.283,51.753,10.0
gid://shopify/LineItem/2159425028174,5929,20250323,322,1201,150,4,1,537.13,537.13,590.843,53.713,10.0
gid://shopify/LineItem/2160779231310,6913,20250324,1,1202,353,4,1,537.13,537.13,590.843,53.713,10.0
gid://shopify/LineItem/2156150358094,3674,20250321,20,967,35,4,1,537.13,537.13,590.843,53.713,10.0
gid://shopify/LineItem/2156743852110,4135,20250322,1,1203,3,4,1,567.13,567.13,623.843,56.713,10.0
gid://shopify/LineItem/2159217639502,5783,20250323,323,1204,8,4,1,471.13,471.13,518.243,47.113,10.0
gid://shopify/LineItem/2152577990734,931,20250318,20,39,232,4,1,517.13,517.13,568.843,51.713,10.0
gid://shopify/LineItem/2154748411982,2565,20250320,1,1205,164,4,1,575.13,575.13,632.643,57.513,10.0
gid://shopify/LineItem/2153724182606,1791,20250319,324,1206,118,4,1,485.53,485.53,534.083,48.553,10.0
gid://shopify/LineItem/2155980292174,3533,20250321,325,1207,33,4,1,497.13,497.13,546.843,49.713,10.0
gid://shopify/LineItem/2158802206798,5505,20250323,1,20,334,4,1,497.13,497.13,546.843,49.713,10.0
gid://shopify/LineItem/2157835780174,5030,20250322,179,1208,17,4,1,537.13,537.13,590.843,53.713,10.0
gid://shopify/LineItem/2154672881742,2476,20250320,44,1209,44,4,1,595.93,595.93,655.523,59.593,10.0
gid://shopify/LineItem/2157073956942,4328,20250322,21,1210,25,4,1,733.13,733.13,806.443,73.313,10.0
gid://shopify/LineItem/2160089858126,6264,20250324,21,427,141,4,1,509.53,509.53,560.483,50.953,10.0
gid://shopify/LineItem/2157423755342,4715,20250322,174,1211,164,4,1,497.13,497.13,546.843,49.713,10.0
gid://shopify/LineItem/2153315139662,1426,20250319,326,1212,306,4,1,555.93,555.93,611.523,55.593,10.0
gid://shopify/LineItem/2155235311694,3072,20250320,327,1213,24,4,1,595.13,595.13,654.643,59.513,10.0
gid://shopify/LineItem/2153858236494,1907,20250319,2,1214,46,4,1,556.13,556.13,611.743,55.613,10.0
gid://shopify/LineItem/2155828609102,3407,20250321,20,1215,149,4,1,595.13,595.13,654.643,59.513,10.0
gid://shopify/LineItem/2153300656206,1415,20250319,188,1216,163,4,1,1035.13,1035.13,1138.643,103.513,10.0
gid://shopify/LineItem/2151657570382,299,20250318,328,472,16,4,1,625.13,625.13,687.643,62.513,10.0
gid://shopify/LineItem/2159326560334,5858,20250323,188,340,18,4,1,537.13,537.13,590.843,53.713,10.0
gid://shopify/LineItem/2152054227022,610,20250318,1,1217,117,4,1,693.13,693.13,762.443,69.313,10.0
gid://shopify/LineItem/2151238795342,33,20250318,329,1218,3,4,1,537.13,537.13,590.843,53.713,10.0
gid://shopify/LineItem/2155153096782,2992,20250320,330,1219,18,4,1,585.13,585.13,643.643,58.513,10.0
gid://shopify/LineItem/2153636560974,1700,20250319,1,487,64,4,1,615.13,615.13,676.643,61.513,10.0
gid://shopify/LineItem/2159773909070,6164,20250323,177,1220,13,4,1,537.13,537.13,590.843,53.713,10.0
gid://shopify/LineItem/2161196466254,7238,20250324,331,1221,354,4,1,517.53,517.53,569.283,51.753,10.0
gid://shopify/LineItem/2157286391886,4578,20250322,301,1222,355,4,1,517.13,517.13,568.843,51.713,10.0
gid://shopify/LineItem/2160651993166,6798,20250324,188,1223,189,4,1,733.13,733.13,806.443,73.313,10.0
gid://shopify/LineItem/2155466162254,3195,20250321,1,1224,69,4,1,753.13,753.13,828.443,75.313,10.0
gid://shopify/LineItem/2158017282126,5185,20250322,177,186,356,4,1,497.13,497.13,546.843,49.713,10.0
gid://shopify/LineItem/2158899429454,5575,20250323,332,1225,207,4,1,595.13,595.13,654.643,59.513,10.0
gid://shopify/LineItem/2157700776014,4950,20250322,1,1226,96,4,1,537.13,537.13,590.843,53.713,10.0
gid://shopify/LineItem/2156708593742,4120,20250321,20,1227,99,4,1,537.13,537.13,590.843,53.713,10.0
gid://shopify/LineItem/2159436103758,5937,20250323,333,1228,180,4,1,723.13,723.13,795.443,72.313,10.0
gid://shopify/LineItem/2157168394318,4460,20250322,177,1229,313,4,1,811.13,811.13,892.243,81.113,10.0
gid://shopify/LineItem/2152359133262,800,20250318,195,1230,16,4,1,733.13,733.13,806.443,73.313,10.0
gid://shopify/LineItem/2154523066446,2335,20250320,181,1231,19,4,1,655.13,655.13,720.643,65.513,10.0
gid://shopify/LineItem/2157630455886,4875,20250322,181,1232,357,4,1,509.53,509.53,560.483,50.953,10.0
gid://shopify/LineItem/2155267555406,3096,20250320,20,1233,24,4,1,537.13,537.13,590.843,53.713,10.0
gid://shopify/LineItem/2152577957966,930,20250318,179,1234,358,4,1,537.13,537.13,590.843,53.713,10.0
gid://shopify/LineItem/2158866301006,5548,20250323,308,1235,74,4,1,801.13,801.13,881.243,80.113,10.0
gid://shopify/LineItem/2154865098830,2683,20250320,334,1236,353,5,1,527.13,527.13,579.843,52.713,10.0
gid://shopify/LineItem/2160529277006,6698,20250324,328,1017,101,5,1,595.93,595.93,655.523,59.593,10.0
gid://shopify/LineItem/2157431619662,4723,20250322,335,1237,53,5,1,537.13,537.13,590.843,53.713,10.0
gid://shopify/LineItem/2151590199374,247,20250318,1,1238,46,5,1,527.13,527.13,579.843,52.713,10.0
gid://shopify/LineItem/2157688291406,4937,20250322,311,1239,74,5,1,517.13,517.13,568.843,51.713,10.0
gid://shopify/LineItem/2157889290318,5081,20250322,336,1240,141,5,1,527.13,527.13,579.843,52.713,10.0
gid://shopify/LineItem/2155818680398,3389,20250321,337,1241,359,5,1,537.13,537.13,590.843,53.713,10.0
gid://shopify/LineItem/2156011651150,3568,20250321,179,1242,216,5,1,439.13,439.13,483.043,43.913,10.0
gid://shopify/LineItem/2152502362190,891,20250318,20,1243,109,5,1,615.13,615.13,676.643,61.513,10.0
gid://shopify/LineItem/2151591772238,253,20250318,20,1244,94,5,1,497.13,497.13,546.843,49.713,10.0
gid://shopify/LineItem/2156114247758,3645,20250321,291,1245,176,5,1,517.53,517.53,569.283,51.753,10.0
gid://shopify/LineItem/2159299952718,5840,20250323,338,1246,92,5,1,517.13,517.13,568.843,51.713,10.0
gid://shopify/LineItem/2153588228174,1661,20250319,339,1247,198,5,1,615.13,615.13,676.643,61.513,10.0
gid://shopify/LineItem/2156686966862,4108,20250321,339,1248,360,5,1,517.13,517.13,568.843,51.713,10.0
gid://shopify/LineItem/2151525777486,174,20250318,340,1249,12,5,1,517.13,517.13,568.843,51.713,10.0
gid://shopify/LineItem/2160182624334,6306,20250324,340,1250,145,5,1,517.13,517.13,568.843,51.713,10.0
gid://shopify/LineItem/2157275152462,4572,20250322,340,1251,101,5,1,501.53,501.53,551.683,50.153,10.0
gid://shopify/LineItem/2156738150478,4134,20250321,341,1252,200,5,1,615.13,615.13,676.643,61.513,10.0
gid://shopify/LineItem/2152605843534,944,20250318,342,1253,121,5,1,635.13,635.13,698.643,63.513,10.0
gid://shopify/LineItem/2151833403470,453,20250318,343,1254,80,5,1,517.13,517.13,568.843,51.713,10.0
gid://shopify/LineItem/2157326467150,4618,20250322,344,1255,175,5,1,517.53,517.53,569.283,51.753,10.0
gid://shopify/LineItem/2156415025230,3897,20250321,345,1256,141,5,1,517.13,517.13,568.843,51.713,10.0
gid://shopify/LineItem/2151849558094,467,20250318,294,1257,70,5,1,595.93,595.93,655.523,59.593,10.0
gid://shopify/LineItem/2160789487694,6918,20250324,294,1258,106,5,1,733.13,733.13,806.443,73.313,10.0
gid://shopify/LineItem/2154886660174,2700,20250320,294,579,26,5,1,537.13,537.13,590.843,53.713,10.0
gid://shopify/LineItem/2155434606670,3187,20250321,20,1259,49,5,1,497.13,497.13,546.843,49.713,10.0
gid://shopify/LineItem/2156522897486,3996,20250321,346,1260,38,5,1,509.53,509.53,560.483,50.953,10.0
gid://shopify/LineItem/2157139492942,4426,20250322,20,1261,112,5,1,497.13,497.13,546.843,49.713,10.0
gid://shopify/LineItem/2154680680526,2483,20250320,177,1262,204,5,1,497.13,497.13,546.843,49.713,10.0
gid://shopify/LineItem/2154457301070,2244,20250320,177,1263,46,5,1,517.13,517.13,568.843,51.713,10.0
gid://shopify/LineItem/2158619263054,5418,20250323,179,1264,143,5,1,517.53,517.53,569.283,51.753,10.0
gid://shopify/LineItem/2160172892238,6296,20250324,20,1265,119,5,1,547.13,547.13,601.843,54.713,10.0
gid://shopify/LineItem/2159639035982,6060,20250323,298,1266,50,5,1,598.33,598.33,658.163,59.833,10.0
gid://shopify/LineItem/2154513989710,2325,20250320,1,1267,282,5,1,490.13,490.13,539.143,49.013,10.0
gid://shopify/LineItem/2157250248782,4549,20250322,347,1268,57,5,1,507.13,507.13,557.843,50.713,10.0
gid://shopify/LineItem/2152463368270,869,20250318,1,1089,87,5,1,585.13,585.13,643.643,58.513,10.0
gid://shopify/LineItem/2154995548238,2821,20250320,348,514,66,5,1,517.13,517.13,568.843,51.713,10.0
gid://shopify/LineItem/2158803025998,5506,20250323,349,276,265,5,1,617.13,617.13,678.843,61.713,10.0
gid://shopify/LineItem/2158323630158,5313,20250323,209,1269,237,5,1,498.33,498.33,548.163,49.833,10.0
gid://shopify/LineItem/2153073672270,1191,20250319,1,1270,361,5,1,627.13,627.13,689.843,62.713,10.0
gid://shopify/LineItem/2160024125518,6259,20250324,1,1271,262,5,1,464.13,464.13,510.543,46.413,10.0
gid://shopify/LineItem/2155731320910,3301,20250321,1,1272,121,5,1,566.13,566.13,622.743,56.613,10.0
gid://shopify/LineItem/2152510750798,896,20250318,20,166,3,5,1,517.13,517.13,568.843,51.713,10.0
gid://shopify/LineItem/2158608678990,5413,20250323,177,1273,362,5,1,563.93,563.93,620.323,56.393,10.0
gid://shopify/LineItem/2155658051662,3241,20250321,188,287,122,5,1,517.53,517.53,569.283,51.753,10.0
gid://shopify/LineItem/2154490593358,2289,20250320,301,1274,24,5,1,517.53,517.53,569.283,51.753,10.0
gid://shopify/LineItem/2160729129038,6869,20250324,21,1275,45,5,1,527.13,527.13,579.843,52.713,10.0
gid://shopify/LineItem/2152077623374,633,20250318,350,1276,41,5,1,576.77,576.77,634.447,57.677,10.0
gid://shopify/LineItem/2151787692110,415,20250318,351,1277,45,5,1,537.13,537.13,590.843,53.713,10.0
gid://shopify/LineItem/2159049801806,5679,20250323,186,1278,191,5,1,625.13,625.13,687.643,62.513,10.0
gid://shopify/LineItem/2157878214734,5069,20250322,182,1279,40,5,1,509.53,509.53,560.483,50.953,10.0
gid://shopify/LineItem/2154416242766,2191,20250320,188,1280,19,5,1,517.53,517.53,569.283,51.753,10.0
gid://shopify/LineItem/2160282075214,6449,20250324,188,1281,20,5,1,517.53,517.53,569.283,51.753,10.0
gid://shopify/LineItem/2154217635918,2064,20250320,20,285,29,5,1,497.13,497.13,546.843,49.713,10.0
gid://shopify/LineItem/2160021733454,6257,20250324,21,1282,363,5,1,517.53,517.53,569.283,51.753,10.0
gid://shopify/LineItem/2159146598478,5737,20250323,44,1283,34,5,1,537.13,537.13,590.843,53.713,10.0
gid://shopify/LineItem/2160471736398,6640,20250324,21,116,215,5,1,527.13,527.13,579.843,52.713,10.0
gid://shopify/LineItem/2157057802318,4302,20250322,20,1284,44,5,1,485.53,485.53,534.083,48.553,10.0
gid://shopify/LineItem/2160441131086,6611,20250324,20,1269,342,5,1,497.13,497.13,546.843,49.713,10.0
gid://shopify/LineItem/2160976756814,7058,20250324,1,1285,102,5,1,517.13,517.13,568.843,51.713,10.0
gid://shopify/LineItem/2155710087246,3278,20250321,179,1286,287,5,1,537.13,537.13,590.843,53.713,10.0
gid://shopify/LineItem/2152894169166,1014,20250319,182,1287,364,5,1,635.13,635.13,698.643,63.513,10.0
gid://shopify/LineItem/2160445947982,6613,20250324,21,978,301,5,1,595.93,595.93,655.523,59.593,10.0
gid://shopify/LineItem/2156236603470,3749,20250321,20,1288,365,5,1,497.13,497.13,546.843,49.713,10.0
gid://shopify/LineItem/2156206391374,3727,20250321,20,1289,105,5,1,575.13,575.13,632.643,57.513,10.0
gid://shopify/LineItem/2154834919502,2658,20250320,20,1290,286,5,1,485.53,485.53,534.083,48.553,10.0
gid://shopify/LineItem/2158897266766,5572,20250323,44,142,19,5,1,537.13,537.13,590.843,53.713,10.0
gid://shopify/LineItem/2160388866126,6567,20250324,352,1291,16,5,1,485.53,485.53,534.083,48.553,10.0
gid://shopify/LineItem/2161382162510,7351,20250324,1,1292,19,5,1,517.53,517.53,569.283,51.753,10.0
gid://shopify/LineItem/2154409525326,2183,20250320,1,1293,76,5,1,517.13,517.13,568.843,51.713,10.0
gid://shopify/LineItem/2156139413582,3667,20250321,20,932,1,5,1,509.53,509.53,560.483,50.953,10.0
gid://shopify/LineItem/2156494389326,3972,20250321,353,1294,53,5,1,517.53,517.53,569.283,51.753,10.0
gid://shopify/LineItem/2155251826766,3089,20250320,1,1085,38,5,1,626.33,626.33,688.963,62.633,10.0
gid://shopify/LineItem/2155905515598,3475,20250321,328,496,117,5,1,517.53,517.53,569.283,51.753,10.0
gid://shopify/LineItem/2151541768270,194,20250318,1,1295,53,5,1,527.13,527.13,579.843,52.713,10.0
gid://shopify/LineItem/2151461322830,111,20250318,354,1296,366,5,1,555.13,555.13,610.643,55.513,10.0
gid://shopify/LineItem/2159869362254,6213,20250323,1,1297,176,5,1,517.13,517.13,568.843,51.713,10.0
gid://shopify/LineItem/2156567167054,4025,20250321,179,1298,34,5,1,537.13,537.13,590.843,53.713,10.0
gid://shopify/LineItem/2161189355598,7230,20250324,20,243,94,5,1,527.13,527.13,579.843,52.713,10.0
gid://shopify/LineItem/2154927456334,2748,20250320,44,1299,205,5,1,537.13,537.13,590.843,53.713,10.0
gid://shopify/LineItem/2152115109966,655,20250318,188,1300,17,5,1,537.13,537.13,590.843,53.713,10.0
gid://shopify/LineItem/2159716761678,6120,20250323,188,1301,92,5,1,537.13,537.13,590.843,53.713,10.0
gid://shopify/LineItem/2154129883214,2048,20250320,355,1302,258,5,1,575.13,575.13,632.643,57.513,10.0
gid://shopify/LineItem/2159568420942,6022,20250323,20,126,100,5,1,642.33,642.33,706.563,64.233,10.0
gid://shopify/LineItem/2154500620366,2301,20250320,1,1303,155,5,1,509.53,509.53,560.483,50.953,10.0
gid://shopify/LineItem/2152417230926,842,20250318,356,1304,244,5,1,507.13,507.13,557.843,50.713,10.0
gid://shopify/LineItem/2152140734542,671,20250318,306,617,367,5,1,650.33,650.33,715.363,65.033,10.0
gid://shopify/LineItem/2160930259022,7016,20250324,357,1305,96,5,1,537.13,537.13,590.843,53.713,10.0
gid://shopify/LineItem/2152084963406,640,20250318,1,1306,214,5,1,527.13,527.13,579.843,52.713,10.0
gid://shopify/LineItem/2159412183118,5918,20250323,20,78,41,5,1,531.93,531.93,585.123,53.193,10.0
gid://shopify/LineItem/2157722271822,4958,20250322,358,1307,368,5,1,507.13,507.13,557.843,50.713,10.0
gid://shopify/LineItem/2161229267022,7259,20250324,1,1308,237,5,1,517.53,517.53,569.283,51.753,10.0
gid://shopify/LineItem/2157246087246,4541,20250322,21,1309,229,5,1,537.13,537.13,590.843,53.713,10.0
gid://shopify/LineItem/2154351853646,2105,20250320,182,1310,363,5,1,537.13,537.13,590.843,53.713,10.0
gid://shopify/LineItem/2159054815310,5682,20250323,179,1311,92,5,1,517.53,517.53,569.283,51.753,10.0
gid://shopify/LineItem/2159267184718,5824,20250323,1,1312,145,5,1,502.75,502.75,553.025,50.275,10.0
gid://shopify/LineItem/2158948155470,5602,20250323,359,1313,53,5,1,490.13,490.13,539.143,49.013,10.0
gid://shopify/LineItem/2157867434062,5060,20250322,360,1314,17,5,1,509.53,509.53,560.483,50.953,10.0
gid://shopify/LineItem/2156236767310,3750,20250321,361,422,117,5,1,512.63,512.63,563.893,51.263,10.0
gid://shopify/LineItem/2153491562574,1552,20250319,314,1315,125,5,1,527.13,527.13,579.843,52.713,10.0
gid://shopify/LineItem/2153539338318,1604,20250319,1,1316,369,5,1,501.53,501.53,551.683,50.153,10.0
gid://shopify/LineItem/2157927465038,5110,20250322,179,1317,62,5,1,595.93,595.93,655.523,59.593,10.0
gid://shopify/LineItem/2158281850958,5305,20250323,44,1318,370,5,1,537.13,537.13,590.843,53.713,10.0
gid://shopify/LineItem/2161234214990,7266,20250324,174,1319,353,5,1,485.53,485.53,534.083,48.553,10.0
gid://shopify/LineItem/2153294790734,1409,20250319,179,1320,82,5,1,537.13,537.13,590.843,53.713,10.0
gid://shopify/LineItem/2158139408462,5252,20250322,177,1321,371,5,1,497.13,497.13,546.843,49.713,10.0
gid://shopify/LineItem/2158910275662,5584,20250323,44,1322,252,5,1,537.13,537.13,590.843,53.713,10.0
gid://shopify/LineItem/2153177677902,1296,20250319,182,1323,8,5,1,537.13,537.13,590.843,53.713,10.0
gid://shopify/LineItem/2157173964878,4463,20250322,21,1324,306,5,1,509.53,509.53,560.483,50.953,10.0
gid://shopify/LineItem/2157484408910,4761,20250322,21,1325,181,5,1,509.53,509.53,560.483,50.953,10.0
gid://shopify/LineItem/2157514784846,4785,20250322,21,1326,73,5,1,512.63,512.63,563.893,51.263,10.0
gid://shopify/LineItem/2159518548046,5987,20250323,362,274,77,5,1,537.13,537.13,590.843,53.713,10.0
gid://shopify/LineItem/2158491500622,5347,20250323,363,1327,212,5,1,527.13,527.13,579.843,52.713,10.0
gid://shopify/LineItem/2159269675086,5827,20250323,21,1328,1,5,1,537.13,537.13,590.843,53.713,10.0
gid://shopify/LineItem/2159822700622,6187,20250323,182,1301,372,5,1,635.13,635.13,698.643,63.513,10.0
gid://shopify/LineItem/2154705944654,2508,20250320,20,1329,17,5,1,497.13,497.13,546.843,49.713,10.0
gid://shopify/LineItem/2151805354062,425,20250318,179,1330,244,5,1,517.53,517.53,569.283,51.753,10.0
gid://shopify/LineItem/2153264480334,1372,20250319,317,196,76,5,1,527.13,527.13,579.843,52.713,10.0
gid://shopify/LineItem/2157837680718,5033,20250322,317,1331,373,5,1,527.13,527.13,579.843,52.713,10.0
gid://shopify/LineItem/2152160493646,689,20250318,364,1332,71,5,1,509.53,509.53,560.483,50.953,10.0
gid://shopify/LineItem/2155736727630,3309,20250321,179,1333,197,5,1,517.53,517.53,569.283,51.753,10.0
gid://shopify/LineItem/2161088430158,7149,20250324,20,646,108,5,1,485.53,485.53,534.083,48.553,10.0
gid://shopify/LineItem/2154721149006,2530,20250320,317,1334,216,5,1,509.53,509.53,560.483,50.953,10.0
gid://shopify/LineItem/2153245835342,1357,20250319,179,1335,374,5,1,517.53,517.53,569.283,51.753,10.0
gid://shopify/LineItem/2153508175950,1567,20250319,179,426,106,5,1,512.63,512.63,563.893,51.263,10.0
gid://shopify/LineItem/2155139530830,2975,20250320,188,1336,80,5,1,537.13,537.13,590.843,53.713,10.0
gid://shopify/LineItem/2158672248910,5450,20250323,317,1337,46,5,1,527.13,527.13,579.843,52.713,10.0
gid://shopify/LineItem/2157871693902,5065,20250322,317,1338,61,5,1,505.13,505.13,555.643,50.513,10.0
gid://shopify/LineItem/2160874946638,6983,20250324,317,1339,317,5,1,587.93,587.93,646.723,58.793,10.0
gid://shopify/LineItem/2160467902542,6637,20250324,20,60,164,5,1,497.13,497.13,546.843,49.713,10.0
gid://shopify/LineItem/2154380558414,2139,20250320,177,1340,375,5,1,497.13,497.13,546.843,49.713,10.0
gid://shopify/LineItem/2154592174158,2392,20250320,365,1341,366,5,1,527.13,527.13,579.843,52.713,10.0
gid://shopify/LineItem/2154748739662,2566,20250320,316,1342,101,5,1,527.13,527.13,579.843,52.713,10.0
gid://shopify/LineItem/2151591477326,251,20250318,320,1343,376,5,1,512.63,512.63,563.893,51.263,10.0
gid://shopify/LineItem/2160916332622,7006,20250324,320,1344,5,5,1,517.53,517.53,569.283,51.753,10.0
gid://shopify/LineItem/2160848240718,6958,20250324,366,332,117,5,1,527.13,527.13,579.843,52.713,10.0
gid://shopify/LineItem/2160193896526,6315,20250324,367,1345,22,5,1,517.13,517.13,568.843,51.713,10.0
gid://shopify/LineItem/2158762819662,5484,20250323,20,1346,16,5,1,527.13,527.13,579.843,52.713,10.0
gid://shopify/LineItem/2155935236174,3505,20250321,20,941,53,5,1,527.13,527.13,579.843,52.713,10.0
gid://shopify/LineItem/2157941358670,5124,20250322,20,1347,16,5,1,537.13,537.13,590.843,53.713,10.0
gid://shopify/LineItem/2159427158094,5930,20250323,1,171,224,5,1,517.53,517.53,569.283,51.753,10.0
gid://shopify/LineItem/2151806271566,426,20250318,20,1098,100,5,1,504.13,504.13,554.543,50.413,10.0
gid://shopify/LineItem/2153532227662,1597,20250319,1,1348,354,5,1,537.13,537.13,590.843,53.713,10.0
gid://shopify/LineItem/2155197857870,3039,20250320,1,1349,121,5,1,493.53,493.53,542.883,49.353,10.0
gid://shopify/LineItem/2155095654478,2939,20250320,20,1350,121,5,1,509.53,509.53,560.483,50.953,10.0
gid://shopify/LineItem/2151527022670,176,20250318,1,1147,215,5,1,493.53,493.53,542.883,49.353,10.0
gid://shopify/LineItem/2160592486478,6745,20250324,1,1351,121,5,1,537.13,537.13,590.843,53.713,10.0
gid://shopify/LineItem/2157381189710,4672,20250322,1,832,204,5,1,517.53,517.53,569.283,51.753,10.0
gid://shopify/LineItem/2159264170062,5821,20250323,1,1352,53,5,1,517.53,517.53,569.283,51.753,10.0
gid://shopify/LineItem/2154915037262,2728,20250320,177,1353,62,5,1,517.53,517.53,569.283,51.753,10.0
gid://shopify/LineItem/2154646208590,2448,20250320,20,1354,100,5,1,529.13,529.13,582.043,52.913,10.0
gid://shopify/LineItem/2157300187214,4591,20250322,1,358,16,5,1,517.53,517.53,569.283,51.753,10.0
gid://shopify/LineItem/2151416201294,77,20250318,20,1355,377,5,1,537.13,537.13,590.843,53.713,10.0
gid://shopify/LineItem/2154687955022,2490,20250320,20,1356,342,5,1,517.53,517.53,569.283,51.753,10.0
gid://shopify/LineItem/2158095237198,5229,20250322,177,1357,104,5,1,517.53,517.53,569.283,51.753,10.0
gid://shopify/LineItem/2160296198222,6474,20250324,177,128,185,5,1,537.13,537.13,590.843,53.713,10.0
gid://shopify/LineItem/2152397439054,827,20250318,368,1358,69,5,1,517.13,517.13,568.843,51.713,10.0
gid://shopify/LineItem/2155010359374,2838,20250320,368,1128,50,5,1,517.13,517.13,568.843,51.713,10.0
gid://shopify/LineItem/2154777247822,2602,20250320,20,1359,127,5,1,485.53,485.53,534.083,48.553,10.0
gid://shopify/LineItem/2157895286862,5084,20250322,1,1360,53,5,1,517.53,517.53,569.283,51.753,10.0
gid://shopify/LineItem/2156087738446,3627,20250321,322,1361,149,5,1,537.13,537.13,590.843,53.713,10.0
gid://shopify/LineItem/2155698192462,3273,20250321,1,1362,173,5,1,537.13,537.13,590.843,53.713,10.0
gid://shopify/LineItem/2153272901710,1385,20250319,369,1363,48,5,1,523.93,523.93,576.323,52.393,10.0
gid://shopify/LineItem/2161119789134,7165,20250324,44,1364,378,5,1,517.13,517.13,568.843,51.713,10.0
gid://shopify/LineItem/2154508550222,2318,20250320,44,1365,315,5,1,517.13,517.13,568.843,51.713,10.0
gid://shopify/LineItem/2153808527438,1868,20250319,370,684,35,5,1,527.13,527.13,579.843,52.713,10.0
gid://shopify/LineItem/2153045065806,1167,20250319,174,1366,216,5,1,537.13,537.13,590.843,53.713,10.0
gid://shopify/LineItem/2159198502990,5774,20250323,371,1367,1,5,1,497.13,497.13,546.843,49.713,10.0
gid://shopify/LineItem/2159337865294,5868,20250323,372,1368,76,5,1,487.13,487.13,535.843,48.713,10.0
gid://shopify/LineItem/2156625166414,4059,20250321,373,1369,104,5,1,487.13,487.13,535.843,48.713,10.0
gid://shopify/LineItem/2151619821646,273,20250318,373,1370,11,5,1,477.53,477.53,525.283,47.753,10.0
gid://shopify/LineItem/2153531506766,1596,20250319,173,838,102,5,2,289.96,579.93,637.923,57.993,10.0
gid://shopify/LineItem/2160805740622,6926,20250324,374,1371,57,5,1,509.53,509.53,560.483,50.953,10.0
gid://shopify/LineItem/2154490757198,2290,20250320,1,97,268,5,1,497.13,497.13,546.843,49.713,10.0
gid://shopify/LineItem/2160022913102,6258,20250324,1,794,215,5,1,501.53,501.53,551.683,50.153,10.0
gid://shopify/LineItem/2157860585550,5051,20250322,314,1372,150,5,1,527.13,527.13,579.843,52.713,10.0
gid://shopify/LineItem/2159352971342,5876,20250323,1,1373,59,5,1,517.13,517.13,568.843,51.713,10.0
gid://shopify/LineItem/2152084537422,639,20250318,375,1374,38,5,1,517.13,517.13,568.843,51.713,10.0
gid://shopify/LineItem/2157693960270,4942,20250322,21,1375,252,5,1,527.13,527.13,579.843,52.713,10.0
gid://shopify/LineItem/2159632187470,6056,20250323,376,1376,379,5,1,507.13,507.13,557.843,50.713,10.0
gid://shopify/LineItem/2152499707982,888,20250318,20,909,29,5,1,541.53,541.53,595.683,54.153,10.0
gid://shopify/LineItem/2156031246414,3583,20250321,377,1377,118,5,1,517.53,517.53,569.283,51.753,10.0
gid://shopify/LineItem/2155759075406,3332,20250321,183,1378,3,5,1,517.13,517.13,568.843,51.713,10.0
gid://shopify/LineItem/2157325910094,4617,20250322,378,1379,380,5,1,683.13,683.13,751.443,68.313,10.0
gid://shopify/LineItem/2158819442766,5519,20250323,1,1380,92,5,1,517.13,517.13,568.843,51.713,10.0
gid://shopify/LineItem/2155881693262,3446,20250321,20,223,100,5,1,517.53,517.53,569.283,51.753,10.0
gid://shopify/LineItem/2157687898190,4935,20250322,379,856,324,5,1,537.13,537.13,590.843,53.713,10.0
gid://shopify/LineItem/2160529604686,6700,20250324,20,1290,118,3,1,537.13,537.13,590.843,53.713,10.0
gid://shopify/LineItem/2154420240462,2198,20250320,20,1381,118,3,1,595.13,595.13,654.643,59.513,10.0
gid://shopify/LineItem/2159365914702,5888,20250323,20,1382,119,3,1,527.13,527.13,579.843,52.713,10.0
gid://shopify/LineItem/2158095171662,5228,20250322,20,1383,55,3,1,555.13,555.13,610.643,55.513,10.0
gid://shopify/LineItem/2157200539726,4490,20250322,20,986,105,3,1,613.13,613.13,674.443,61.313,10.0
gid://shopify/LineItem/2159621111886,6049,20250323,20,1384,381,3,1,497.13,497.13,546.843,49.713,10.0
gid://shopify/LineItem/2159860121678,6209,20250323,20,1385,3,3,1,485.53,485.53,534.083,48.553,10.0
gid://shopify/LineItem/2156255871054,3770,20250321,380,1386,26,3,1,485.53,485.53,534.083,48.553,10.0
gid://shopify/LineItem/2157912096846,5099,20250322,381,1004,101,3,1,642.33,642.33,706.563,64.233,10.0
gid://shopify/LineItem/2157115736142,4393,20250322,382,1387,15,3,1,693.13,693.13,762.443,69.313,10.0
gid://shopify/LineItem/2155199627342,3041,20250320,383,1388,12,3,1,635.13,635.13,698.643,63.513,10.0
gid://shopify/LineItem/2154734747726,2549,20250320,191,814,32,3,1,587.93,587.93,646.723,58.793,10.0
gid://shopify/LineItem/2161344479310,7336,20250324,191,1389,105,3,1,658.33,658.33,724.163,65.833,10.0
gid://shopify/LineItem/2157632421966,4880,20250322,339,1390,204,3,1,517.13,517.13,568.843,51.713,10.0
gid://shopify/LineItem/2153714745422,1781,20250319,339,1391,76,3,1,501.53,501.53,551.683,50.153,10.0
gid://shopify/LineItem/2157022543950,4247,20250322,340,1392,11,3,1,605.13,605.13,665.643,60.513,10.0
gid://shopify/LineItem/2154395140174,2163,20250320,340,1393,30,3,1,501.53,501.53,551.683,50.153,10.0
gid://shopify/LineItem/2158754168910,5480,20250323,384,1394,244,3,1,634.33,634.33,697.763,63.433,10.0
gid://shopify/LineItem/2161471881294,7405,20250324,384,1395,382,3,1,509.53,509.53,560.483,50.953,10.0
gid://shopify/LineItem/2158050705486,5207,20250322,385,1396,338,3,1,517.13,517.13,568.843,51.713,10.0
gid://shopify/LineItem/2154516611150,2329,20250320,386,1397,383,3,1,537.13,537.13,590.843,53.713,10.0
gid://shopify/LineItem/2160362520654,6545,20250324,386,1398,79,3,1,517.53,517.53,569.283,51.753,10.0
gid://shopify/LineItem/2155002101838,2827,20250320,387,1399,2,3,1,517.13,517.13,568.843,51.713,10.0
gid://shopify/LineItem/2158738931790,5476,20250323,345,1400,118,3,1,626.33,626.33,688.963,62.633,10.0
gid://shopify/LineItem/2159703523406,6116,20250323,345,1401,222,3,1,501.53,501.53,551.683,50.153,10.0
gid://shopify/LineItem/2155027431502,2861,20250320,294,538,29,3,1,537.13,537.13,590.843,53.713,10.0
gid://shopify/LineItem/2161074470990,7131,20250324,294,548,302,3,1,517.53,517.53,569.283,51.753,10.0
gid://shopify/LineItem/2158210515022,5280,20250322,388,1402,46,3,1,501.53,501.53,551.683,50.153,10.0
gid://shopify/LineItem/2152369586254,808,20250318,294,1403,17,3,1,537.13,537.13,590.843,53.713,10.0
gid://shopify/LineItem/2152421195854,845,20250318,177,1404,279,3,1,539.93,539.93,593.923,53.993,10.0
gid://shopify/LineItem/2151533183054,188,20250318,389,1405,19,3,1,527.13,527.13,579.843,52.713,10.0
gid://shopify/LineItem/2160678633550,6819,20250324,177,1406,33,3,1,693.13,693.13,762.443,69.313,10.0
gid://shopify/LineItem/2161082892366,7141,20250324,177,1407,384,3,1,517.13,517.13,568.843,51.713,10.0
gid://shopify/LineItem/2161066541134,7126,20250324,179,1408,186,3,1,537.13,537.13,590.843,53.713,10.0
gid://shopify/LineItem/2153820880974,1880,20250319,179,1409,130,3,1,595.93,595.93,655.523,59.593,10.0
gid://shopify/LineItem/2154474569806,2265,20250320,297,1410,81,3,1,635.13,635.13,698.643,63.513,10.0
gid://shopify/LineItem/2156486590542,3966,20250321,297,1411,126,3,1,512.63,512.63,563.893,51.263,10.0
gid://shopify/LineItem/2159614558286,6045,20250323,390,424,146,3,1,505.13,505.13,555.643,50.513,10.0
gid://shopify/LineItem/2153821667406,1881,20250319,391,39,385,3,1,562.33,562.33,618.563,56.233,10.0
gid://shopify/LineItem/2154347233358,2096,20250320,392,1412,162,3,1,489.13,489.13,538.043,48.913,10.0
gid://shopify/LineItem/2153371992142,1457,20250319,393,866,21,3,1,490.13,490.13,539.143,49.013,10.0
gid://shopify/LineItem/2157944766542,5126,20250322,177,1413,344,3,1,537.13,537.13,590.843,53.713,10.0
gid://shopify/LineItem/2160287776846,6465,20250324,177,1414,3,3,1,537.13,537.13,590.843,53.713,10.0
gid://shopify/LineItem/2153650716750,1716,20250319,1,1415,205,3,1,507.13,507.13,557.843,50.713,10.0
gid://shopify/LineItem/2160224731214,6359,20250324,1,1416,72,3,1,493.53,493.53,542.883,49.353,10.0
gid://shopify/LineItem/2154340909134,2090,20250320,20,902,1,3,1,517.13,517.13,568.843,51.713,10.0
gid://shopify/LineItem/2151797129294,423,20250318,177,1417,46,3,1,501.53,501.53,551.683,50.153,10.0
gid://shopify/LineItem/2153571647566,1646,20250319,300,1034,386,3,1,634.33,634.33,697.763,63.433,10.0
gid://shopify/LineItem/2151590133838,246,20250318,209,1418,141,3,1,513.53,513.53,564.883,51.353,10.0
gid://shopify/LineItem/2154296868942,2069,20250320,300,1419,72,3,1,459.13,459.13,505.043,45.913,10.0
gid://shopify/LineItem/2157516423246,4788,20250322,394,1420,58,3,1,521.53,521.53,573.683,52.153,10.0
gid://shopify/LineItem/2156443467854,3922,20250321,1,1421,145,3,1,488.13,488.13,536.943,48.813,10.0
gid://shopify/LineItem/2159778496590,6165,20250323,46,1422,348,3,1,562.33,562.33,618.563,56.233,10.0
gid://shopify/LineItem/2158732705870,5473,20250323,46,1423,344,3,1,531.93,531.93,585.123,53.193,10.0
gid://shopify/LineItem/2157184548942,4474,20250322,1,1424,122,3,1,595.13,595.13,654.643,59.513,10.0
gid://shopify/LineItem/2160277028942,6444,20250324,395,1425,29,3,1,712.73,712.73,784.003,71.273,10.0
gid://shopify/LineItem/2157630554190,4876,20250322,177,1426,68,3,1,595.13,595.13,654.643,59.513,10.0
gid://shopify/LineItem/2154338549838,2084,20250320,177,1369,170,3,1,877.13,877.13,964.843,87.713,10.0
gid://shopify/LineItem/2157415923790,4707,20250322,396,1427,5,3,1,555.13,555.13,610.643,55.513,10.0
gid://shopify/LineItem/2160413737038,6580,20250324,1,1428,1,3,1,608.73,608.73,669.603,60.873,10.0
gid://shopify/LineItem/2154938204238,2758,20250320,1,1429,387,3,1,545.13,545.13,599.643,54.513,10.0
gid://shopify/LineItem/2156429213774,3912,20250321,1,948,388,3,1,613.13,613.13,674.443,61.313,10.0
gid://shopify/LineItem/2153293152334,1408,20250319,20,1430,16,3,1,527.13,527.13,579.843,52.713,10.0
gid://shopify/LineItem/2159953903694,6241,20250324,20,1431,43,3,1,585.13,585.13,643.643,58.513,10.0
gid://shopify/LineItem/2152408842318,836,20250318,179,1432,366,3,1,537.13,537.13,590.843,53.713,10.0
gid://shopify/LineItem/2161025187918,7094,20250324,397,912,349,3,1,497.13,497.13,546.843,49.713,10.0
gid://shopify/LineItem/2153973612622,1977,20250319,301,1433,138,3,1,537.13,537.13,590.843,53.713,10.0
gid://shopify/LineItem/2154369187918,2127,20250320,1,1434,1,3,1,537.13,537.13,590.843,53.713,10.0
gid://shopify/LineItem/2154936598606,2755,20250320,20,1435,121,3,1,527.13,527.13,579.843,52.713,10.0
gid://shopify/LineItem/2155345117262,3147,20250320,20,1436,148,3,1,509.53,509.53,560.483,50.953,10.0
gid://shopify/LineItem/2157387907150,4681,20250322,21,1437,212,3,1,537.13,537.13,590.843,53.713,10.0
gid://shopify/LineItem/2160195731534,6317,20250324,182,1122,200,3,1,537.13,537.13,590.843,53.713,10.0
gid://shopify/LineItem/2160251633742,6404,20250324,179,234,39,3,1,537.13,537.13,590.843,53.713,10.0
gid://shopify/LineItem/2156517064782,3989,20250321,21,1438,345,3,1,507.73,507.73,558.503,50.773,10.0
gid://shopify/LineItem/2157967769678,5146,20250322,21,1439,8,3,1,595.93,595.93,655.523,59.593,10.0
gid://shopify/LineItem/2154447306830,2234,20250320,182,1440,164,3,1,571.93,571.93,629.123,57.193,10.0
gid://shopify/LineItem/2158801059918,5504,20250323,21,316,389,3,1,698.33,698.33,768.163,69.833,10.0
gid://shopify/LineItem/2157328400462,4621,20250322,188,516,200,3,1,517.53,517.53,569.283,51.753,10.0
gid://shopify/LineItem/2153701408846,1766,20250319,179,1441,77,3,1,595.93,595.93,655.523,59.593,10.0
gid://shopify/LineItem/2154758996046,2582,20250320,188,1442,68,3,1,517.53,517.53,569.283,51.753,10.0
gid://shopify/LineItem/2157037420622,4277,20250322,20,488,19,3,1,485.53,485.53,534.083,48.553,10.0
gid://shopify/LineItem/2160718938190,6864,20250324,20,1443,114,3,1,555.13,555.13,610.643,55.513,10.0
gid://shopify/LineItem/2151991377998,563,20250318,398,1444,16,3,1,555.13,555.13,610.643,55.513,10.0
gid://shopify/LineItem/2153846636622,1900,20250319,398,1445,24,3,1,555.13,555.13,610.643,55.513,10.0
gid://shopify/LineItem/2153135145038,1259,20250319,398,1446,74,3,1,578.33,578.33,636.163,57.833,10.0
gid://shopify/LineItem/2153956769870,1966,20250319,44,1447,83,3,1,635.13,635.13,698.643,63.513,10.0
gid://shopify/LineItem/2155027824718,2862,20250320,44,534,390,3,1,537.13,537.13,590.843,53.713,10.0
gid://shopify/LineItem/2157878870094,5071,20250322,20,1448,195,3,1,555.13,555.13,610.643,55.513,10.0
gid://shopify/LineItem/2157288947790,4582,20250322,399,1449,290,3,1,497.13,497.13,546.843,49.713,10.0
gid://shopify/LineItem/2157979893838,5155,20250322,1,1450,295,3,1,517.13,517.13,568.843,51.713,10.0
gid://shopify/LineItem/2156670615630,4093,20250321,400,1451,69,3,1,527.13,527.13,579.843,52.713,10.0
gid://shopify/LineItem/2156963659854,4177,20250322,400,1452,49,3,1,527.13,527.13,579.843,52.713,10.0
gid://shopify/LineItem/2157653459022,4902,20250322,21,1453,391,3,1,642.33,642.33,706.563,64.233,10.0
gid://shopify/LineItem/2153063907406,1184,20250319,44,1454,316,3,1,537.13,537.13,590.843,53.713,10.0
gid://shopify/LineItem/2157748944974,4976,20250322,21,484,10,3,1,517.53,517.53,569.283,51.753,10.0
gid://shopify/LineItem/2161082335310,7140,20250324,21,777,392,3,1,517.53,517.53,569.283,51.753,10.0
gid://shopify/LineItem/2157011042382,4227,20250322,179,1455,26,3,1,537.13,537.13,590.843,53.713,10.0
gid://shopify/LineItem/2156084953166,3623,20250321,179,1116,50,3,1,517.53,517.53,569.283,51.753,10.0
gid://shopify/LineItem/2159933685838,6236,20250324,179,846,13,3,1,571.93,571.93,629.123,57.193,10.0
gid://shopify/LineItem/2159009792078,5652,20250323,401,237,198,3,1,723.13,723.13,795.443,72.313,10.0
gid://shopify/LineItem/2152886632526,1007,20250319,402,1080,62,3,1,537.13,537.13,590.843,53.713,10.0
gid://shopify/LineItem/2160528359502,6696,20250324,403,277,26,3,1,497.13,497.13,546.843,49.713,10.0
gid://shopify/LineItem/2157912064078,5098,20250322,404,1456,119,3,1,497.13,497.13,546.843,49.713,10.0
gid://shopify/LineItem/2157071007822,4323,20250322,21,357,188,3,1,635.13,635.13,698.643,63.513,10.0
gid://shopify/LineItem/2151949271118,537,20250318,188,1457,1,3,1,595.93,595.93,655.523,59.593,10.0
gid://shopify/LineItem/2151796408398,421,20250318,188,1458,80,3,1,517.53,517.53,569.283,51.753,10.0
gid://shopify/LineItem/2157506396238,4778,20250322,188,599,1,3,1,517.53,517.53,569.283,51.753,10.0
gid://shopify/LineItem/2153813508174,1872,20250319,20,26,237,3,1,555.13,555.13,610.643,55.513,10.0
gid://shopify/LineItem/2158082588750,5223,20250322,20,1357,143,3,1,555.13,555.13,610.643,55.513,10.0
gid://shopify/LineItem/2159165440078,5756,20250323,20,1459,63,3,1,531.93,531.93,585.123,53.193,10.0
gid://shopify/LineItem/2155727847502,3300,20250321,179,1460,16,3,1,517.53,517.53,569.283,51.753,10.0
gid://shopify/LineItem/2151207272526,27,20250318,20,156,330,3,1,555.13,555.13,610.643,55.513,10.0
gid://shopify/LineItem/2155340070990,3143,20250320,20,1056,26,3,1,482.63,482.63,530.893,48.263,10.0
gid://shopify/LineItem/2156495765582,3975,20250321,20,267,189,3,1,613.13,613.13,674.443,61.313,10.0
gid://shopify/LineItem/2158244692046,5296,20250323,20,1461,39,3,1,595.13,595.13,654.643,59.513,10.0
gid://shopify/LineItem/2159872245838,6214,20250323,20,662,1,3,1,618.33,618.33,680.163,61.833,10.0
gid://shopify/LineItem/2160534782030,6701,20250324,44,1462,145,3,1,537.13,537.13,590.843,53.713,10.0
gid://shopify/LineItem/2153217163342,1333,20250319,301,1463,84,3,1,537.13,537.13,590.843,53.713,10.0
gid://shopify/LineItem/2157559677006,4818,20250322,44,1464,43,3,1,635.13,635.13,698.643,63.513,10.0
gid://shopify/LineItem/2159896887374,6227,20250324,1,1465,94,3,1,673.13,673.13,740.443,67.313,10.0
gid://shopify/LineItem/2152389804110,820,20250318,1,1466,176,3,1,501.53,501.53,551.683,50.153,10.0
gid://shopify/LineItem/2159149547598,5742,20250323,177,1467,254,3,1,497.13,497.13,546.843,49.713,10.0
gid://shopify/LineItem/2161440194638,7388,20250324,177,1468,393,3,1,497.13,497.13,546.843,49.713,10.0
gid://shopify/LineItem/2153844375630,1898,20250319,20,1469,291,3,1,587.93,587.93,646.723,58.793,10.0
gid://shopify/LineItem/2158876459086,5552,20250323,177,1470,384,3,1,527.13,527.13,579.843,52.713,10.0
gid://shopify/LineItem/2158989082702,5638,20250323,1,1471,109,3,1,497.13,497.13,546.843,49.713,10.0
gid://shopify/LineItem/2155470913614,3196,20250321,1,1472,40,3,1,485.53,485.53,534.083,48.553,10.0
gid://shopify/LineItem/2159158427726,5752,20250323,20,1473,209,3,1,635.13,635.13,698.643,63.513,10.0
gid://shopify/LineItem/2157399081038,4693,20250322,334,1474,16,3,1,650.33,650.33,715.363,65.033,10.0
gid://shopify/LineItem/2154585817166,2387,20250320,334,1475,191,3,1,703.13,703.13,773.443,70.313,10.0
gid://shopify/LineItem/2156212813902,3734,20250321,328,1476,19,3,1,537.13,537.13,590.843,53.713,10.0
gid://shopify/LineItem/2160219816014,6351,20250324,328,1466,40,3,1,595.93,595.93,655.523,59.593,10.0
gid://shopify/LineItem/2160318939214,6495,20250324,328,1477,19,3,1,517.53,517.53,569.283,51.753,10.0
gid://shopify/LineItem/2155763957838,3337,20250321,1,1262,348,3,1,605.13,605.13,665.643,60.513,10.0
gid://shopify/LineItem/2151893958734,502,20250318,1,1478,52,3,1,527.13,527.13,579.843,52.713,10.0
gid://shopify/LineItem/2154941382734,2760,20250320,1,260,53,3,1,509.53,509.53,560.483,50.953,10.0
gid://shopify/LineItem/2157361725518,4655,20250322,1,1479,121,3,1,497.13,497.13,546.843,49.713,10.0
gid://shopify/LineItem/2155079925838,2928,20250320,20,1480,394,3,1,531.93,531.93,585.123,53.193,10.0
gid://shopify/LineItem/2153501327438,1562,20250319,405,1481,175,3,1,555.13,555.13,610.643,55.513,10.0
gid://shopify/LineItem/2152586215502,935,20250318,405,1482,395,3,1,624.73,624.73,687.203,62.473,10.0
gid://shopify/LineItem/2154659971150,2459,20250320,405,1483,202,3,1,531.93,531.93,585.123,53.193,10.0
gid://shopify/LineItem/2159041085518,5672,20250323,20,1058,241,3,1,531.93,531.93,585.123,53.193,10.0
gid://shopify/LineItem/2157419364430,4709,20250322,177,1484,83,3,1,671.13,671.13,738.243,67.113,10.0
gid://shopify/LineItem/2154432888910,2216,20250320,177,1485,218,3,1,674.33,674.33,741.763,67.433,10.0
gid://shopify/LineItem/2160799449166,6922,20250324,20,1486,330,3,1,485.53,485.53,534.083,48.553,10.0
gid://shopify/LineItem/2161291427918,7309,20250324,187,1487,149,3,1,537.13,537.13,590.843,53.713,10.0
gid://shopify/LineItem/2158962573390,5618,20250323,406,1488,176,3,1,485.53,485.53,534.083,48.553,10.0
gid://shopify/LineItem/2159726166094,6131,20250323,179,1489,396,3,1,517.53,517.53,569.283,51.753,10.0
gid://shopify/LineItem/2153844113486,1897,20250319,407,62,21,3,1,586.33,586.33,644.963,58.633,10.0
gid://shopify/LineItem/2156106874958,3641,20250321,20,1490,76,3,1,537.13,537.13,590.843,53.713,10.0
gid://shopify/LineItem/2153983148110,1984,20250319,177,1491,389,3,1,555.13,555.13,610.643,55.513,10.0
gid://shopify/LineItem/2153134194766,1256,20250319,408,1492,24,3,1,605.13,605.13,665.643,60.513,10.0
gid://shopify/LineItem/2152925167694,1045,20250319,1,1493,373,3,1,497.13,497.13,546.843,49.713,10.0
gid://shopify/LineItem/2153257107534,1367,20250319,1,1494,3,3,1,482.63,482.63,530.893,48.263,10.0
gid://shopify/LineItem/2153331556430,1437,20250319,182,1040,163,3,1,537.13,537.13,590.843,53.713,10.0
gid://shopify/LineItem/2153791782990,1862,20250319,409,1495,72,3,1,537.13,537.13,590.843,53.713,10.0
gid://shopify/LineItem/2156331597902,3818,20250321,378,1496,172,3,1,509.53,509.53,560.483,50.953,10.0
gid://shopify/LineItem/2159817392206,6183,20250323,335,108,397,3,1,537.13,537.13,590.843,53.713,10.0
gid://shopify/LineItem/2157600407630,4854,20250322,188,1497,60,3,1,537.13,537.13,590.843,53.713,10.0
gid://shopify/LineItem/2160564142158,6721,20250324,188,721,13,3,1,587.93,587.93,646.723,58.793,10.0
gid://shopify/LineItem/2160926556238,7011,20250324,410,1498,116,3,1,823.13,823.13,905.443,82.313,10.0
gid://shopify/LineItem/2153423831118,1505,20250319,411,1499,133,3,1,579.93,579.93,637.923,57.993,10.0
gid://shopify/LineItem/2156603998286,4050,20250321,412,1500,21,3,1,493.53,493.53,542.883,49.353,10.0
gid://shopify/LineItem/2154173497422,2059,20250320,413,1501,97,3,1,507.13,507.13,557.843,50.713,10.0
gid://shopify/LineItem/2158855553102,5536,20250323,305,1502,276,3,1,497.13,497.13,546.843,49.713,10.0
gid://shopify/LineItem/2160736632910,6878,20250324,305,686,317,3,1,497.13,497.13,546.843,49.713,10.0
gid://shopify/LineItem/2157272170574,4569,20250322,414,1503,349,3,1,485.53,485.53,534.083,48.553,10.0
gid://shopify/LineItem/2160730243150,6871,20250324,21,1504,68,3,1,625.13,625.13,687.643,62.513,10.0
gid://shopify/LineItem/2161139777614,7180,20250324,415,1505,251,3,1,565.13,565.13,621.643,56.513,10.0
gid://shopify/LineItem/2160390635598,6569,20250324,21,1506,25,3,1,527.13,527.13,579.843,52.713,10.0
gid://shopify/LineItem/2151391133774,60,20250318,416,1507,89,3,1,497.13,497.13,546.843,49.713,10.0
gid://shopify/LineItem/2160055713870,6263,20250324,356,1508,361,3,1,565.13,565.13,621.643,56.513,10.0
gid://shopify/LineItem/2156188500046,3708,20250321,356,1509,17,3,1,563.93,563.93,620.323,56.393,10.0
gid://shopify/LineItem/2153187541070,1307,20250319,20,1510,222,3,1,493.53,493.53,542.883,49.353,10.0
gid://shopify/LineItem/2155278041166,3102,20250320,1,1444,153,3,1,625.13,625.13,687.643,62.513,10.0
gid://shopify/LineItem/2155719327822,3288,20250321,1,1511,83,3,1,537.13,537.13,590.843,53.713,10.0
gid://shopify/LineItem/2154901307470,2715,20250320,1,1512,40,3,1,595.93,595.93,655.523,59.593,10.0
gid://shopify/LineItem/2152277475406,744,20250318,20,1513,232,3,1,537.13,537.13,590.843,53.713,10.0
gid://shopify/LineItem/2151669760078,310,20250318,177,1514,1,3,1,578.33,578.33,636.163,57.833,10.0
gid://shopify/LineItem/2161133617230,7177,20250324,417,1515,297,3,1,605.73,605.73,666.303,60.573,10.0
gid://shopify/LineItem/2159639167054,6061,20250323,357,1516,57,3,1,595.93,595.93,655.523,59.593,10.0
gid://shopify/LineItem/2161268883534,7296,20250324,357,567,176,3,1,537.13,537.13,590.843,53.713,10.0
gid://shopify/LineItem/2154434232398,2218,20250320,418,1517,55,3,1,517.13,517.13,568.843,51.713,10.0
gid://shopify/LineItem/2160981868622,7063,20250324,419,1518,398,3,1,485.53,485.53,534.083,48.553,10.0
gid://shopify/LineItem/2155290984526,3111,20250320,20,305,99,3,1,497.13,497.13,546.843,49.713,10.0
gid://shopify/LineItem/2153208971342,1321,20250319,329,110,143,3,1,517.53,517.53,569.283,51.753,10.0
gid://shopify/LineItem/2160468590670,6638,20250324,420,830,55,3,1,497.13,497.13,546.843,49.713,10.0
gid://shopify/LineItem/2158373929038,5320,20250323,421,1519,55,3,1,595.93,595.93,655.523,59.593,10.0
gid://shopify/LineItem/2158159626318,5261,20250322,422,1179,73,3,1,527.13,527.13,579.843,52.713,10.0
gid://shopify/LineItem/2161191190606,7231,20250324,422,1520,20,3,1,509.53,509.53,560.483,50.953,10.0
gid://shopify/LineItem/2153660285006,1729,20250319,423,1521,363,3,1,497.13,497.13,546.843,49.713,10.0
gid://shopify/LineItem/2160869507150,6977,20250324,423,1522,101,3,1,485.53,485.53,534.083,48.553,10.0
gid://shopify/LineItem/2159881257038,6219,20250323,424,1523,173,3,1,507.13,507.13,557.843,50.713,10.0
gid://shopify/LineItem/2157806288974,5008,20250322,20,1524,137,3,1,497.13,497.13,546.843,49.713,10.0
gid://shopify/LineItem/2158515945550,5362,20250323,20,1525,188,3,1,497.13,497.13,546.843,49.713,10.0
gid://shopify/LineItem/2152474574926,874,20250318,425,1526,321,3,1,517.53,517.53,569.283,51.753,10.0
gid://shopify/LineItem/2151950286926,538,20250318,426,392,1,3,1,497.13,497.13,546.843,49.713,10.0
gid://shopify/LineItem/2160591765582,6744,20250324,427,1527,298,3,1,509.53,509.53,560.483,50.953,10.0
gid://shopify/LineItem/2160272277582,6435,20250324,179,1528,149,3,1,537.13,537.13,590.843,53.713,10.0
gid://shopify/LineItem/2155273748558,3099,20250320,179,1163,245,3,1,517.53,517.53,569.283,51.753,10.0
gid://shopify/LineItem/2157619314766,4865,20250322,428,1529,3,3,1,517.53,517.53,569.283,51.753,10.0
gid://shopify/LineItem/2154063429710,2022,20250319,429,1530,191,3,1,485.53,485.53,534.083,48.553,10.0
gid://shopify/LineItem/2158139736142,5253,20250322,179,1531,1,3,1,683.13,683.13,751.443,68.313,10.0
gid://shopify/LineItem/2155025956942,2860,20250320,1,444,69,3,1,517.13,517.13,568.843,51.713,10.0
gid://shopify/LineItem/2153749119054,1821,20250319,430,1532,109,3,1,485.53,485.53,534.083,48.553,10.0
gid://shopify/LineItem/2154398974030,2169,20250320,431,1533,99,3,1,497.13,497.13,546.843,49.713,10.0
gid://shopify/LineItem/2156273336398,3785,20250321,432,1534,364,3,1,674.33,674.33,741.763,67.433,10.0
gid://shopify/LineItem/2154388947022,2151,20250320,360,702,399,3,1,625.13,625.13,687.643,62.513,10.0
gid://shopify/LineItem/2157839548494,5035,20250322,433,1454,400,3,1,517.53,517.53,569.283,51.753,10.0
gid://shopify/LineItem/2152599715918,936,20250318,44,1535,35,3,1,537.13,537.13,590.843,53.713,10.0
gid://shopify/LineItem/2156525977678,4000,20250321,181,1536,29,3,1,605.13,605.13,665.643,60.513,10.0
gid://shopify/LineItem/2156567789646,4026,20250321,181,1537,87,3,1,527.13,527.13,579.843,52.713,10.0
gid://shopify/LineItem/2158545961038,5381,20250323,181,1538,194,3,1,509.53,509.53,560.483,50.953,10.0
gid://shopify/LineItem/2153234432078,1348,20250319,434,252,156,3,1,537.13,537.13,590.843,53.713,10.0
gid://shopify/LineItem/2159261548622,5819,20250323,434,1539,145,3,1,587.93,587.93,646.723,58.793,10.0
gid://shopify/LineItem/2153032450126,1154,20250319,314,1540,401,3,1,527.13,527.13,579.843,52.713,10.0
gid://shopify/LineItem/2158067679310,5215,20250322,314,1465,153,3,1,527.13,527.13,579.843,52.713,10.0
gid://shopify/LineItem/2151884652622,493,20250318,193,1541,270,3,1,537.13,537.13,590.843,53.713,10.0
gid://shopify/LineItem/2154382393422,2140,20250320,193,1542,110,3,1,537.13,537.13,590.843,53.713,10.0
gid://shopify/LineItem/2160294133838,6473,20250324,188,1543,179,3,1,517.53,517.53,569.283,51.753,10.0
gid://shopify/LineItem/2153102934094,1227,20250319,435,1544,173,3,1,507.13,507.13,557.843,50.713,10.0
gid://shopify/LineItem/2155844173902,3421,20250321,435,1545,294,3,1,507.13,507.13,557.843,50.713,10.0
gid://shopify/LineItem/2157214957646,4504,20250322,436,1001,356,3,1,507.13,507.13,557.843,50.713,10.0
gid://shopify/LineItem/2153582821454,1654,20250319,20,1546,50,3,1,497.13,497.13,546.843,49.713,10.0
gid://shopify/LineItem/2152990965838,1116,20250319,437,1547,309,3,1,497.13,497.13,546.843,49.713,10.0
gid://shopify/LineItem/2153347383374,1445,20250319,437,1548,143,3,1,497.13,497.13,546.843,49.713,10.0
gid://shopify/LineItem/2155341840462,3145,20250320,438,1549,40,3,1,537.13,537.13,590.843,53.713,10.0
gid://shopify/LineItem/2154423386190,2201,20250320,439,354,182,3,1,485.53,485.53,534.083,48.553,10.0
gid://shopify/LineItem/2160655204430,6799,20250324,440,1550,329,3,1,531.93,531.93,585.123,53.193,10.0
gid://shopify/LineItem/2155246583886,3084,20250320,44,1551,177,3,1,635.13,635.13,698.643,63.513,10.0
gid://shopify/LineItem/2160220962894,6354,20250324,44,1461,98,3,1,517.53,517.53,569.283,51.753,10.0
gid://shopify/LineItem/2159267676238,5825,20250323,301,380,173,3,1,537.13,537.13,590.843,53.713,10.0
gid://shopify/LineItem/2154066739278,2027,20250319,44,1552,44,3,1,642.33,642.33,706.563,64.233,10.0
gid://shopify/LineItem/2159760179278,6155,20250323,182,1553,19,3,1,579.93,579.93,637.923,57.993,10.0
gid://shopify/LineItem/2160602972238,6760,20250324,179,1554,62,3,1,517.53,517.53,569.283,51.753,10.0
gid://shopify/LineItem/2152288911438,756,20250318,441,1555,79,3,1,555.93,555.93,611.523,55.593,10.0
gid://shopify/LineItem/2156995739726,4201,20250322,188,1556,145,3,1,733.13,733.13,806.443,73.313,10.0
gid://shopify/LineItem/2155847712846,3422,20250321,299,1557,161,3,1,587.93,587.93,646.723,58.793,10.0
gid://shopify/LineItem/2161312530510,7319,20250324,179,1558,79,3,1,855.13,855.13,940.643,85.513,10.0
gid://shopify/LineItem/2157240320078,4536,20250322,20,1559,252,3,1,527.13,527.13,579.843,52.713,10.0
gid://shopify/LineItem/2154341007438,2091,20250320,315,1560,16,3,1,625.13,625.13,687.643,62.513,10.0
gid://shopify/LineItem/2157363036238,4658,20250322,44,1561,396,3,1,674.33,674.33,741.763,67.433,10.0
gid://shopify/LineItem/2160580001870,6737,20250324,44,1562,9,3,1,642.33,642.33,706.563,64.233,10.0
gid://shopify/LineItem/2153230205006,1345,20250319,1,1563,64,3,1,497.13,497.13,546.843,49.713,10.0
gid://shopify/LineItem/2151519092814,163,20250318,442,1564,106,3,1,635.13,635.13,698.643,63.513,10.0
gid://shopify/LineItem/2155039686734,2876,20250320,363,1565,260,3,1,625.13,625.13,687.643,62.513,10.0
gid://shopify/LineItem/2151281197134,36,20250318,443,1566,25,3,1,507.13,507.13,557.843,50.713,10.0
gid://shopify/LineItem/2155784732750,3360,20250321,444,1567,197,3,1,497.13,497.13,546.843,49.713,10.0
gid://shopify/LineItem/2157927137358,5109,20250322,445,1568,28,3,1,497.13,497.13,546.843,49.713,10.0
gid://shopify/LineItem/2160217358414,6347,20250324,177,1569,73,3,1,527.13,527.13,579.843,52.713,10.0
gid://shopify/LineItem/2155060953166,2901,20250320,446,172,215,3,1,555.13,555.13,610.643,55.513,10.0
gid://shopify/LineItem/2160437067854,6604,20250324,1,307,402,3,1,517.53,517.53,569.283,51.753,10.0
gid://shopify/LineItem/2153464561742,1533,20250319,179,1570,132,3,1,537.13,537.13,590.843,53.713,10.0
gid://shopify/LineItem/2158920761422,5592,20250323,447,319,357,3,1,571.93,571.93,629.123,57.193,10.0
gid://shopify/LineItem/2155134517326,2970,20250320,448,1571,109,3,1,713.13,713.13,784.443,71.313,10.0
gid://shopify/LineItem/2155663065166,3242,20250321,188,1572,27,3,1,517.53,517.53,569.283,51.753,10.0
gid://shopify/LineItem/2156009717838,3566,20250321,20,1169,204,3,1,497.13,497.13,546.843,49.713,10.0
gid://shopify/LineItem/2152867594318,997,20250319,20,1573,328,3,1,485.53,485.53,534.083,48.553,10.0
gid://shopify/LineItem/2155892965454,3466,20250321,20,1574,167,3,1,485.53,485.53,534.083,48.553,10.0
gid://shopify/LineItem/2155071111246,2914,20250320,179,1575,3,3,1,823.13,823.13,905.443,82.313,10.0
gid://shopify/LineItem/2151439827022,94,20250318,179,901,46,3,1,563.93,563.93,620.323,56.393,10.0
gid://shopify/LineItem/2153697181774,1760,20250319,20,1576,149,3,1,537.13,537.13,590.843,53.713,10.0
gid://shopify/LineItem/2154692739150,2497,20250320,449,1577,20,3,1,537.13,537.13,590.843,53.713,10.0
gid://shopify/LineItem/2157009764430,4225,20250322,364,1578,16,3,1,672.73,672.73,740.003,67.273,10.0
gid://shopify/LineItem/2161006968910,7080,20250324,179,1579,403,3,1,674.33,674.33,741.763,67.433,10.0
gid://shopify/LineItem/2160283648078,6450,20250324,177,1580,163,3,1,497.13,497.13,546.843,49.713,10.0
gid://shopify/LineItem/2157609549902,4862,20250322,179,1047,76,3,1,537.13,537.13,590.843,53.713,10.0
gid://shopify/LineItem/2159360999502,5883,20250323,450,1581,212,3,1,615.13,615.13,676.643,61.513,10.0
gid://shopify/LineItem/2153934913614,1951,20250319,317,1582,175,3,1,625.13,625.13,687.643,62.513,10.0
gid://shopify/LineItem/2152890728526,1012,20250319,179,881,156,3,1,537.13,537.13,590.843,53.713,10.0
gid://shopify/LineItem/2154461986894,2251,20250320,179,1583,376,3,1,635.13,635.13,698.643,63.513,10.0
gid://shopify/LineItem/2159739830350,6139,20250323,179,1584,97,3,1,537.13,537.13,590.843,53.713,10.0
gid://shopify/LineItem/2155050500174,2889,20250320,451,1585,50,3,1,527.13,527.13,579.843,52.713,10.0
gid://shopify/LineItem/2156583059534,4035,20250321,179,1586,237,3,1,537.13,537.13,590.843,53.713,10.0
gid://shopify/LineItem/2154407166030,2177,20250320,179,1587,82,3,1,537.13,537.13,590.843,53.713,10.0
gid://shopify/LineItem/2157202636878,4496,20250322,179,1588,357,3,1,537.13,537.13,590.843,53.713,10.0
gid://shopify/LineItem/2155644354638,3232,20250321,179,1589,100,3,1,517.53,517.53,569.283,51.753,10.0
gid://shopify/LineItem/2153642328142,1705,20250319,317,1590,46,3,1,527.13,527.13,579.843,52.713,10.0
gid://shopify/LineItem/2159643066446,6065,20250323,317,1591,13,3,1,527.13,527.13,579.843,52.713,10.0
gid://shopify/LineItem/2161505763406,7427,20250324,179,1592,358,3,1,537.13,537.13,590.843,53.713,10.0
gid://shopify/LineItem/2154065264718,2025,20250319,199,1593,260,3,1,587.93,587.93,646.723,58.793,10.0
gid://shopify/LineItem/2151138394190,2,20250318,452,1181,12,3,1,517.53,517.53,569.283,51.753,10.0
gid://shopify/LineItem/2153162833998,1281,20250319,174,1594,8,3,1,509.53,509.53,560.483,50.953,10.0
gid://shopify/LineItem/2156520308814,3992,20250321,20,1595,401,3,1,537.13,537.13,590.843,53.713,10.0
gid://shopify/LineItem/2153185443918,1304,20250319,317,1596,113,3,1,509.53,509.53,560.483,50.953,10.0
gid://shopify/LineItem/2161187651662,7228,20250324,453,922,150,3,1,527.13,527.13,579.843,52.713,10.0
gid://shopify/LineItem/2156267733070,3780,20250321,1,1597,69,3,1,537.13,537.13,590.843,53.713,10.0
gid://shopify/LineItem/2151931871310,527,20250318,332,1598,182,3,1,501.53,501.53,551.683,50.153,10.0
gid://shopify/LineItem/2151528431694,177,20250318,174,1599,106,3,1,497.13,497.13,546.843,49.713,10.0
gid://shopify/LineItem/2154394419278,2161,20250320,454,1600,260,3,1,527.13,527.13,579.843,52.713,10.0
gid://shopify/LineItem/2153970991182,1974,20250319,454,1601,100,3,1,563.93,563.93,620.323,56.393,10.0
gid://shopify/LineItem/2151836155982,459,20250318,365,1602,46,3,1,505.13,505.13,555.643,50.513,10.0
gid://shopify/LineItem/2157243891790,4538,20250322,320,1603,118,3,1,517.53,517.53,569.283,51.753,10.0
gid://shopify/LineItem/2159480963150,5960,20250323,365,1604,404,3,1,527.13,527.13,579.843,52.713,10.0
gid://shopify/LineItem/2159249719374,5814,20250323,174,474,252,3,1,497.13,497.13,546.843,49.713,10.0
gid://shopify/LineItem/2160501588046,6673,20250324,365,1605,32,3,1,527.13,527.13,579.843,52.713,10.0
gid://shopify/LineItem/2160360652878,6540,20250324,319,1606,19,3,1,517.53,517.53,569.283,51.753,10.0
gid://shopify/LineItem/2157831749710,5026,20250322,1,1414,178,3,1,497.13,497.13,546.843,49.713,10.0
gid://shopify/LineItem/2155988877390,3540,20250321,455,919,405,3,1,537.13,537.13,590.843,53.713,10.0
gid://shopify/LineItem/2157449805902,4739,20250322,1,1607,241,3,1,595.13,595.13,654.643,59.513,10.0
gid://shopify/LineItem/2159362146382,5884,20250323,456,1608,406,3,1,537.13,537.13,590.843,53.713,10.0
gid://shopify/LineItem/2153500180558,1560,20250319,456,1609,19,3,1,517.53,517.53,569.283,51.753,10.0
gid://shopify/LineItem/2153989242958,1989,20250319,1,1610,55,3,1,579.93,579.93,637.923,57.993,10.0
gid://shopify/LineItem/2160861315150,6968,20250324,20,1611,41,3,1,509.53,509.53,560.483,50.953,10.0
gid://shopify/LineItem/2159792685134,6174,20250323,20,1612,391,3,1,527.13,527.13,579.843,52.713,10.0
gid://shopify/LineItem/2153701310542,1765,20250319,20,1613,121,3,1,527.13,527.13,579.843,52.713,10.0
gid://shopify/LineItem/2157426344014,4718,20250322,1,671,269,3,1,537.13,537.13,590.843,53.713,10.0
gid://shopify/LineItem/2160252092494,6405,20250324,20,1614,94,3,1,517.53,517.53,569.283,51.753,10.0
gid://shopify/LineItem/2152020705358,581,20250318,457,1615,407,3,1,615.13,615.13,676.643,61.513,10.0
gid://shopify/LineItem/2153058664526,1174,20250319,1,1478,14,3,1,537.13,537.13,590.843,53.713,10.0
gid://shopify/LineItem/2158828191822,5524,20250323,1,697,237,3,1,537.13,537.13,590.843,53.713,10.0
gid://shopify/LineItem/2153919381582,1938,20250319,20,1616,24,3,1,509.53,509.53,560.483,50.953,10.0
gid://shopify/LineItem/2158017019982,5184,20250322,20,1617,16,3,1,517.53,517.53,569.283,51.753,10.0
gid://shopify/LineItem/2159390294094,5907,20250323,198,1618,19,3,1,507.13,507.13,557.843,50.713,10.0
gid://shopify/LineItem/2151710621774,339,20250318,1,1619,43,3,1,507.13,507.13,557.843,50.713,10.0
gid://shopify/LineItem/2157753434190,4979,20250322,20,1620,170,3,1,527.13,527.13,579.843,52.713,10.0
gid://shopify/LineItem/2154443571278,2226,20250320,20,1621,59,3,1,527.13,527.13,579.843,52.713,10.0
gid://shopify/LineItem/2159423586382,5928,20250323,1,1622,252,3,1,763.13,763.13,839.443,76.313,10.0
gid://shopify/LineItem/2151371079758,49,20250318,20,1623,16,3,1,527.13,527.13,579.843,52.713,10.0
gid://shopify/LineItem/2160573284430,6729,20250324,20,1624,29,3,1,509.53,509.53,560.483,50.953,10.0
gid://shopify/LineItem/2155422154830,3181,20250321,1,1625,1,3,1,507.13,507.13,557.843,50.713,10.0
gid://shopify/LineItem/2153899950158,1932,20250319,1,1626,99,3,1,513.53,513.53,564.883,51.353,10.0
gid://shopify/LineItem/2159633039438,6057,20250323,1,1627,384,3,1,537.13,537.13,590.843,53.713,10.0
gid://shopify/LineItem/2157456818254,4742,20250322,177,1628,87,3,1,512.63,512.63,563.893,51.263,10.0
gid://shopify/LineItem/2160912793678,7003,20250324,1,1629,94,3,1,517.53,517.53,569.283,51.753,10.0
gid://shopify/LineItem/2159719350350,6125,20250323,1,1630,100,3,1,537.13,537.13,590.843,53.713,10.0
gid://shopify/LineItem/2159403827278,5914,20250323,1,1631,53,3,1,537.13,537.13,590.843,53.713,10.0
gid://shopify/LineItem/2157021134926,4243,20250322,1,1632,250,3,1,517.53,517.53,569.283,51.753,10.0
gid://shopify/LineItem/2157598736462,4852,20250322,1,674,245,3,1,537.13,537.13,590.843,53.713,10.0
gid://shopify/LineItem/2158522892366,5366,20250323,1,873,156,3,1,537.13,537.13,590.843,53.713,10.0
gid://shopify/LineItem/2157104463950,4370,20250322,1,686,50,3,1,537.13,537.13,590.843,53.713,10.0
gid://shopify/LineItem/2154340646990,2089,20250320,177,1633,408,3,1,537.13,537.13,590.843,53.713,10.0
gid://shopify/LineItem/2152231796814,725,20250318,177,1634,76,3,1,537.13,537.13,590.843,53.713,10.0
gid://shopify/LineItem/2157940211790,5122,20250322,177,1635,279,3,1,537.13,537.13,590.843,53.713,10.0
gid://shopify/LineItem/2155323588686,3131,20250320,177,1636,286,3,1,537.13,537.13,590.843,53.713,10.0
gid://shopify/LineItem/2157688979534,4939,20250322,458,1637,3,3,1,517.13,517.13,568.843,51.713,10.0
gid://shopify/LineItem/2154404315214,2175,20250320,368,1638,16,3,1,501.53,501.53,551.683,50.153,10.0
gid://shopify/LineItem/2160263757902,6422,20250324,20,1639,33,3,1,537.13,537.13,590.843,53.713,10.0
gid://shopify/LineItem/2160284434510,6455,20250324,20,1640,26,3,1,537.13,537.13,590.843,53.713,10.0
gid://shopify/LineItem/2154392518734,2157,20250320,174,1641,29,3,1,517.53,517.53,569.283,51.753,10.0
gid://shopify/LineItem/2154395697230,2164,20250320,20,1642,5,3,1,485.53,485.53,534.083,48.553,10.0
gid://shopify/LineItem/2158826782798,5523,20250323,1,1643,247,3,1,517.53,517.53,569.283,51.753,10.0
gid://shopify/LineItem/2152583135310,933,20250318,20,1256,1,3,1,537.13,537.13,590.843,53.713,10.0
gid://shopify/LineItem/2155903909966,3473,20250321,459,204,145,3,1,517.13,517.13,568.843,51.713,10.0
gid://shopify/LineItem/2159287500878,5836,20250323,459,876,192,3,1,517.13,517.13,568.843,51.713,10.0
gid://shopify/LineItem/2153691250766,1752,20250319,174,1644,373,3,1,517.53,517.53,569.283,51.753,10.0
gid://shopify/LineItem/2160930717774,7017,20250324,20,1645,142,3,1,517.53,517.53,569.283,51.753,10.0
gid://shopify/LineItem/2153843130446,1895,20250319,1,1646,172,3,1,517.53,517.53,569.283,51.753,10.0
gid://shopify/LineItem/2152908619854,1029,20250319,20,1647,279,3,1,537.13,537.13,590.843,53.713,10.0
gid://shopify/LineItem/2156498911310,3978,20250321,20,1648,161,3,1,517.53,517.53,569.283,51.753,10.0
gid://shopify/LineItem/2161388814414,7358,20250324,460,1649,125,3,1,537.13,537.13,590.843,53.713,10.0
gid://shopify/LineItem/2160262709326,6421,20250324,322,1650,272,3,1,517.53,517.53,569.283,51.753,10.0
gid://shopify/LineItem/2154794483790,2618,20250320,1,1651,188,3,1,537.13,537.13,590.843,53.713,10.0
gid://shopify/LineItem/2160286662734,6462,20250324,1,1652,52,3,1,517.53,517.53,569.283,51.753,10.0
gid://shopify/LineItem/2159073493070,5687,20250323,1,1653,200,3,1,541.53,541.53,595.683,54.153,10.0
gid://shopify/LineItem/2153171714126,1293,20250319,20,1654,65,3,1,567.13,567.13,623.843,56.713,10.0
gid://shopify/LineItem/2160455123022,6619,20250324,1,1655,48,3,1,567.13,567.13,623.843,56.713,10.0
gid://shopify/LineItem/2151697383502,331,20250318,44,1656,1,3,1,595.13,595.13,654.643,59.513,10.0
gid://shopify/LineItem/2154972217422,2792,20250320,461,1657,163,3,1,501.53,501.53,551.683,50.153,10.0
gid://shopify/LineItem/2153381494862,1462,20250319,20,1658,190,3,1,555.13,555.13,610.643,55.513,10.0
gid://shopify/LineItem/2156675530830,4098,20250321,462,1659,92,3,1,547.93,547.93,602.723,54.793,10.0
gid://shopify/LineItem/2159738781774,6138,20250323,463,1660,84,3,1,501.53,501.53,551.683,50.153,10.0
gid://shopify/LineItem/2156599017550,4048,20250321,20,1661,70,3,1,751.13,751.13,826.243,75.113,10.0
gid://shopify/LineItem/2160173613134,6297,20250324,464,1662,1,3,1,597.13,597.13,656.843,59.713,10.0
gid://shopify/LineItem/2152610791502,945,20250319,465,1663,83,3,1,531.93,531.93,585.123,53.193,10.0
gid://shopify/LineItem/2159631630414,6055,20250323,20,979,144,3,1,485.53,485.53,534.083,48.553,10.0
gid://shopify/LineItem/2157688553550,4938,20250322,1,1664,43,3,1,579.93,579.93,637.923,57.993,10.0
gid://shopify/LineItem/2157028999246,4256,20250322,466,1665,16,3,1,517.13,517.13,568.843,51.713,10.0
gid://shopify/LineItem/2159102591054,5711,20250323,467,1666,290,3,1,517.13,517.13,568.843,51.713,10.0
gid://shopify/LineItem/2154910416974,2723,20250320,467,1667,87,3,1,501.53,501.53,551.683,50.153,10.0
gid://shopify/LineItem/2153378480206,1459,20250319,174,1668,200,3,1,537.13,537.13,590.843,53.713,10.0
gid://shopify/LineItem/2158963097678,5619,20250323,174,1353,259,3,1,517.53,517.53,569.283,51.753,10.0
gid://shopify/LineItem/2154349199438,2100,20250320,325,1669,20,3,1,497.13,497.13,546.843,49.713,10.0
gid://shopify/LineItem/2154458153038,2246,20250320,468,1670,182,3,1,497.13,497.13,546.843,49.713,10.0
gid://shopify/LineItem/2152059994190,615,20250318,174,1671,43,3,1,517.53,517.53,569.283,51.753,10.0
gid://shopify/LineItem/2156399591502,3880,20250321,469,1672,3,3,1,537.13,537.13,590.843,53.713,10.0
gid://shopify/LineItem/2154774298702,2599,20250320,470,1673,20,3,1,497.13,497.13,546.843,49.713,10.0
gid://shopify/LineItem/2157970554958,5149,20250322,470,1674,70,3,1,497.13,497.13,546.843,49.713,10.0
gid://shopify/LineItem/2154844618830,2666,20250320,174,1675,156,3,1,517.53,517.53,569.283,51.753,10.0
gid://shopify/LineItem/2152345534542,791,20250318,20,1676,63,3,1,517.53,517.53,569.283,51.753,10.0
gid://shopify/LineItem/2156395954254,3875,20250321,1,1677,19,3,1,529.13,529.13,582.043,52.913,10.0
gid://shopify/LineItem/2157300449358,4592,20250322,1,1678,69,3,1,509.13,509.13,560.043,50.913,10.0
gid://shopify/LineItem/2157887520846,5079,20250322,1,1679,119,3,1,497.13,497.13,546.843,49.713,10.0
gid://shopify/LineItem/2159489613902,5969,20250323,1,1680,170,3,1,497.13,497.13,546.843,49.713,10.0
gid://shopify/LineItem/2160253665358,6408,20250324,20,1681,39,3,2,277.56,555.13,610.643,55.513,10.0
gid://shopify/LineItem/2155196317774,3036,20250320,412,1682,118,3,2,273.96,547.93,602.723,54.793,10.0
gid://shopify/LineItem/2152898723918,1018,20250319,416,1683,104,3,2,277.56,555.13,610.643,55.513,10.0
gid://shopify/LineItem/2154386751566,2145,20250320,320,1684,145,3,2,317.56,635.13,698.643,63.513,10.0
gid://shopify/LineItem/2151929774158,525,20250318,20,1685,28,3,1,458.13,458.13,503.943,45.813,10.0
gid://shopify/LineItem/2159694446670,6109,20250323,293,1686,93,3,1,517.13,517.13,568.843,51.713,10.0
gid://shopify/LineItem/2154765975630,2589,20250320,392,1687,72,3,1,489.13,489.13,538.043,48.913,10.0
gid://shopify/LineItem/2151145832526,4,20250318,1,1688,109,3,1,497.13,497.13,546.843,49.713,10.0
gid://shopify/LineItem/2160290594894,6466,20250324,471,1689,26,3,1,501.53,501.53,551.683,50.153,10.0
gid://shopify/LineItem/2154847240270,2670,20250320,179,1690,83,3,1,537.13,537.13,590.843,53.713,10.0
gid://shopify/LineItem/2160332079182,6512,20250324,44,1691,99,3,1,537.13,537.13,590.843,53.713,10.0
gid://shopify/LineItem/2153371664462,1456,20250319,450,1692,5,3,1,517.13,517.13,568.843,51.713,10.0
gid://shopify/LineItem/2161473585230,7407,20250324,306,1693,216,3,1,517.13,517.13,568.843,51.713,10.0
gid://shopify/LineItem/2152720072782,973,20250319,425,1694,83,3,1,517.53,517.53,569.283,51.753,10.0
gid://shopify/LineItem/2157683507278,4932,20250322,472,1695,83,3,1,497.13,497.13,546.843,49.713,10.0
gid://shopify/LineItem/2152179793998,701,20250318,473,1696,251,3,1,517.53,517.53,569.283,51.753,10.0
gid://shopify/LineItem/2159630254158,6053,20250323,21,1442,24,3,1,537.13,537.13,590.843,53.713,10.0
gid://shopify/LineItem/2153741418574,1811,20250319,179,1697,121,3,1,537.13,537.13,590.843,53.713,10.0
gid://shopify/LineItem/2151920828494,521,20250318,1,1698,18,3,1,458.13,458.13,503.943,45.813,10.0
gid://shopify/LineItem/2154604822606,2408,20250320,451,1699,94,3,1,509.53,509.53,560.483,50.953,10.0
gid://shopify/LineItem/2154387537998,2148,20250320,20,861,83,3,1,527.13,527.13,579.843,52.713,10.0
gid://shopify/LineItem/2157200834638,4491,20250322,1,1700,23,3,1,537.13,537.13,590.843,53.713,10.0
gid://shopify/LineItem/2159093088334,5700,20250323,1,1701,62,3,1,567.13,567.13,623.843,56.713,10.0
gid://shopify/LineItem/2156045140046,3598,20250321,20,1702,268,3,1,635.13,635.13,698.643,63.513,10.0
gid://shopify/LineItem/2159596208206,6039,20250323,340,1703,102,3,1,610.33,610.33,671.363,61.033,10.0
gid://shopify/LineItem/2160434118734,6599,20250324,474,1411,237,3,1,555.93,555.93,611.523,55.593,10.0
gid://shopify/LineItem/2159894790222,6226,20250323,475,1704,283,3,1,761.63,761.63,837.793,76.163,10.0
gid://shopify/LineItem/2152410710094,838,20250318,20,1705,115,3,1,565.13,565.13,621.643,56.513,10.0
gid://shopify/LineItem/2152986280014,1113,20250319,177,1706,409,3,1,555.13,555.13,610.643,55.513,10.0
gid://shopify/LineItem/2153740435534,1810,20250319,1,1707,85,3,1,507.13,507.13,557.843,50.713,10.0
gid://shopify/LineItem/2155043618894,2880,20250320,1,1708,232,3,1,575.13,575.13,632.643,57.513,10.0
gid://shopify/LineItem/2160461905998,6625,20250324,380,1709,23,3,1,660.53,660.53,726.583,66.053,10.0
gid://shopify/LineItem/2159316205646,5849,20250323,1,335,49,3,1,503.13,503.13,553.443,50.313,10.0
gid://shopify/LineItem/2158898511950,5573,20250323,1,1710,35,3,1,478.33,478.33,526.163,47.833,10.0
gid://shopify/LineItem/2152983298126,1108,20250319,476,558,101,3,1,579.93,579.93,637.923,57.993,10.0
gid://shopify/LineItem/2159375810638,5895,20250323,179,1711,197,3,1,650.33,650.33,715.363,65.033,10.0
gid://shopify/LineItem/2158099365966,5233,20250322,20,1712,184,3,1,555.13,555.13,610.643,55.513,10.0
gid://shopify/LineItem/2159524610126,5993,20250323,21,794,165,3,1,595.93,595.93,655.523,59.593,10.0
gid://shopify/LineItem/2153083961422,1207,20250319,1,1713,268,3,1,720.73,720.73,792.803,72.073,10.0
gid://shopify/LineItem/2152872575054,999,20250319,1,1714,118,3,1,539.93,539.93,593.923,53.993,10.0
gid://shopify/LineItem/2154883416142,2694,20250320,20,1160,118,3,1,613.13,613.13,674.443,61.313,10.0
gid://shopify/LineItem/2151509131342,154,20250318,1,1715,20,3,1,517.53,517.53,569.283,51.753,10.0
gid://shopify/LineItem/2151389102158,57,20250318,477,1716,294,3,1,547.93,547.93,602.723,54.793,10.0
gid://shopify/LineItem/2159675801678,6090,20250323,44,136,301,3,1,595.93,595.93,655.523,59.593,10.0
gid://shopify/LineItem/2154841571406,2662,20250320,1,1004,93,3,1,635.13,635.13,698.643,63.513,10.0
gid://shopify/LineItem/2151553368142,207,20250318,434,1580,279,3,1,713.13,713.13,784.443,71.313,10.0
gid://shopify/LineItem/2158861975630,5544,20250323,21,1521,352,3,1,635.13,635.13,698.643,63.513,10.0
gid://shopify/LineItem/2155183374414,3019,20250320,316,1717,16,3,1,527.13,527.13,579.843,52.713,10.0
gid://shopify/LineItem/2160984457294,7068,20250324,20,1718,324,3,1,741.13,741.13,815.243,74.113,10.0
gid://shopify/LineItem/2161277534286,7302,20250324,20,1719,104,3,1,497.13,497.13,546.843,49.713,10.0
gid://shopify/LineItem/2156008505422,3562,20250321,478,1720,1,3,1,527.13,527.13,579.843,52.713,10.0
gid://shopify/LineItem/2155318411342,3126,20250320,455,1721,24,3,1,517.53,517.53,569.283,51.753,10.0
gid://shopify/LineItem/2160319070286,6496,20250324,1,1722,336,3,1,517.53,517.53,569.283,51.753,10.0
gid://shopify/LineItem/2154957602894,2777,20250320,177,1723,16,3,1,537.13,537.13,590.843,53.713,10.0
gid://shopify/LineItem/2160234266702,6370,20250324,479,1724,103,3,1,625.13,625.13,687.643,62.513,10.0
gid://shopify/LineItem/2157459800142,4745,20250322,480,1725,252,3,1,517.13,517.13,568.843,51.713,10.0
gid://shopify/LineItem/2151730544718,351,20250318,481,1726,1,3,1,537.13,537.13,590.843,53.713,10.0
gid://shopify/LineItem/2152362573902,803,20250318,301,1727,87,3,1,677.53,677.53,745.283,67.753,10.0
gid://shopify/LineItem/2157388595278,4684,20250322,20,1728,62,3,1,497.13,497.13,546.843,49.713,10.0
gid://shopify/LineItem/2152176418894,699,20250318,44,1729,99,3,1,537.13,537.13,590.843,53.713,10.0
gid://shopify/LineItem/2158678081614,5454,20250323,177,321,287,3,1,531.93,531.93,585.123,53.193,10.0
gid://shopify/LineItem/2152348450894,794,20250318,179,1730,222,3,1,571.93,571.93,629.123,57.193,10.0
gid://shopify/LineItem/2156767576142,4144,20250322,482,1731,133,3,1,761.13,761.13,837.243,76.113,10.0
gid://shopify/LineItem/2156722487374,4129,20250321,173,74,45,3,1,527.13,527.13,579.843,52.713,10.0
gid://shopify/LineItem/2157075660878,4333,20250322,188,1732,35,3,1,597.23,597.23,656.953,59.723,10.0
gid://shopify/LineItem/2153159819342,1276,20250319,319,198,151,3,1,537.13,537.13,590.843,53.713,10.0
gid://shopify/LineItem/2160678895694,6820,20250324,177,1733,1,3,1,517.53,517.53,569.283,51.753,10.0
gid://shopify/LineItem/2159098626126,5707,20250323,1,1734,60,3,2,297.96,595.93,655.523,59.593,10.0
gid://shopify/LineItem/2160982032462,7064,20250324,475,1735,13,3,1,926.13,926.13,1018.743,92.613,10.0
gid://shopify/LineItem/2157830963278,5024,20250322,294,1736,145,3,1,650.33,650.33,715.363,65.033,10.0
gid://shopify/LineItem/2156664029262,4088,20250321,177,28,164,3,1,1455.13,1455.13,1600.643,145.513,10.0
gid://shopify/LineItem/2156518408270,3990,20250321,391,1737,325,3,1,691.13,691.13,760.243,69.113,10.0
gid://shopify/LineItem/2155113578574,2954,20250320,20,1738,11,3,1,527.13,527.13,579.843,52.713,10.0
gid://shopify/LineItem/2151623753806,276,20250318,483,1739,195,3,1,617.13,617.13,678.843,61.713,10.0
gid://shopify/LineItem/2159416836174,5921,20250323,21,610,112,3,1,517.53,517.53,569.283,51.753,10.0
gid://shopify/LineItem/2155188748366,3028,20250320,20,477,160,3,1,615.13,615.13,676.643,61.513,10.0
gid://shopify/LineItem/2157104627790,4371,20250322,1,1740,87,3,1,497.13,497.13,546.843,49.713,10.0
gid://shopify/LineItem/2151956414542,545,20250318,20,1741,39,3,1,595.13,595.13,654.643,59.513,10.0
gid://shopify/LineItem/2152971305038,1091,20250319,484,1742,176,3,1,517.13,517.13,568.843,51.713,10.0
gid://shopify/LineItem/2159722889294,6128,20250323,485,1743,129,3,1,704.73,704.73,775.203,70.473,10.0
gid://shopify/LineItem/2158900936782,5577,20250323,177,1744,1,3,1,615.13,615.13,676.643,61.513,10.0
gid://shopify/LineItem/2160308748366,6478,20250324,182,1269,128,3,1,909.53,909.53,1000.483,90.953,10.0
gid://shopify/LineItem/2157146308686,4432,20250322,20,1608,1,3,1,613.13,613.13,674.443,61.313,10.0
gid://shopify/LineItem/2151590723662,250,20250318,425,1745,102,3,1,537.13,537.13,590.843,53.713,10.0
gid://shopify/LineItem/2160235184206,6371,20250324,486,1746,117,3,1,517.13,517.13,568.843,51.713,10.0
gid://shopify/LineItem/2160546742350,6714,20250324,332,1747,68,3,1,693.13,693.13,762.443,69.313,10.0
gid://shopify/LineItem/2159678816334,6093,20250323,188,1748,141,3,1,537.13,537.13,590.843,53.713,10.0
gid://shopify/LineItem/2161395728462,7365,20250324,21,1749,20,3,1,791.13,791.13,870.243,79.113,10.0
gid://shopify/LineItem/2159344189518,5872,20250323,320,1750,55,3,1,665.13,665.13,731.643,66.513,10.0
gid://shopify/LineItem/2154490134606,2284,20250320,324,1751,208,3,1,485.53,485.53,534.083,48.553,10.0
gid://shopify/LineItem/2159998009422,6253,20250324,487,1752,35,3,4,167.78,671.13,738.243,67.113,10.0
gid://shopify/LineItem/2153027141710,1145,20250319,20,1753,248,1,1,615.13,615.13,676.643,61.513,10.0
gid://shopify/LineItem/2154832068686,2657,20250320,20,1754,161,1,1,537.13,537.13,590.843,53.713,10.0
gid://shopify/LineItem/2154953375822,2771,20250320,20,1755,145,1,1,537.13,537.13,590.843,53.713,10.0
gid://shopify/LineItem/2160005644366,6255,20250324,20,1756,87,1,1,586.13,586.13,644.743,58.613,10.0
gid://shopify/LineItem/2155789156430,3365,20250321,20,1757,263,1,1,566.13,566.13,622.743,56.613,10.0
gid://shopify/LineItem/2155196743758,3037,20250320,20,1758,179,1,1,595.93,595.93,655.523,59.593,10.0
gid://shopify/LineItem/2160300228686,6475,20250324,20,1759,55,1,1,595.93,595.93,655.523,59.593,10.0
gid://shopify/LineItem/2151850639438,470,20250318,20,1760,16,1,1,562.13,562.13,618.343,56.213,10.0
gid://shopify/LineItem/2155989827662,3541,20250321,20,1761,16,1,1,570.33,570.33,627.363,57.033,10.0
gid://shopify/LineItem/2155923406926,3498,20250321,20,1762,244,1,1,703.13,703.13,773.443,70.313,10.0
gid://shopify/LineItem/2153328672846,1435,20250319,20,388,177,1,1,555.93,555.93,611.523,55.593,10.0
gid://shopify/LineItem/2155069538382,2911,20250320,20,1763,125,1,1,634.33,634.33,697.763,63.433,10.0
gid://shopify/LineItem/2160327360590,6506,20250324,20,1469,173,1,1,547.93,547.93,602.723,54.793,10.0
gid://shopify/LineItem/2156766298190,4143,20250322,20,468,39,1,1,633.13,633.13,696.443,63.313,10.0
gid://shopify/LineItem/2152126873678,662,20250318,20,75,59,1,1,671.13,671.13,738.243,67.113,10.0
gid://shopify/LineItem/2160766517326,6902,20250324,20,1764,161,1,1,531.93,531.93,585.123,53.193,10.0
gid://shopify/LineItem/2157115113550,4391,20250322,20,1765,39,1,1,497.13,497.13,546.843,49.713,10.0
gid://shopify/LineItem/2154687103054,2488,20250320,20,1766,410,1,1,555.13,555.13,610.643,55.513,10.0
gid://shopify/LineItem/2154402021454,2173,20250320,20,1767,5,1,1,497.13,497.13,546.843,49.713,10.0
gid://shopify/LineItem/2151827931214,446,20250318,20,1723,12,1,1,691.13,691.13,760.243,69.113,10.0
gid://shopify/LineItem/2155887231054,3457,20250321,20,1768,411,1,1,531.93,531.93,585.123,53.193,10.0
gid://shopify/LineItem/2160717037646,6862,20250324,20,117,134,1,1,594.33,594.33,653.763,59.433,10.0
gid://shopify/LineItem/2154591846478,2391,20250320,488,1769,163,1,1,537.13,537.13,590.843,53.713,10.0
gid://shopify/LineItem/2158538784846,5376,20250323,488,1571,261,1,1,1125.13,1125.13,1237.643,112.513,10.0
gid://shopify/LineItem/2159247949902,5812,20250323,488,1770,361,1,1,595.93,595.93,655.523,59.593,10.0
gid://shopify/LineItem/2154751590478,2568,20250320,489,1771,176,1,1,579.93,579.93,637.923,57.993,10.0
gid://shopify/LineItem/2151567065166,226,20250318,1,1772,39,1,1,501.53,501.53,551.683,50.153,10.0
gid://shopify/LineItem/2154490069070,2283,20250320,291,1773,319,1,1,733.13,733.13,806.443,73.313,10.0
gid://shopify/LineItem/2154614718542,2419,20250320,490,301,276,1,1,723.13,723.13,795.443,72.313,10.0
gid://shopify/LineItem/2154789535822,2616,20250320,490,1774,372,1,1,693.13,693.13,762.443,69.313,10.0
gid://shopify/LineItem/2153406005326,1484,20250319,490,1425,321,1,1,744.73,744.73,819.203,74.473,10.0
gid://shopify/LineItem/2158166474830,5266,20250322,490,1346,46,1,1,587.93,587.93,646.723,58.793,10.0
gid://shopify/LineItem/2158195802190,5277,20250322,490,1775,150,1,1,571.93,571.93,629.123,57.193,10.0
gid://shopify/LineItem/2161476927566,7412,20250324,490,1457,106,1,1,625.13,625.13,687.643,62.513,10.0
gid://shopify/LineItem/2153078751310,1200,20250319,491,1664,412,1,1,625.13,625.13,687.643,62.513,10.0
gid://shopify/LineItem/2155176755278,3011,20250320,491,583,145,1,1,537.13,537.13,590.843,53.713,10.0
gid://shopify/LineItem/2153655730254,1723,20250319,491,1776,413,1,1,767.13,767.13,843.843,76.713,10.0
gid://shopify/LineItem/2154474668110,2266,20250320,491,1777,406,1,1,587.93,587.93,646.723,58.793,10.0
gid://shopify/LineItem/2153787654222,1855,20250319,382,1778,76,1,1,527.13,527.13,579.843,52.713,10.0
gid://shopify/LineItem/2155818287182,3388,20250321,382,1779,215,1,1,527.13,527.13,579.843,52.713,10.0
gid://shopify/LineItem/2156163432526,3687,20250321,382,1780,181,1,1,509.53,509.53,560.483,50.953,10.0
gid://shopify/LineItem/2157032079438,4263,20250322,492,1781,40,1,1,517.13,517.13,568.843,51.713,10.0
gid://shopify/LineItem/2153516859470,1581,20250319,492,1782,232,1,1,571.93,571.93,629.123,57.193,10.0
gid://shopify/LineItem/2154370334798,2129,20250320,492,1783,229,1,1,556.13,556.13,611.743,55.613,10.0
gid://shopify/LineItem/2154426433614,2209,20250320,493,1784,89,1,1,537.13,537.13,590.843,53.713,10.0
gid://shopify/LineItem/2158955331662,5611,20250323,493,90,305,1,1,517.53,517.53,569.283,51.753,10.0
gid://shopify/LineItem/2154892132430,2707,20250320,383,317,133,1,1,537.13,537.13,590.843,53.713,10.0
gid://shopify/LineItem/2156035276878,3590,20250321,383,1602,108,1,1,557.13,557.13,612.843,55.713,10.0
gid://shopify/LineItem/2157471137870,4750,20250322,383,1785,187,1,1,537.13,537.13,590.843,53.713,10.0
gid://shopify/LineItem/2156430688334,3913,20250321,383,1524,339,1,1,595.93,595.93,655.523,59.593,10.0
gid://shopify/LineItem/2157405241422,4697,20250322,383,903,414,1,1,517.53,517.53,569.283,51.753,10.0
gid://shopify/LineItem/2160526032974,6693,20250324,383,1786,235,1,1,517.53,517.53,569.283,51.753,10.0
gid://shopify/LineItem/2152432238670,851,20250318,338,1787,252,1,1,517.13,517.13,568.843,51.713,10.0
gid://shopify/LineItem/2156548718670,4014,20250321,494,1788,305,1,1,537.13,537.13,590.843,53.713,10.0
gid://shopify/LineItem/2153045131342,1168,20250319,494,181,282,1,1,595.93,595.93,655.523,59.593,10.0
gid://shopify/LineItem/2151663730766,306,20250318,185,1789,118,1,1,635.13,635.13,698.643,63.513,10.0
gid://shopify/LineItem/2154600988750,2400,20250320,185,1790,118,1,1,635.13,635.13,698.643,63.513,10.0
gid://shopify/LineItem/2154689953870,2494,20250320,185,1791,286,1,1,537.13,537.13,590.843,53.713,10.0
gid://shopify/LineItem/2156631359566,4062,20250321,185,362,148,1,1,537.13,537.13,590.843,53.713,10.0
gid://shopify/LineItem/2151449329742,104,20250318,191,1792,13,1,1,509.53,509.53,560.483,50.953,10.0
gid://shopify/LineItem/2157857833038,5047,20250322,191,1793,20,1,1,571.93,571.93,629.123,57.193,10.0
gid://shopify/LineItem/2161176739918,7216,20250324,191,1794,69,1,1,611.93,611.93,673.123,61.193,10.0
gid://shopify/LineItem/2159122284622,5725,20250323,1,1795,79,1,1,555.93,555.93,611.523,55.593,10.0
gid://shopify/LineItem/2155765432398,3338,20250321,495,1763,26,1,1,527.13,527.13,579.843,52.713,10.0
gid://shopify/LineItem/2157526614094,4793,20250322,495,1796,204,1,1,625.13,625.13,687.643,62.513,10.0
gid://shopify/LineItem/2159700410446,6114,20250323,495,1797,73,1,1,527.13,527.13,579.843,52.713,10.0
gid://shopify/LineItem/2160129015886,6273,20250324,495,1798,182,1,1,605.13,605.13,665.643,60.513,10.0
gid://shopify/LineItem/2160145727566,6283,20250324,495,1799,19,1,1,762.13,762.13,838.343,76.213,10.0
gid://shopify/LineItem/2153788538958,1857,20250319,495,1769,145,1,1,509.53,509.53,560.483,50.953,10.0
gid://shopify/LineItem/2160285876302,6460,20250324,495,1800,76,1,1,650.33,650.33,715.363,65.033,10.0
gid://shopify/LineItem/2155216175182,3056,20250320,339,1801,16,1,1,693.13,693.13,762.443,69.313,10.0
gid://shopify/LineItem/2155113087054,2953,20250320,339,1689,149,1,1,571.93,571.93,629.123,57.193,10.0
gid://shopify/LineItem/2157096665166,4358,20250322,339,1802,29,1,1,632.73,632.73,696.003,63.273,10.0
gid://shopify/LineItem/2160143302734,6281,20250324,339,1803,92,1,1,501.53,501.53,551.683,50.153,10.0
gid://shopify/LineItem/2153245212750,1356,20250319,340,1804,170,1,1,517.13,517.13,568.843,51.713,10.0
gid://shopify/LineItem/2157489258574,4765,20250322,340,1805,40,1,1,615.13,615.13,676.643,61.513,10.0
gid://shopify/LineItem/2151562707022,222,20250318,340,1806,415,1,1,579.93,579.93,637.923,57.993,10.0
gid://shopify/LineItem/2152044331086,600,20250318,340,149,416,1,1,501.53,501.53,551.683,50.153,10.0
gid://shopify/LineItem/2152866938958,996,20250319,340,1807,74,1,1,501.53,501.53,551.683,50.153,10.0
gid://shopify/LineItem/2155054497870,2894,20250320,340,1808,218,1,1,610.33,610.33,671.363,61.033,10.0
gid://shopify/LineItem/2156575227982,4030,20250321,340,1809,150,1,1,571.93,571.93,629.123,57.193,10.0
gid://shopify/LineItem/2157233569870,4527,20250322,340,1810,44,1,1,501.53,501.53,551.683,50.153,10.0
gid://shopify/LineItem/2156159467598,3684,20250321,340,1811,55,1,1,644.63,644.63,709.093,64.463,10.0
gid://shopify/LineItem/2155215159374,3054,20250320,496,1812,269,1,1,537.13,537.13,590.843,53.713,10.0
gid://shopify/LineItem/2155420549198,3180,20250321,496,478,165,1,1,674.33,674.33,741.763,67.433,10.0
gid://shopify/LineItem/2151809515598,431,20250318,385,1813,191,1,1,517.13,517.13,568.843,51.713,10.0
gid://shopify/LineItem/2158525907022,5369,20250323,385,1814,143,1,1,706.33,706.33,776.963,70.633,10.0
gid://shopify/LineItem/2152927658062,1050,20250319,497,1268,121,1,1,537.13,537.13,590.843,53.713,10.0
gid://shopify/LineItem/2158568603726,5389,20250323,498,1591,324,1,1,517.13,517.13,568.843,51.713,10.0
gid://shopify/LineItem/2160664641614,6805,20250324,450,1815,417,1,1,633.13,633.13,696.443,63.313,10.0
gid://shopify/LineItem/2152367358030,806,20250318,450,1816,1,1,1,658.33,658.33,724.163,65.833,10.0
gid://shopify/LineItem/2154383573070,2141,20250320,485,1817,80,1,1,625.13,625.13,687.643,62.513,10.0
gid://shopify/LineItem/2159136243790,5732,20250323,485,1818,10,1,1,579.93,579.93,637.923,57.993,10.0
gid://shopify/LineItem/2159394521166,5909,20250323,1,1819,105,1,1,927.13,927.13,1019.843,92.713,10.0
gid://shopify/LineItem/2160697016398,6839,20250324,499,1820,35,1,1,625.13,625.13,687.643,62.513,10.0
gid://shopify/LineItem/2155976360014,3532,20250321,499,1011,152,1,1,602.33,602.33,662.563,60.233,10.0
gid://shopify/LineItem/2154498883662,2299,20250320,341,1821,89,1,1,643.13,643.13,707.443,64.313,10.0
gid://shopify/LineItem/2151145930830,5,20250318,343,1822,83,1,1,517.13,517.13,568.843,51.713,10.0
gid://shopify/LineItem/2160212738126,6339,20250324,343,1823,89,1,1,517.13,517.13,568.843,51.713,10.0
gid://shopify/LineItem/2153885401166,1924,20250319,343,1824,188,1,1,501.53,501.53,551.683,50.153,10.0
gid://shopify/LineItem/2157079887950,4341,20250322,343,1825,60,1,1,501.53,501.53,551.683,50.153,10.0
gid://shopify/LineItem/2152456847438,865,20250318,386,1826,72,1,1,615.13,615.13,676.643,61.513,10.0
gid://shopify/LineItem/2157412417614,4701,20250322,500,1552,119,1,1,666.33,666.33,732.963,66.633,10.0
gid://shopify/LineItem/2159985655886,6248,20250324,500,1827,35,1,1,658.33,658.33,724.163,65.833,10.0
gid://shopify/LineItem/2153234169934,1347,20250319,292,1828,19,1,1,821.13,821.13,903.243,82.113,10.0
gid://shopify/LineItem/2160205004878,6334,20250324,292,500,70,1,1,527.13,527.13,579.843,52.713,10.0
gid://shopify/LineItem/2159090303054,5696,20250323,292,1508,113,1,1,563.93,563.93,620.323,56.393,10.0
gid://shopify/LineItem/2151780253774,404,20250318,344,1829,386,1,1,537.13,537.13,590.843,53.713,10.0
gid://shopify/LineItem/2160546218062,6712,20250324,344,1440,10,1,1,1017.13,1017.13,1118.843,101.713,10.0
gid://shopify/LineItem/2158773960782,5490,20250323,344,1830,55,1,1,517.53,517.53,569.283,51.753,10.0
gid://shopify/LineItem/2153653043278,1719,20250319,501,1831,204,1,1,635.13,635.13,698.643,63.513,10.0
gid://shopify/LineItem/2157864550478,5056,20250322,474,1727,212,1,1,587.93,587.93,646.723,58.793,10.0
gid://shopify/LineItem/2155182817358,3018,20250320,502,1832,134,1,1,547.93,547.93,602.723,54.793,10.0
gid://shopify/LineItem/2153190686798,1311,20250319,503,88,150,1,1,605.13,605.13,665.643,60.513,10.0
gid://shopify/LineItem/2155225415758,3066,20250320,503,1833,12,1,1,517.53,517.53,569.283,51.753,10.0
gid://shopify/LineItem/2157997228110,5167,20250322,503,1834,311,1,1,595.93,595.93,655.523,59.593,10.0
gid://shopify/LineItem/2155606310990,3216,20250321,504,698,35,1,1,517.13,517.13,568.843,51.713,10.0
gid://shopify/LineItem/2159576711246,6026,20250323,505,1835,301,1,1,635.13,635.13,698.643,63.513,10.0
gid://shopify/LineItem/2158763049038,5485,20250323,505,1260,103,1,1,517.53,517.53,569.283,51.753,10.0
gid://shopify/LineItem/2154616225870,2421,20250320,506,1836,172,1,1,527.13,527.13,579.843,52.713,10.0
gid://shopify/LineItem/2155451613262,3191,20250321,507,1837,1,1,1,517.13,517.13,568.843,51.713,10.0
gid://shopify/LineItem/2156106383438,3640,20250321,507,1838,16,1,1,517.13,517.13,568.843,51.713,10.0
gid://shopify/LineItem/2157271515214,4568,20250322,507,1839,29,1,1,517.13,517.13,568.843,51.713,10.0
gid://shopify/LineItem/2156053921870,3607,20250321,508,1840,418,1,1,615.13,615.13,676.643,61.513,10.0
gid://shopify/LineItem/2160643637326,6788,20250324,1,1841,149,1,1,713.13,713.13,784.443,71.313,10.0
gid://shopify/LineItem/2161087119438,7147,20250324,1,1842,93,1,1,517.13,517.13,568.843,51.713,10.0
gid://shopify/LineItem/2153696428110,1758,20250319,294,1843,74,1,1,537.13,537.13,590.843,53.713,10.0
gid://shopify/LineItem/2153843392590,1896,20250319,294,1844,1,1,1,537.13,537.13,590.843,53.713,10.0
gid://shopify/LineItem/2154415128654,2188,20250320,294,1845,197,1,1,625.13,625.13,687.643,62.513,10.0
gid://shopify/LineItem/2155983536206,3538,20250321,294,1846,252,1,1,635.13,635.13,698.643,63.513,10.0
gid://shopify/LineItem/2152472281166,872,20250318,294,1383,17,1,1,736.73,736.73,810.403,73.673,10.0
gid://shopify/LineItem/2157855178830,5042,20250322,294,1556,19,1,1,595.93,595.93,655.523,59.593,10.0
gid://shopify/LineItem/2151670972494,312,20250318,294,1847,1,1,1,537.13,537.13,590.843,53.713,10.0
gid://shopify/LineItem/2153620996174,1685,20250319,294,1148,108,1,1,899.13,899.13,989.043,89.913,10.0
gid://shopify/LineItem/2154949509198,2767,20250320,294,1848,260,1,1,517.53,517.53,569.283,51.753,10.0
gid://shopify/LineItem/2155108466766,2950,20250320,294,533,183,1,1,595.93,595.93,655.523,59.593,10.0
gid://shopify/LineItem/2159970058318,6245,20250324,294,1849,308,1,1,595.93,595.93,655.523,59.593,10.0
gid://shopify/LineItem/2160715432014,6860,20250324,388,1850,80,1,1,585.13,585.13,643.643,58.513,10.0
gid://shopify/LineItem/2153362882638,1451,20250319,1,1851,317,1,1,517.13,517.13,568.843,51.713,10.0
gid://shopify/LineItem/2153442017358,1516,20250319,1,1541,3,1,1,615.13,615.13,676.643,61.513,10.0
gid://shopify/LineItem/2154276552782,2067,20250320,509,1852,153,1,1,585.13,585.13,643.643,58.513,10.0
gid://shopify/LineItem/2152912126030,1033,20250319,294,292,92,1,1,595.13,595.13,654.643,59.513,10.0
gid://shopify/LineItem/2153523642446,1588,20250319,294,1853,419,1,1,537.13,537.13,590.843,53.713,10.0
gid://shopify/LineItem/2155060920398,2900,20250320,294,1174,18,1,1,537.13,537.13,590.843,53.713,10.0
gid://shopify/LineItem/2155755700302,3328,20250321,294,1854,95,1,1,537.13,537.13,590.843,53.713,10.0
gid://shopify/LineItem/2157491060814,4766,20250322,294,127,29,1,1,635.13,635.13,698.643,63.513,10.0
gid://shopify/LineItem/2157972619342,5151,20250322,294,1855,1,1,1,831.13,831.13,914.243,83.113,10.0
gid://shopify/LineItem/2155245273166,3082,20250320,294,947,121,1,1,595.93,595.93,655.523,59.593,10.0
gid://shopify/LineItem/2158213365838,5282,20250323,294,1856,100,1,1,744.73,744.73,819.203,74.473,10.0
gid://shopify/LineItem/2161250074702,7283,20250324,294,1857,63,1,1,635.13,635.13,698.643,63.513,10.0
gid://shopify/LineItem/2161158357070,7195,20250324,177,1858,24,1,1,565.13,565.13,621.643,56.513,10.0
gid://shopify/LineItem/2156295684174,3799,20250321,20,1859,420,1,1,585.13,585.13,643.643,58.513,10.0
gid://shopify/LineItem/2159550791758,6011,20250323,177,1860,176,1,1,634.33,634.33,697.763,63.433,10.0
gid://shopify/LineItem/2151696924750,330,20250318,20,311,421,1,1,497.13,497.13,546.843,49.713,10.0
gid://shopify/LineItem/2151920631886,520,20250318,20,1861,20,1,1,701.13,701.13,771.243,70.113,10.0
gid://shopify/LineItem/2152457076814,866,20250318,20,1862,53,1,1,585.13,585.13,643.643,58.513,10.0
gid://shopify/LineItem/2153310781518,1422,20250319,20,1863,87,1,1,555.13,555.13,610.643,55.513,10.0
gid://shopify/LineItem/2154712989774,2517,20250320,20,763,237,1,1,673.13,673.13,740.443,67.313,10.0
gid://shopify/LineItem/2151142457422,3,20250318,20,1864,119,1,1,531.93,531.93,585.123,53.193,10.0
gid://shopify/LineItem/2152906752078,1023,20250319,20,1865,80,1,1,563.93,563.93,620.323,56.393,10.0
gid://shopify/LineItem/2160254124110,6410,20250324,20,1255,172,1,1,531.93,531.93,585.123,53.193,10.0
gid://shopify/LineItem/2161213538382,7247,20250324,177,1866,28,1,1,497.13,497.13,546.843,49.713,10.0
gid://shopify/LineItem/2159485878350,5963,20250323,20,1867,74,1,1,555.13,555.13,610.643,55.513,10.0
gid://shopify/LineItem/2158071382094,5217,20250322,510,1868,69,1,1,587.93,587.93,646.723,58.793,10.0
gid://shopify/LineItem/2153222438990,1338,20250319,177,502,145,1,1,497.13,497.13,546.843,49.713,10.0
gid://shopify/LineItem/2156652134478,4082,20250321,389,1869,252,1,1,527.13,527.13,579.843,52.713,10.0
gid://shopify/LineItem/2160342433870,6519,20250324,346,1331,161,1,1,625.13,625.13,687.643,62.513,10.0
gid://shopify/LineItem/2155723030606,3293,20250321,346,1870,9,1,1,509.53,509.53,560.483,50.953,10.0
gid://shopify/LineItem/2155146870862,2982,20250320,333,1871,77,1,1,509.53,509.53,560.483,50.953,10.0
gid://shopify/LineItem/2161091706958,7152,20250324,177,1872,92,1,1,517.13,517.13,568.843,51.713,10.0
gid://shopify/LineItem/2153128689742,1251,20250319,177,1873,196,1,1,683.13,683.13,751.443,68.313,10.0
gid://shopify/LineItem/2155341545550,3144,20250320,177,1042,50,1,1,801.13,801.13,881.243,80.113,10.0
gid://shopify/LineItem/2154390257742,2153,20250320,177,1874,302,1,1,501.53,501.53,551.683,50.153,10.0
gid://shopify/LineItem/2154442817614,2225,20250320,177,1875,5,1,1,517.13,517.13,568.843,51.713,10.0
gid://shopify/LineItem/2157200080974,4489,20250322,177,1876,92,1,1,517.13,517.13,568.843,51.713,10.0
gid://shopify/LineItem/2157430734926,4720,20250322,177,1877,28,1,1,517.13,517.13,568.843,51.713,10.0
gid://shopify/LineItem/2151661862990,304,20250318,177,1878,128,1,1,610.33,610.33,671.363,61.033,10.0
gid://shopify/LineItem/2161479876686,7414,20250324,177,1879,218,1,1,497.63,497.63,547.393,49.763,10.0
gid://shopify/LineItem/2153538551886,1603,20250319,177,1880,142,1,1,579.93,579.93,637.923,57.993,10.0
gid://shopify/LineItem/2157350223950,4647,20250322,179,933,195,1,1,537.13,537.13,590.843,53.713,10.0
gid://shopify/LineItem/2155184357454,3021,20250320,179,1881,16,1,1,517.53,517.53,569.283,51.753,10.0
gid://shopify/LineItem/2155743707214,3318,20250321,179,1112,342,1,1,488.13,488.13,536.943,48.813,10.0
gid://shopify/LineItem/2154903765070,2717,20250320,179,925,99,1,1,733.13,733.13,806.443,73.313,10.0
gid://shopify/LineItem/2156158845006,3682,20250321,179,1882,53,1,1,635.13,635.13,698.643,63.513,10.0
gid://shopify/LineItem/2157848657998,5038,20250322,179,207,8,1,1,537.13,537.13,590.843,53.713,10.0
gid://shopify/LineItem/2152083947598,638,20250318,179,1883,9,1,1,595.93,595.93,655.523,59.593,10.0
gid://shopify/LineItem/2156276088910,3786,20250321,297,1884,422,1,1,586.13,586.13,644.743,58.613,10.0
gid://shopify/LineItem/2159317483598,5852,20250323,20,1885,135,1,1,547.13,547.13,601.843,54.713,10.0
gid://shopify/LineItem/2157778206798,4992,20250322,390,1886,58,1,1,593.13,593.13,652.443,59.313,10.0
gid://shopify/LineItem/2160452665422,6617,20250324,390,1887,50,1,1,505.13,505.13,555.643,50.513,10.0
gid://shopify/LineItem/2156407160910,3889,20250321,511,1888,310,1,1,505.13,505.13,555.643,50.513,10.0
gid://shopify/LineItem/2156502384718,3980,20250321,392,1889,145,1,1,509.13,509.13,560.043,50.913,10.0
gid://shopify/LineItem/2160249962574,6398,20250324,392,1890,165,1,1,464.13,464.13,510.543,46.413,10.0
gid://shopify/LineItem/2154666426446,2469,20250320,392,1891,28,1,1,562.13,562.13,618.343,56.213,10.0
gid://shopify/LineItem/2154092593230,2039,20250320,392,1643,95,1,1,514.13,514.13,565.543,51.413,10.0
gid://shopify/LineItem/2157201162318,4492,20250322,392,1892,99,1,1,662.33,662.33,728.563,66.233,10.0
gid://shopify/LineItem/2159808905294,6181,20250323,392,326,343,1,1,514.13,514.13,565.543,51.413,10.0
gid://shopify/LineItem/2156999835726,4208,20250322,392,1893,155,1,1,532.13,532.13,585.343,53.213,10.0
gid://shopify/LineItem/2154407198798,2178,20250320,1,1894,212,1,1,507.13,507.13,557.843,50.713,10.0
gid://shopify/LineItem/2160270966862,6433,20250324,512,1292,109,1,1,507.13,507.13,557.843,50.713,10.0
gid://shopify/LineItem/2158194720846,5276,20250322,1,699,237,1,1,493.53,493.53,542.883,49.353,10.0
gid://shopify/LineItem/2152128839758,666,20250318,393,1624,76,1,1,555.93,555.93,611.523,55.593,10.0
gid://shopify/LineItem/2155452530766,3192,20250321,393,1198,3,1,1,547.93,547.93,602.723,54.793,10.0
gid://shopify/LineItem/2158231552078,5290,20250323,1,1895,20,1,1,507.13,507.13,557.843,50.713,10.0
gid://shopify/LineItem/2160572825678,6727,20250324,1,817,19,1,1,805.53,805.53,886.083,80.553,10.0
gid://shopify/LineItem/2161357946958,7341,20250324,513,1896,182,1,1,683.13,683.13,751.443,68.313,10.0
gid://shopify/LineItem/2160271720526,6434,20250324,177,1128,176,1,1,537.13,537.13,590.843,53.713,10.0
gid://shopify/LineItem/2151807680590,428,20250318,514,82,286,1,1,517.13,517.13,568.843,51.713,10.0
gid://shopify/LineItem/2155090116686,2935,20250320,1,1897,1,1,1,507.13,507.13,557.843,50.713,10.0
gid://shopify/LineItem/2156986925134,4193,20250322,1,1898,289,1,1,623.13,623.13,685.443,62.313,10.0
gid://shopify/LineItem/2160849092686,6959,20250324,515,535,161,1,1,525.53,525.53,578.083,52.553,10.0
gid://shopify/LineItem/2153381920846,1463,20250319,176,1899,121,1,1,625.13,625.13,687.643,62.513,10.0
gid://shopify/LineItem/2152030994510,589,20250318,20,1900,121,1,1,619.93,619.93,681.923,61.993,10.0
gid://shopify/LineItem/2154665902158,2468,20250320,349,1548,106,1,1,617.13,617.13,678.843,61.713,10.0
gid://shopify/LineItem/2157994672206,5162,20250322,349,1901,279,1,1,617.13,617.13,678.843,61.713,10.0
gid://shopify/LineItem/2151397261390,65,20250318,516,1902,74,1,1,617.13,617.13,678.843,61.713,10.0
gid://shopify/LineItem/2153132982350,1253,20250319,517,1903,270,1,1,637.13,637.13,700.843,63.713,10.0
gid://shopify/LineItem/2160377331790,6557,20250324,518,1693,55,1,1,597.13,597.13,656.843,59.713,10.0
gid://shopify/LineItem/2159780298830,6167,20250323,1,1904,2,1,1,695.13,695.13,764.643,69.513,10.0
gid://shopify/LineItem/2154753523790,2573,20250320,1,627,16,1,1,565.53,565.53,622.083,56.553,10.0
gid://shopify/LineItem/2155148673102,2987,20250320,380,1905,423,1,1,587.13,587.13,645.843,58.713,10.0
gid://shopify/LineItem/2154763812942,2586,20250320,380,1906,125,1,1,643.23,643.23,707.553,64.323,10.0
gid://shopify/LineItem/2153540288590,1605,20250319,299,1907,35,1,1,567.13,567.13,623.843,56.713,10.0
gid://shopify/LineItem/2157174653006,4465,20250322,177,1908,204,1,1,579.93,579.93,637.923,57.993,10.0
gid://shopify/LineItem/2159672197198,6086,20250323,20,1425,172,1,1,517.13,517.13,568.843,51.713,10.0
gid://shopify/LineItem/2155997593678,3546,20250321,20,1909,19,1,1,501.53,501.53,551.683,50.153,10.0
gid://shopify/LineItem/2160050241614,6262,20250324,20,1910,223,1,1,673.88,673.88,741.268,67.388,10.0
gid://shopify/LineItem/2160387391566,6566,20250324,301,665,76,1,1,556.13,556.13,611.743,55.613,10.0
gid://shopify/LineItem/2153613197390,1679,20250319,301,1911,169,1,1,541.53,541.53,595.683,54.153,10.0
gid://shopify/LineItem/2159818375246,6184,20250323,301,1912,424,1,1,772.13,772.13,849.343,77.213,10.0
gid://shopify/LineItem/2159589130318,6036,20250323,177,1913,13,1,1,664.13,664.13,730.543,66.413,10.0
gid://shopify/LineItem/2157875200078,5067,20250322,177,1914,307,1,1,664.13,664.13,730.543,66.413,10.0
gid://shopify/LineItem/2154622877774,2424,20250320,177,1915,419,1,1,517.13,517.13,568.843,51.713,10.0
gid://shopify/LineItem/2160197763150,6320,20250324,519,1916,341,1,1,459.13,459.13,505.043,45.913,10.0
gid://shopify/LineItem/2154354507854,2106,20250320,209,1917,202,1,1,547.13,547.13,601.843,54.713,10.0
gid://shopify/LineItem/2160498376782,6670,20250324,520,1918,394,1,1,468.13,468.13,514.943,46.813,10.0
gid://shopify/LineItem/2154126966862,2047,20250320,2,1215,181,1,1,464.13,464.13,510.543,46.413,10.0
gid://shopify/LineItem/2160565551182,6723,20250324,2,1698,46,1,1,556.13,556.13,611.743,55.613,10.0
gid://shopify/LineItem/2156553109582,4018,20250321,521,1919,108,1,1,627.93,627.93,690.723,62.793,10.0
gid://shopify/LineItem/2156685525070,4107,20250321,2,1920,298,1,1,546.13,546.13,600.743,54.613,10.0
gid://shopify/LineItem/2156264587342,3777,20250321,522,1904,224,1,1,462.33,462.33,508.563,46.233,10.0
gid://shopify/LineItem/2160874848334,6982,20250324,1,1921,87,1,1,576.13,576.13,633.743,57.613,10.0
gid://shopify/LineItem/2154727211086,2537,20250320,2,98,79,1,1,644.73,644.73,709.203,64.473,10.0
gid://shopify/LineItem/2156245778510,3760,20250321,2,260,8,1,1,501.38,501.38,551.518,50.138,10.0
gid://shopify/LineItem/2157533823054,4796,20250322,1,1922,360,1,1,458.13,458.13,503.943,45.813,10.0
gid://shopify/LineItem/2159317385294,5851,20250323,1,1764,16,1,1,586.13,586.13,644.743,58.613,10.0
gid://shopify/LineItem/2153512370254,1573,20250319,523,1565,119,1,1,488.13,488.13,536.943,48.813,10.0
gid://shopify/LineItem/2153951625294,1962,20250319,524,1923,83,1,1,801.13,801.13,881.243,80.113,10.0
gid://shopify/LineItem/2159266627662,5823,20250323,1,236,258,1,1,488.13,488.13,536.943,48.813,10.0
gid://shopify/LineItem/2161486757966,7418,20250324,1,1924,72,1,1,488.13,488.13,536.943,48.813,10.0
gid://shopify/LineItem/2156531613774,4004,20250321,1,665,237,1,1,488.13,488.13,536.943,48.813,10.0
gid://shopify/LineItem/2159222653006,5791,20250323,1,1255,145,1,1,556.73,556.73,612.403,55.673,10.0
gid://shopify/LineItem/2155156537422,2995,20250320,20,502,281,1,1,517.13,517.13,568.843,51.713,10.0
gid://shopify/LineItem/2158590361678,5404,20250323,525,1925,126,1,1,501.53,501.53,551.683,50.153,10.0
gid://shopify/LineItem/2151859159118,474,20250318,1,1926,17,1,1,517.13,517.13,568.843,51.713,10.0
gid://shopify/LineItem/2151788347470,416,20250318,177,1325,263,1,1,517.13,517.13,568.843,51.713,10.0
gid://shopify/LineItem/2152067596366,623,20250318,177,1927,24,1,1,517.13,517.13,568.843,51.713,10.0
gid://shopify/LineItem/2155891130446,3463,20250321,177,1928,298,1,1,517.13,517.13,568.843,51.713,10.0
gid://shopify/LineItem/2157037256782,4276,20250322,1,1929,424,1,1,517.13,517.13,568.843,51.713,10.0
gid://shopify/LineItem/2157003309134,4213,20250322,1,1930,190,1,1,713.13,713.13,784.443,71.313,10.0
gid://shopify/LineItem/2151590592590,249,20250318,177,1931,204,1,1,615.13,615.13,676.643,61.513,10.0
gid://shopify/LineItem/2154311811150,2072,20250320,1,820,94,1,1,663.13,663.13,729.443,66.313,10.0
gid://shopify/LineItem/2161233035342,7264,20250324,1,1932,24,1,1,585.13,585.13,643.643,58.513,10.0
gid://shopify/LineItem/2153272934478,1386,20250319,1,1933,117,1,1,517.13,517.13,568.843,51.713,10.0
gid://shopify/LineItem/2154905993294,2720,20250320,395,1934,212,1,1,545.13,545.13,599.643,54.513,10.0
gid://shopify/LineItem/2153273360462,1387,20250319,301,1935,425,1,1,493.53,493.53,542.883,49.353,10.0
gid://shopify/LineItem/2153067282510,1188,20250319,1,1936,16,1,1,517.13,517.13,568.843,51.713,10.0
gid://shopify/LineItem/2155063050318,2905,20250320,1,1937,74,1,1,517.13,517.13,568.843,51.713,10.0
gid://shopify/LineItem/2157144670286,4429,20250322,177,1938,78,1,1,501.53,501.53,551.683,50.153,10.0
gid://shopify/LineItem/2155181965390,3013,20250320,1,1939,92,1,1,517.13,517.13,568.843,51.713,10.0
gid://shopify/LineItem/2154456154190,2243,20250320,526,1940,69,1,1,555.13,555.13,610.643,55.513,10.0
gid://shopify/LineItem/2154361520206,2116,20250320,1,1941,273,1,1,517.13,517.13,568.843,51.713,10.0
gid://shopify/LineItem/2154433871950,2217,20250320,1,1942,208,1,1,703.13,703.13,773.443,70.313,10.0
gid://shopify/LineItem/2157384040526,4675,20250322,2,310,46,1,1,487.13,487.13,535.843,48.713,10.0
gid://shopify/LineItem/2160217227342,6345,20250324,2,232,267,1,1,487.13,487.13,535.843,48.713,10.0
gid://shopify/LineItem/2153088450638,1216,20250319,179,1943,187,1,1,625.13,625.13,687.643,62.513,10.0
gid://shopify/LineItem/2151755448398,375,20250318,174,1944,284,1,1,539.93,539.93,593.923,53.993,10.0
gid://shopify/LineItem/2154927161422,2746,20250320,174,718,46,1,1,556.13,556.13,611.743,55.613,10.0
gid://shopify/LineItem/2159979266126,6247,20250324,321,1945,52,1,1,485.53,485.53,534.083,48.553,10.0
gid://shopify/LineItem/2161399660622,7367,20250324,527,1946,159,1,1,497.13,497.13,546.843,49.713,10.0
gid://shopify/LineItem/2158146781262,5257,20250322,528,1947,69,1,1,693.13,693.13,762.443,69.313,10.0
gid://shopify/LineItem/2154337271886,2081,20250320,529,1948,69,1,1,497.13,497.13,546.843,49.713,10.0
gid://shopify/LineItem/2153810296910,1869,20250319,20,1949,336,1,1,509.53,509.53,560.483,50.953,10.0
gid://shopify/LineItem/2153337061454,1441,20250319,182,1950,216,1,1,537.13,537.13,590.843,53.713,10.0
gid://shopify/LineItem/2151955398734,544,20250318,530,1149,266,1,1,509.53,509.53,560.483,50.953,10.0
gid://shopify/LineItem/2155854954574,3428,20250321,531,1951,136,1,1,517.53,517.53,569.283,51.753,10.0
gid://shopify/LineItem/2160492019790,6662,20250324,179,1952,188,1,1,635.13,635.13,698.643,63.513,10.0
gid://shopify/LineItem/2157991493710,5161,20250322,188,1953,145,1,1,537.13,537.13,590.843,53.713,10.0
gid://shopify/LineItem/2153967779918,1971,20250319,188,1954,123,1,1,674.33,674.33,741.763,67.433,10.0
gid://shopify/LineItem/2157012975694,4231,20250322,188,1955,74,1,1,666.33,666.33,732.963,66.633,10.0
gid://shopify/LineItem/2153048113230,1171,20250319,188,1956,66,1,1,512.63,512.63,563.893,51.263,10.0
gid://shopify/LineItem/2161096065102,7155,20250324,182,1957,43,1,1,587.93,587.93,646.723,58.793,10.0
gid://shopify/LineItem/2156577292366,4031,20250321,20,1958,64,1,1,585.13,585.13,643.643,58.513,10.0
gid://shopify/LineItem/2159781412942,6169,20250323,20,1578,32,1,1,531.93,531.93,585.123,53.193,10.0
gid://shopify/LineItem/2153462595662,1531,20250319,179,1589,63,1,1,625.13,625.13,687.643,62.513,10.0
gid://shopify/LineItem/2155091558478,2937,20250320,179,1959,8,1,1,625.13,625.13,687.643,62.513,10.0
gid://shopify/LineItem/2159143485518,5734,20250323,179,1960,82,1,1,537.13,537.13,590.843,53.713,10.0
gid://shopify/LineItem/2153272213582,1384,20250319,179,1961,248,1,1,595.93,595.93,655.523,59.593,10.0
gid://shopify/LineItem/2153923149902,1942,20250319,179,1962,426,1,1,517.53,517.53,569.283,51.753,10.0
gid://shopify/LineItem/2159866380366,6212,20250323,177,1963,3,1,1,555.93,555.93,611.523,55.593,10.0
gid://shopify/LineItem/2160420651086,6587,20250324,299,1964,173,1,1,625.13,625.13,687.643,62.513,10.0
gid://shopify/LineItem/2151352139854,41,20250318,188,1965,60,1,1,537.13,537.13,590.843,53.713,10.0
gid://shopify/LineItem/2157515964494,4786,20250322,188,1966,247,1,1,674.33,674.33,741.763,67.433,10.0
gid://shopify/LineItem/2160184950862,6308,20250324,20,1967,200,1,1,485.53,485.53,534.083,48.553,10.0
gid://shopify/LineItem/2159493840974,5974,20250323,21,1968,179,1,1,527.13,527.13,579.843,52.713,10.0
gid://shopify/LineItem/2160379297870,6560,20250324,177,1969,19,1,1,497.13,497.13,546.843,49.713,10.0
gid://shopify/LineItem/2154713251918,2519,20250320,44,1812,294,1,1,537.13,537.13,590.843,53.713,10.0
gid://shopify/LineItem/2152523169870,900,20250318,177,859,224,1,1,555.13,555.13,610.643,55.513,10.0
gid://shopify/LineItem/2151396606030,62,20250318,20,1843,182,1,1,497.13,497.13,546.843,49.713,10.0
gid://shopify/LineItem/2160703340622,6846,20250324,44,1970,424,1,1,512.63,512.63,563.893,51.263,10.0
gid://shopify/LineItem/2157270630478,4564,20250322,21,546,391,1,1,527.13,527.13,579.843,52.713,10.0
gid://shopify/LineItem/2159234973774,5802,20250323,21,1971,427,1,1,509.53,509.53,560.483,50.953,10.0
gid://shopify/LineItem/2161482760270,7415,20250324,21,1972,20,1,1,595.93,595.93,655.523,59.593,10.0
gid://shopify/LineItem/2152146534478,677,20250318,20,1973,194,1,1,497.13,497.13,546.843,49.713,10.0
gid://shopify/LineItem/2160276209742,6442,20250324,20,1974,92,1,1,555.13,555.13,610.643,55.513,10.0
gid://shopify/LineItem/2160711401550,6855,20250324,20,1975,43,1,1,497.13,497.13,546.843,49.713,10.0
gid://shopify/LineItem/2157710803022,4953,20250322,20,1976,41,1,1,571.93,571.93,629.123,57.193,10.0
gid://shopify/LineItem/2153448702030,1523,20250319,532,346,34,1,1,485.53,485.53,534.083,48.553,10.0
gid://shopify/LineItem/2157078937678,4340,20250322,351,1977,133,1,1,517.53,517.53,569.283,51.753,10.0
gid://shopify/LineItem/2152243003470,726,20250318,179,1978,108,1,1,563.93,563.93,620.323,56.393,10.0
gid://shopify/LineItem/2153401778254,1482,20250319,179,1900,2,1,1,517.53,517.53,569.283,51.753,10.0
gid://shopify/LineItem/2160418095182,6585,20250324,179,1251,212,1,1,595.93,595.93,655.523,59.593,10.0
gid://shopify/LineItem/2160318251086,6492,20250324,533,1979,55,1,1,517.53,517.53,569.283,51.753,10.0
gid://shopify/LineItem/2152509800526,895,20250318,177,314,16,1,1,485.53,485.53,534.083,48.553,10.0
gid://shopify/LineItem/2155858296910,3431,20250321,20,951,141,1,1,509.53,509.53,560.483,50.953,10.0
gid://shopify/LineItem/2153883304014,1923,20250319,534,1980,118,1,1,587.93,587.93,646.723,58.793,10.0
gid://shopify/LineItem/2160344170574,6523,20250324,21,1981,202,1,1,563.93,563.93,620.323,56.393,10.0
gid://shopify/LineItem/2161282318414,7305,20250324,21,840,35,1,1,1003.93,1003.93,1104.323,100.393,10.0
gid://shopify/LineItem/2160474325070,6643,20250324,1,1113,145,1,1,485.53,485.53,534.083,48.553,10.0
gid://shopify/LineItem/2160739647566,6882,20250324,182,1982,81,1,1,595.93,595.93,655.523,59.593,10.0
gid://shopify/LineItem/2155605491790,3215,20250321,179,1983,93,1,1,635.13,635.13,698.643,63.513,10.0
gid://shopify/LineItem/2160643080270,6787,20250324,179,1984,69,1,1,517.53,517.53,569.283,51.753,10.0
gid://shopify/LineItem/2161325834318,7324,20250324,20,1985,20,1,1,517.53,517.53,569.283,51.753,10.0
gid://shopify/LineItem/2161129914446,7174,20250324,535,1986,209,1,1,537.13,537.13,590.843,53.713,10.0
gid://shopify/LineItem/2152066318414,621,20250318,1,1290,428,1,1,497.13,497.13,546.843,49.713,10.0
gid://shopify/LineItem/2152982085710,1107,20250319,1,1987,150,1,1,497.13,497.13,546.843,49.713,10.0
gid://shopify/LineItem/2157129007182,4411,20250322,21,1290,35,1,1,635.13,635.13,698.643,63.513,10.0
gid://shopify/LineItem/2160202383438,6330,20250324,21,1988,173,1,1,595.93,595.93,655.523,59.593,10.0
gid://shopify/LineItem/2155799576654,3376,20250321,188,297,311,1,1,635.13,635.13,698.643,63.513,10.0
gid://shopify/LineItem/2157541261390,4803,20250322,21,1989,43,1,1,517.53,517.53,569.283,51.753,10.0
gid://shopify/LineItem/2157945389134,5127,20250322,21,1990,232,1,1,517.53,517.53,569.283,51.753,10.0
gid://shopify/LineItem/2151672119374,314,20250318,179,1991,381,1,1,695.63,695.63,765.193,69.563,10.0
gid://shopify/LineItem/2153706979406,1772,20250319,188,1992,24,1,1,537.13,537.13,590.843,53.713,10.0
gid://shopify/LineItem/2156681035854,4106,20250321,188,600,248,1,1,674.33,674.33,741.763,67.433,10.0
gid://shopify/LineItem/2160466919502,6634,20250324,20,1993,73,1,1,497.13,497.13,546.843,49.713,10.0
gid://shopify/LineItem/2159275638862,5829,20250323,177,1994,19,1,1,625.13,625.13,687.643,62.513,10.0
gid://shopify/LineItem/2157542342734,4805,20250322,179,1995,426,1,1,517.53,517.53,569.283,51.753,10.0
gid://shopify/LineItem/2160859283534,6964,20250324,179,908,119,1,1,517.53,517.53,569.283,51.753,10.0
gid://shopify/LineItem/2153097101390,1224,20250319,299,1996,1,1,1,537.13,537.13,590.843,53.713,10.0
gid://shopify/LineItem/2153588785230,1662,20250319,299,1997,325,1,1,674.33,674.33,741.763,67.433,10.0
gid://shopify/LineItem/2155336204366,3141,20250320,299,745,342,1,1,650.33,650.33,715.363,65.033,10.0
gid://shopify/LineItem/2153211756622,1326,20250319,188,1349,357,1,1,537.13,537.13,590.843,53.713,10.0
gid://shopify/LineItem/2160646062158,6791,20250324,188,1998,253,1,1,537.13,537.13,590.843,53.713,10.0
gid://shopify/LineItem/2158695022670,5460,20250323,188,34,237,1,1,595.93,595.93,655.523,59.593,10.0
gid://shopify/LineItem/2151639384142,290,20250318,188,1999,215,1,1,512.63,512.63,563.893,51.263,10.0
gid://shopify/LineItem/2157164986446,4451,20250322,20,2000,105,1,1,531.93,531.93,585.123,53.193,10.0
gid://shopify/LineItem/2157911146574,5096,20250322,20,2001,409,1,1,497.13,497.13,546.843,49.713,10.0
gid://shopify/LineItem/2154559635534,2369,20250320,20,2002,176,1,1,555.13,555.13,610.643,55.513,10.0
gid://shopify/LineItem/2152919302222,1040,20250319,20,834,121,1,1,672.73,672.73,740.003,67.273,10.0
gid://shopify/LineItem/2160717529166,6863,20250324,20,2003,70,1,1,485.53,485.53,534.083,48.553,10.0
gid://shopify/LineItem/2157114327118,4390,20250322,398,2004,83,1,1,555.13,555.13,610.643,55.513,10.0
gid://shopify/LineItem/2160538058830,6704,20250324,177,1622,247,1,1,531.93,531.93,585.123,53.193,10.0
gid://shopify/LineItem/2161224876110,7256,20250324,44,1799,16,1,1,517.53,517.53,569.283,51.753,10.0
gid://shopify/LineItem/2157355499598,4651,20250322,177,2005,173,1,1,485.53,485.53,534.083,48.553,10.0
gid://shopify/LineItem/2153879175246,1920,20250319,1,2006,202,1,1,555.13,555.13,610.643,55.513,10.0
gid://shopify/LineItem/2160195141710,6316,20250324,1,2007,121,1,1,497.13,497.13,546.843,49.713,10.0
gid://shopify/LineItem/2159889612878,6222,20250323,21,2008,73,1,1,713.13,713.13,784.443,71.313,10.0
gid://shopify/LineItem/2157232128078,4525,20250322,21,297,121,1,1,720.73,720.73,792.803,72.073,10.0
gid://shopify/LineItem/2154455433294,2242,20250320,44,2009,34,1,1,635.13,635.13,698.643,63.513,10.0
gid://shopify/LineItem/2156115427406,3648,20250321,44,2010,62,1,1,517.53,517.53,569.283,51.753,10.0
gid://shopify/LineItem/2158760722510,5482,20250323,21,1217,308,1,1,586.13,586.13,644.743,58.613,10.0
gid://shopify/LineItem/2160236888142,6377,20250324,21,2011,16,1,1,618.33,618.33,680.163,61.833,10.0
gid://shopify/LineItem/2160768155726,6905,20250324,20,2012,1,1,1,482.63,482.63,530.893,48.263,10.0
gid://shopify/LineItem/2157019365454,4238,20250322,21,40,84,1,1,713.13,713.13,784.443,71.313,10.0
gid://shopify/LineItem/2161250205774,7284,20250324,21,2013,94,1,1,583.93,583.93,642.323,58.393,10.0
gid://shopify/LineItem/2161443143758,7389,20250324,21,2014,94,1,1,527.13,527.13,579.843,52.713,10.0
gid://shopify/LineItem/2156585189454,4037,20250321,20,755,1,1,1,539.93,539.93,593.923,53.993,10.0
gid://shopify/LineItem/2161077157966,7133,20250324,20,851,1,1,1,547.93,547.93,602.723,54.793,10.0
gid://shopify/LineItem/2151328940110,39,20250318,1,111,300,1,1,527.13,527.13,579.843,52.713,10.0
gid://shopify/LineItem/2153444737102,1518,20250319,1,2015,117,1,1,615.13,615.13,676.643,61.513,10.0
gid://shopify/LineItem/2157317587022,4610,20250322,536,2016,74,1,1,555.13,555.13,610.643,55.513,10.0
gid://shopify/LineItem/2156405751886,3886,20250321,537,2017,357,1,1,493.53,493.53,542.883,49.353,10.0
gid://shopify/LineItem/2157214072910,4503,20250322,538,828,72,1,1,507.13,507.13,557.843,50.713,10.0
gid://shopify/LineItem/2158161363022,5263,20250322,539,2018,119,1,1,595.93,595.93,655.523,59.593,10.0
gid://shopify/LineItem/2156177326158,3697,20250321,179,2019,119,1,1,537.13,537.13,590.843,53.713,10.0
gid://shopify/LineItem/2160605790286,6766,20250324,399,558,175,1,1,485.53,485.53,534.083,48.553,10.0
gid://shopify/LineItem/2153527902286,1594,20250319,1,1089,72,1,1,517.13,517.13,568.843,51.713,10.0
gid://shopify/LineItem/2154622681166,2423,20250320,1,2020,204,1,1,595.13,595.13,654.643,59.513,10.0
gid://shopify/LineItem/2156312559694,3806,20250321,1,2021,150,1,1,585.13,585.13,643.643,58.513,10.0
gid://shopify/LineItem/2160596713550,6756,20250324,177,2022,136,1,1,527.13,527.13,579.843,52.713,10.0
gid://shopify/LineItem/2154948329550,2766,20250320,20,2023,252,1,1,615.13,615.13,676.643,61.513,10.0
gid://shopify/LineItem/2160603660366,6763,20250324,21,2024,53,1,1,595.93,595.93,655.523,59.593,10.0
gid://shopify/LineItem/2152154234958,685,20250318,44,1005,223,1,1,635.13,635.13,698.643,63.513,10.0
gid://shopify/LineItem/2155349803086,3151,20250320,44,482,204,1,1,537.13,537.13,590.843,53.713,10.0
gid://shopify/LineItem/2158467940430,5336,20250323,44,859,426,1,1,571.93,571.93,629.123,57.193,10.0
gid://shopify/LineItem/2160337649742,6518,20250324,1,2025,173,1,1,555.93,555.93,611.523,55.593,10.0
gid://shopify/LineItem/2160696819790,6838,20250324,1,2026,49,1,1,485.53,485.53,534.083,48.553,10.0
gid://shopify/LineItem/2161007755342,7083,20250324,1,2027,1,1,1,595.13,595.13,654.643,59.513,10.0
gid://shopify/LineItem/2157453148238,4740,20250322,182,2028,182,1,1,635.13,635.13,698.643,63.513,10.0
gid://shopify/LineItem/2160463183950,6626,20250324,182,2029,235,1,1,595.93,595.93,655.523,59.593,10.0
gid://shopify/LineItem/2152845705294,987,20250319,179,2030,85,1,1,537.13,537.13,590.843,53.713,10.0
gid://shopify/LineItem/2155192123470,3030,20250320,179,2031,121,1,1,587.93,587.93,646.723,58.793,10.0
gid://shopify/LineItem/2159842099278,6199,20250323,540,2032,200,1,1,642.33,642.33,706.563,64.233,10.0
gid://shopify/LineItem/2159221276750,5789,20250323,401,2033,287,1,1,527.13,527.13,579.843,52.713,10.0
gid://shopify/LineItem/2161468473422,7401,20250324,401,66,83,1,1,509.53,509.53,560.483,50.953,10.0
gid://shopify/LineItem/2153826615374,1885,20250319,541,2034,41,1,1,595.13,595.13,654.643,59.513,10.0
gid://shopify/LineItem/2151837401166,460,20250318,20,1474,39,1,1,485.53,485.53,534.083,48.553,10.0
gid://shopify/LineItem/2160220504142,6353,20250324,20,2035,53,1,1,602.33,602.33,662.563,60.233,10.0
gid://shopify/LineItem/2157729153102,4963,20250322,21,349,127,1,1,595.93,595.93,655.523,59.593,10.0
gid://shopify/LineItem/2160941072462,7022,20250324,542,2036,206,1,1,485.53,485.53,534.083,48.553,10.0
gid://shopify/LineItem/2154779770958,2606,20250320,402,2037,41,1,1,517.53,517.53,569.283,51.753,10.0
gid://shopify/LineItem/2161300865102,7314,20250324,402,2038,218,1,1,537.13,537.13,590.843,53.713,10.0
gid://shopify/LineItem/2152521465934,898,20250318,404,677,65,1,1,497.13,497.13,546.843,49.713,10.0
gid://shopify/LineItem/2154704535630,2507,20250320,404,2039,204,1,1,595.13,595.13,654.643,59.513,10.0
gid://shopify/LineItem/2160552345678,6715,20250324,404,2040,81,1,1,555.13,555.13,610.643,55.513,10.0
gid://shopify/LineItem/2157422510158,4713,20250322,404,2041,145,1,1,485.53,485.53,534.083,48.553,10.0
gid://shopify/LineItem/2160687382606,6825,20250324,404,39,121,1,1,485.53,485.53,534.083,48.553,10.0
gid://shopify/LineItem/2157939392590,5121,20250322,21,846,28,1,1,537.13,537.13,590.843,53.713,10.0
gid://shopify/LineItem/2161369350222,7345,20250324,177,2042,150,1,1,497.13,497.13,546.843,49.713,10.0
gid://shopify/LineItem/2157341769806,4639,20250322,21,22,133,1,1,595.93,595.93,655.523,59.593,10.0
gid://shopify/LineItem/2161235066958,7268,20250324,21,2043,286,1,1,635.13,635.13,698.643,63.513,10.0
gid://shopify/LineItem/2152090337358,643,20250318,188,1615,39,1,1,919.13,919.13,1011.043,91.913,10.0
gid://shopify/LineItem/2156533940302,4006,20250321,188,1365,73,1,1,537.13,537.13,590.843,53.713,10.0
gid://shopify/LineItem/2152368832590,807,20250318,188,2044,46,1,1,517.53,517.53,569.283,51.753,10.0
gid://shopify/LineItem/2158467285070,5332,20250323,188,1101,395,1,1,517.53,517.53,569.283,51.753,10.0
gid://shopify/LineItem/2156493766734,3971,20250321,179,2022,290,1,1,720.73,720.73,792.803,72.073,10.0
gid://shopify/LineItem/2152492302414,884,20250318,1,2045,93,1,1,578.33,578.33,636.163,57.833,10.0
gid://shopify/LineItem/2153224470606,1339,20250319,20,2046,149,1,1,578.33,578.33,636.163,57.833,10.0
gid://shopify/LineItem/2157036994638,4275,20250322,20,2047,188,1,1,497.13,497.13,546.843,49.713,10.0
gid://shopify/LineItem/2155104534606,2945,20250320,20,2048,165,1,1,548.63,548.63,603.493,54.863,10.0
gid://shopify/LineItem/2156557533262,4020,20250321,20,459,347,1,1,497.13,497.13,546.843,49.713,10.0
gid://shopify/LineItem/2152947613774,1067,20250319,179,2049,84,1,1,537.13,537.13,590.843,53.713,10.0
gid://shopify/LineItem/2153364947022,1453,20250319,177,2050,135,1,1,585.13,585.13,643.643,58.513,10.0
gid://shopify/LineItem/2156598165582,4046,20250321,177,2051,133,1,1,555.13,555.13,610.643,55.513,10.0
gid://shopify/LineItem/2154713710670,2520,20250320,177,2052,238,1,1,586.33,586.33,644.963,58.633,10.0
gid://shopify/LineItem/2155685216334,3260,20250321,177,903,286,1,1,610.33,610.33,671.363,61.033,10.0
gid://shopify/LineItem/2159863005262,6210,20250323,177,443,69,1,1,634.33,634.33,697.763,63.433,10.0
gid://shopify/LineItem/2154181951566,2060,20250320,299,2053,34,1,1,537.13,537.13,590.843,53.713,10.0
gid://shopify/LineItem/2155920097358,3494,20250321,299,1765,281,1,1,635.13,635.13,698.643,63.513,10.0
gid://shopify/LineItem/2153865936974,1915,20250319,299,2054,153,1,1,595.93,595.93,655.523,59.593,10.0
gid://shopify/LineItem/2157228982350,4520,20250322,299,1911,140,1,1,674.33,674.33,741.763,67.433,10.0
gid://shopify/LineItem/2152380497998,815,20250318,188,2055,108,1,1,693.13,693.13,762.443,69.313,10.0
gid://shopify/LineItem/2154697916494,2503,20250320,188,2056,89,1,1,537.13,537.13,590.843,53.713,10.0
gid://shopify/LineItem/2155306451022,3118,20250320,188,2057,263,1,1,517.53,517.53,569.283,51.753,10.0
gid://shopify/LineItem/2157767852110,4987,20250322,543,2058,16,1,1,555.13,555.13,610.643,55.513,10.0
gid://shopify/LineItem/2152990572622,1115,20250319,20,2059,200,1,1,497.13,497.13,546.843,49.713,10.0
gid://shopify/LineItem/2155935957070,3506,20250321,20,2060,50,1,1,497.13,497.13,546.843,49.713,10.0
gid://shopify/LineItem/2158817771598,5517,20250323,20,2061,1,1,1,671.13,671.13,738.243,67.113,10.0
gid://shopify/LineItem/2158882848846,5560,20250323,20,2062,156,1,1,565.13,565.13,621.643,56.513,10.0
gid://shopify/LineItem/2155853938766,3427,20250321,544,1972,28,1,1,555.13,555.13,610.643,55.513,10.0
gid://shopify/LineItem/2160450895950,6616,20250324,544,2063,68,1,1,531.93,531.93,585.123,53.193,10.0
gid://shopify/LineItem/2159291990094,5837,20250323,44,1360,228,1,1,537.13,537.13,590.843,53.713,10.0
gid://shopify/LineItem/2152985952334,1112,20250319,44,2064,45,1,1,517.53,517.53,569.283,51.753,10.0
gid://shopify/LineItem/2158166212686,5265,20250322,177,2065,204,1,1,497.13,497.13,546.843,49.713,10.0
gid://shopify/LineItem/2161503797326,7425,20250324,177,1945,206,1,1,485.53,485.53,534.083,48.553,10.0
gid://shopify/LineItem/2157411762254,4699,20250322,1,2066,11,1,1,497.13,497.13,546.843,49.713,10.0
gid://shopify/LineItem/2151355940942,43,20250318,20,143,351,1,1,497.13,497.13,546.843,49.713,10.0
gid://shopify/LineItem/2155742396494,3315,20250321,20,2067,258,1,1,497.13,497.13,546.843,49.713,10.0
gid://shopify/LineItem/2155188027470,3027,20250320,20,2068,19,1,1,578.33,578.33,636.163,57.833,10.0
gid://shopify/LineItem/2160828481614,6951,20250324,20,2069,97,1,1,497.13,497.13,546.843,49.713,10.0
gid://shopify/LineItem/2157635076174,4884,20250322,44,105,134,1,1,537.13,537.13,590.843,53.713,10.0
gid://shopify/LineItem/2158090190926,5227,20250322,44,2070,121,1,1,615.13,615.13,676.643,61.513,10.0
gid://shopify/LineItem/2151748141134,364,20250318,354,2071,50,1,1,485.53,485.53,534.083,48.553,10.0
gid://shopify/LineItem/2154810572878,2640,20250320,354,2072,285,1,1,626.33,626.33,688.963,62.633,10.0
gid://shopify/LineItem/2154434920526,2219,20250320,177,2073,47,1,1,595.13,595.13,654.643,59.513,10.0
gid://shopify/LineItem/2160733978702,6876,20250324,21,2074,114,1,1,509.53,509.53,560.483,50.953,10.0
gid://shopify/LineItem/2156094685262,3632,20250321,20,2075,200,1,1,531.93,531.93,585.123,53.193,10.0
gid://shopify/LineItem/2156641976398,4076,20250321,20,2076,29,1,1,531.93,531.93,585.123,53.193,10.0
gid://shopify/LineItem/2157363134542,4659,20250322,20,2077,127,1,1,485.53,485.53,534.083,48.553,10.0
gid://shopify/LineItem/2160738304078,6881,20250324,20,2078,143,1,1,497.13,497.13,546.843,49.713,10.0
gid://shopify/LineItem/2151587807310,242,20250318,20,333,68,1,1,485.53,485.53,534.083,48.553,10.0
gid://shopify/LineItem/2159227600974,5796,20250323,20,2062,4,1,1,485.53,485.53,534.083,48.553,10.0
gid://shopify/LineItem/2152901935182,1019,20250319,1,2079,8,1,1,527.13,527.13,579.843,52.713,10.0
gid://shopify/LineItem/2154672717902,2475,20250320,1,576,94,1,1,527.13,527.13,579.843,52.713,10.0
gid://shopify/LineItem/2154440032334,2223,20250320,545,2080,355,1,1,625.13,625.13,687.643,62.513,10.0
gid://shopify/LineItem/2152363458638,804,20250318,1,2081,48,1,1,537.13,537.13,590.843,53.713,10.0
gid://shopify/LineItem/2153751609422,1824,20250319,1,2082,286,1,1,517.53,517.53,569.283,51.753,10.0
gid://shopify/LineItem/2161459396686,7395,20250324,1,1663,119,1,1,650.33,650.33,715.363,65.033,10.0
gid://shopify/LineItem/2153645867086,1709,20250319,179,2083,46,1,1,733.13,733.13,806.443,73.313,10.0
gid://shopify/LineItem/2154689036366,2492,20250320,179,2084,46,1,1,625.13,625.13,687.643,62.513,10.0
gid://shopify/LineItem/2161197908046,7239,20250324,546,2085,16,1,1,485.53,485.53,534.083,48.553,10.0
gid://shopify/LineItem/2154454384718,2241,20250320,1,1471,367,1,1,517.13,517.13,568.843,51.713,10.0
gid://shopify/LineItem/2159646539854,6069,20250323,1,2086,149,1,1,517.13,517.13,568.843,51.713,10.0
gid://shopify/LineItem/2154552623182,2364,20250320,20,2087,145,1,1,517.53,517.53,569.283,51.753,10.0
gid://shopify/LineItem/2154362568782,2118,20250320,177,2088,269,1,1,497.13,497.13,546.843,49.713,10.0
gid://shopify/LineItem/2159432040526,5935,20250323,177,719,1,1,1,497.13,497.13,546.843,49.713,10.0
gid://shopify/LineItem/2153019146318,1139,20250319,20,232,175,1,1,527.13,527.13,579.843,52.713,10.0
gid://shopify/LineItem/2159090106446,5695,20250323,20,2089,16,1,1,527.13,527.13,579.843,52.713,10.0
gid://shopify/LineItem/2153489924174,1551,20250319,20,2090,333,1,1,509.53,509.53,560.483,50.953,10.0
gid://shopify/LineItem/2155733450830,3305,20250321,20,2091,3,1,1,775.13,775.13,852.643,77.513,10.0
gid://shopify/LineItem/2156394053710,3874,20250321,20,2092,175,1,1,587.93,587.93,646.723,58.793,10.0
gid://shopify/LineItem/2154605805646,2409,20250320,353,2093,3,1,1,537.13,537.13,590.843,53.713,10.0
gid://shopify/LineItem/2158713929806,5464,20250323,374,2094,35,1,1,527.13,527.13,579.843,52.713,10.0
gid://shopify/LineItem/2151471153230,127,20250318,178,2095,83,1,1,537.13,537.13,590.843,53.713,10.0
gid://shopify/LineItem/2155889328206,3461,20250321,178,1110,69,1,1,537.13,537.13,590.843,53.713,10.0
gid://shopify/LineItem/2153861742670,1909,20250319,178,2096,14,1,1,517.53,517.53,569.283,51.753,10.0
gid://shopify/LineItem/2157662601294,4913,20250322,21,1262,176,1,1,625.13,625.13,687.643,62.513,10.0
gid://shopify/LineItem/2155199168590,3040,20250320,44,2097,256,1,1,537.13,537.13,590.843,53.713,10.0
gid://shopify/LineItem/2159320268878,5855,20250323,44,2098,62,1,1,635.13,635.13,698.643,63.513,10.0
gid://shopify/LineItem/2160478847054,6649,20250324,44,2099,50,1,1,595.93,595.93,655.523,59.593,10.0
gid://shopify/LineItem/2159131754574,5730,20250323,21,2100,97,1,1,537.13,537.13,590.843,53.713,10.0
gid://shopify/LineItem/2160142319694,6279,20250324,21,2101,80,1,1,517.53,517.53,569.283,51.753,10.0
gid://shopify/LineItem/2152936734798,1055,20250319,1,2102,49,1,1,497.13,497.13,546.843,49.713,10.0
gid://shopify/LineItem/2152968814670,1088,20250319,1,2103,19,1,1,497.13,497.13,546.843,49.713,10.0
gid://shopify/LineItem/2152978350158,1100,20250319,1,2104,232,1,1,595.13,595.13,654.643,59.513,10.0
gid://shopify/LineItem/2153046048846,1170,20250319,1,2105,162,1,1,497.13,497.13,546.843,49.713,10.0
gid://shopify/LineItem/2153062989902,1181,20250319,1,2106,429,1,1,497.13,497.13,546.843,49.713,10.0
gid://shopify/LineItem/2153067937870,1189,20250319,1,2107,430,1,1,497.13,497.13,546.843,49.713,10.0
gid://shopify/LineItem/2153087041614,1213,20250319,1,1655,431,1,1,497.13,497.13,546.843,49.713,10.0
gid://shopify/LineItem/2153391947854,1471,20250319,1,599,16,1,1,497.13,497.13,546.843,49.713,10.0
gid://shopify/LineItem/2154517364814,2330,20250320,1,730,13,1,1,497.13,497.13,546.843,49.713,10.0
gid://shopify/LineItem/2157130481742,4413,20250322,1,2108,149,1,1,497.13,497.13,546.843,49.713,10.0
gid://shopify/LineItem/2157956137038,5138,20250322,1,2109,229,1,1,555.13,555.13,610.643,55.513,10.0
gid://shopify/LineItem/2157996605518,5166,20250322,1,2110,189,1,1,497.13,497.13,546.843,49.713,10.0
gid://shopify/LineItem/2152177827918,700,20250318,1,2111,64,1,1,539.93,539.93,593.923,53.993,10.0
gid://shopify/LineItem/2152882667598,1006,20250319,1,2112,12,1,1,485.53,485.53,534.083,48.553,10.0
gid://shopify/LineItem/2153968304206,1972,20250319,1,1949,102,1,1,602.33,602.33,662.563,60.233,10.0
gid://shopify/LineItem/2155021369422,2854,20250320,1,2113,89,1,1,531.93,531.93,585.123,53.193,10.0
gid://shopify/LineItem/2153371041870,1455,20250319,182,2114,136,1,1,821.13,821.13,903.243,82.113,10.0
gid://shopify/LineItem/2152351989838,795,20250318,182,2115,145,1,1,517.53,517.53,569.283,51.753,10.0
gid://shopify/LineItem/2154800250958,2628,20250320,177,2116,46,1,1,537.13,537.13,590.843,53.713,10.0
gid://shopify/LineItem/2160828416078,6950,20250324,188,2117,102,1,1,635.13,635.13,698.643,63.513,10.0
gid://shopify/LineItem/2157338493006,4634,20250322,179,2118,76,1,1,537.13,537.13,590.843,53.713,10.0
gid://shopify/LineItem/2156308758606,3805,20250321,179,2119,39,1,1,587.93,587.93,646.723,58.793,10.0
gid://shopify/LineItem/2159686746190,6102,20250323,179,2120,28,1,1,517.53,517.53,569.283,51.753,10.0
gid://shopify/LineItem/2160931504206,7019,20250324,179,334,200,1,1,537.13,537.13,590.843,53.713,10.0
gid://shopify/LineItem/2160748363854,6891,20250324,20,806,70,1,1,537.13,537.13,590.843,53.713,10.0
gid://shopify/LineItem/2153691512910,1753,20250319,377,2121,175,1,1,537.13,537.13,590.843,53.713,10.0
gid://shopify/LineItem/2157105807438,4375,20250322,377,2122,53,1,1,625.13,625.13,687.643,62.513,10.0
gid://shopify/LineItem/2156021055566,3574,20250321,377,2123,118,1,1,682.33,682.33,750.563,68.233,10.0
gid://shopify/LineItem/2157544243278,4808,20250322,377,2124,70,1,1,595.93,595.93,655.523,59.593,10.0
gid://shopify/LineItem/2152495906894,886,20250318,334,2125,237,1,1,527.13,527.13,579.843,52.713,10.0
gid://shopify/LineItem/2156381831246,3863,20250321,334,1635,3,1,1,563.93,563.93,620.323,56.393,10.0
gid://shopify/LineItem/2157077987406,4336,20250322,334,406,279,1,1,509.53,509.53,560.483,50.953,10.0
gid://shopify/LineItem/2157161480270,4448,20250322,328,2126,143,1,1,537.13,537.13,590.843,53.713,10.0
gid://shopify/LineItem/2161060511822,7118,20250324,328,343,60,1,1,527.33,527.33,580.063,52.733,10.0
gid://shopify/LineItem/2154073817166,2030,20250319,183,2127,147,1,1,517.13,517.13,568.843,51.713,10.0
gid://shopify/LineItem/2159537553486,6004,20250323,183,2128,146,1,1,517.13,517.13,568.843,51.713,10.0
gid://shopify/LineItem/2153513386062,1575,20250319,183,266,175,1,1,688.73,688.73,757.603,68.873,10.0
gid://shopify/LineItem/2158770257998,5489,20250323,183,2129,197,1,1,501.53,501.53,551.683,50.153,10.0
gid://shopify/LineItem/2151421182030,84,20250318,1,2130,244,1,1,527.13,527.13,579.843,52.713,10.0
gid://shopify/LineItem/2159726493774,6132,20250323,1,2131,121,1,1,527.13,527.13,579.843,52.713,10.0
gid://shopify/LineItem/2155981078606,3535,20250321,1,2132,11,1,1,613.13,613.13,674.443,61.313,10.0
gid://shopify/LineItem/2156044419150,3596,20250321,1,2133,66,1,1,613.13,613.13,674.443,61.313,10.0
gid://shopify/LineItem/2152008024142,576,20250318,188,2134,202,1,1,635.13,635.13,698.643,63.513,10.0
gid://shopify/LineItem/2153213362254,1330,20250319,188,2135,53,1,1,537.13,537.13,590.843,53.713,10.0
gid://shopify/LineItem/2157544439886,4809,20250322,21,2136,120,1,1,723.13,723.13,795.443,72.313,10.0
gid://shopify/LineItem/2153310584910,1421,20250319,299,1143,5,1,1,733.13,733.13,806.443,73.313,10.0
gid://shopify/LineItem/2152956919886,1071,20250319,405,1631,53,1,1,497.13,497.13,546.843,49.713,10.0
gid://shopify/LineItem/2155250614350,3088,20250320,177,35,26,1,1,578.33,578.33,636.163,57.833,10.0
gid://shopify/LineItem/2158096744526,5231,20250322,177,381,8,1,1,578.33,578.33,636.163,57.833,10.0
gid://shopify/LineItem/2155704483918,3275,20250321,1,2137,68,1,1,610.33,610.33,671.363,61.033,10.0
gid://shopify/LineItem/2157074350158,4329,20250322,1,2138,145,1,1,531.93,531.93,585.123,53.193,10.0
gid://shopify/LineItem/2160968466510,7051,20250324,20,2139,1,1,1,531.93,531.93,585.123,53.193,10.0
gid://shopify/LineItem/2152311095374,770,20250318,44,2140,250,1,1,566.53,566.53,623.183,56.653,10.0
gid://shopify/LineItem/2156260982862,3773,20250321,177,2141,359,1,1,595.93,595.93,655.523,59.593,10.0
gid://shopify/LineItem/2155506565198,3207,20250321,20,2142,179,1,1,1221.53,1221.53,1343.683,122.153,10.0
gid://shopify/LineItem/2160269099086,6428,20250324,21,2143,24,1,1,527.13,527.13,579.843,52.713,10.0
gid://shopify/LineItem/2154398941262,2168,20250320,547,1646,298,1,1,497.13,497.13,546.843,49.713,10.0
gid://shopify/LineItem/2156680577102,4105,20250321,548,2144,53,1,1,563.93,563.93,620.323,56.393,10.0
gid://shopify/LineItem/2157102137422,4364,20250322,548,2145,35,1,1,720.73,720.73,792.803,72.073,10.0
gid://shopify/LineItem/2157864321102,5055,20250322,549,1277,105,1,1,531.93,531.93,585.123,53.193,10.0
gid://shopify/LineItem/2159537127502,6003,20250323,550,2146,189,1,1,507.13,507.13,557.843,50.713,10.0
gid://shopify/LineItem/2161127358542,7172,20250324,20,2147,63,1,1,497.13,497.13,546.843,49.713,10.0
gid://shopify/LineItem/2152279146574,746,20250318,551,2148,56,1,1,537.13,537.13,590.843,53.713,10.0
gid://shopify/LineItem/2160283877454,6453,20250324,551,1495,161,1,1,635.13,635.13,698.643,63.513,10.0
gid://shopify/LineItem/2160357965902,6535,20250324,552,145,3,1,1,497.13,497.13,546.843,49.713,10.0
gid://shopify/LineItem/2151504576590,145,20250318,1,2149,236,1,1,517.13,517.13,568.843,51.713,10.0
gid://shopify/LineItem/2157558956110,4817,20250322,177,1114,82,1,1,497.13,497.13,546.843,49.713,10.0
gid://shopify/LineItem/2160463708238,6629,20250324,177,678,121,1,1,555.13,555.13,610.643,55.513,10.0
gid://shopify/LineItem/2158678769742,5456,20250323,553,1265,334,1,1,527.13,527.13,579.843,52.713,10.0
gid://shopify/LineItem/2157883686990,5075,20250322,179,924,59,1,1,635.13,635.13,698.643,63.513,10.0
gid://shopify/LineItem/2159106883662,5716,20250323,1,2150,133,1,1,555.93,555.93,611.523,55.593,10.0
gid://shopify/LineItem/2158808760398,5509,20250323,20,2151,99,1,1,683.13,683.13,751.443,68.313,10.0
gid://shopify/LineItem/2153748070478,1818,20250319,177,2152,189,1,1,497.13,497.13,546.843,49.713,10.0
gid://shopify/LineItem/2154235068494,2065,20250320,554,2153,83,1,1,625.13,625.13,687.643,62.513,10.0
gid://shopify/LineItem/2157670531150,4920,20250322,21,2154,260,1,1,517.53,517.53,569.283,51.753,10.0
gid://shopify/LineItem/2158982004814,5634,20250323,44,2155,432,1,1,811.13,811.13,892.243,81.113,10.0
gid://shopify/LineItem/2152895119438,1016,20250319,1,2156,433,1,1,497.13,497.13,546.843,49.713,10.0
gid://shopify/LineItem/2152926019662,1048,20250319,1,2157,362,1,1,555.13,555.13,610.643,55.513,10.0
gid://shopify/LineItem/2157397540942,4692,20250322,1,2158,342,1,1,497.13,497.13,546.843,49.713,10.0
gid://shopify/LineItem/2160211099726,6336,20250324,1,2159,305,1,1,497.13,497.13,546.843,49.713,10.0
gid://shopify/LineItem/2158089044046,5226,20250322,1,2160,200,1,1,485.53,485.53,534.083,48.553,10.0
gid://shopify/LineItem/2157198737486,4488,20250322,182,2161,407,1,1,537.13,537.13,590.843,53.713,10.0
gid://shopify/LineItem/2158815739982,5515,20250323,555,2162,19,1,1,537.13,537.13,590.843,53.713,10.0
gid://shopify/LineItem/2159247523918,5811,20250323,409,2163,434,1,1,537.13,537.13,590.843,53.713,10.0
gid://shopify/LineItem/2154924736590,2742,20250320,378,2164,178,1,1,527.13,527.13,579.843,52.713,10.0
gid://shopify/LineItem/2155725029454,3297,20250321,378,2165,334,1,1,527.13,527.13,579.843,52.713,10.0
gid://shopify/LineItem/2154980245582,2802,20250320,378,2166,204,1,1,509.53,509.53,560.483,50.953,10.0
gid://shopify/LineItem/2152027947086,587,20250318,335,2167,19,1,1,537.13,537.13,590.843,53.713,10.0
gid://shopify/LineItem/2159366471758,5890,20250323,335,2168,197,1,1,537.13,537.13,590.843,53.713,10.0
gid://shopify/LineItem/2156677398606,4101,20250321,335,826,3,1,1,517.53,517.53,569.283,51.753,10.0
gid://shopify/LineItem/2153573711950,1650,20250319,179,2169,362,1,1,751.13,751.13,826.243,75.113,10.0
gid://shopify/LineItem/2154017357902,2003,20250319,188,2170,1,1,1,517.53,517.53,569.283,51.753,10.0
gid://shopify/LineItem/2153896575054,1929,20250319,410,1720,287,1,1,527.13,527.13,579.843,52.713,10.0
gid://shopify/LineItem/2159418310734,5924,20250323,410,2171,362,1,1,527.13,527.13,579.843,52.713,10.0
gid://shopify/LineItem/2151998619726,567,20250318,411,2172,10,1,1,517.13,517.13,568.843,51.713,10.0
gid://shopify/LineItem/2157661716558,4912,20250322,411,2173,74,1,1,517.13,517.13,568.843,51.713,10.0
gid://shopify/LineItem/2153029533774,1148,20250319,411,2174,3,1,1,501.53,501.53,551.683,50.153,10.0
gid://shopify/LineItem/2160983507022,7066,20250324,411,2175,93,1,1,517.13,517.13,568.843,51.713,10.0
gid://shopify/LineItem/2155988680782,3539,20250321,412,2176,211,1,1,507.13,507.13,557.843,50.713,10.0
gid://shopify/LineItem/2155174592590,3008,20250320,412,2081,435,1,1,493.53,493.53,542.883,49.353,10.0
gid://shopify/LineItem/2160335847502,6515,20250324,556,312,68,1,1,563.93,563.93,620.323,56.393,10.0
gid://shopify/LineItem/2155045388366,2884,20250320,477,2177,247,1,1,507.13,507.13,557.843,50.713,10.0
gid://shopify/LineItem/2157227311182,4518,20250322,477,2178,185,1,1,507.13,507.13,557.843,50.713,10.0
gid://shopify/LineItem/2156748308558,4136,20250322,477,2179,266,1,1,493.53,493.53,542.883,49.353,10.0
gid://shopify/LineItem/2157216727118,4506,20250322,1,2180,43,1,1,517.13,517.13,568.843,51.713,10.0
gid://shopify/LineItem/2154974347342,2796,20250320,413,2181,372,1,1,563.93,563.93,620.323,56.393,10.0
gid://shopify/LineItem/2158192689230,5274,20250322,413,1532,44,1,1,539.93,539.93,593.923,53.993,10.0
gid://shopify/LineItem/2154408247374,2180,20250320,557,2182,53,1,1,653.13,653.13,718.443,65.313,10.0
gid://shopify/LineItem/2151189446734,22,20250318,557,2183,436,1,1,493.53,493.53,542.883,49.353,10.0
gid://shopify/LineItem/2154994171982,2818,20250320,557,2184,19,1,1,555.93,555.93,611.523,55.593,10.0
gid://shopify/LineItem/2158588035150,5401,20250323,557,2114,29,1,1,493.53,493.53,542.883,49.353,10.0
gid://shopify/LineItem/2156973555790,4180,20250322,305,2185,209,1,1,497.13,497.13,546.843,49.713,10.0
gid://shopify/LineItem/2153553231950,1621,20250319,20,2186,216,1,1,497.13,497.13,546.843,49.713,10.0
gid://shopify/LineItem/2151559856206,215,20250318,20,2187,43,1,1,485.53,485.53,534.083,48.553,10.0
gid://shopify/LineItem/2161471979598,7406,20250324,20,2188,333,1,1,485.53,485.53,534.083,48.553,10.0
gid://shopify/LineItem/2152145944654,676,20250318,20,2189,161,1,1,517.13,517.13,568.843,51.713,10.0
gid://shopify/LineItem/2156398968910,3879,20250321,20,188,279,1,1,555.93,555.93,611.523,55.593,10.0
gid://shopify/LineItem/2151819509838,438,20250318,558,2190,57,1,1,537.13,537.13,590.843,53.713,10.0
gid://shopify/LineItem/2161177624654,7220,20250324,558,840,128,1,1,537.13,537.13,590.843,53.713,10.0
gid://shopify/LineItem/2155633705038,3223,20250321,355,2191,15,1,1,497.13,497.13,546.843,49.713,10.0
gid://shopify/LineItem/2156470960206,3949,20250321,355,2192,356,1,1,539.93,539.93,593.923,53.993,10.0
gid://shopify/LineItem/2153105195086,1230,20250319,1,2193,16,1,1,579.93,579.93,637.923,57.993,10.0
gid://shopify/LineItem/2160518889550,6689,20250324,1,794,66,1,1,571.93,571.93,629.123,57.193,10.0
gid://shopify/LineItem/2157502988366,4776,20250322,559,682,392,1,1,537.13,537.13,590.843,53.713,10.0
gid://shopify/LineItem/2155047387214,2886,20250320,560,1403,68,1,1,555.13,555.13,610.643,55.513,10.0
gid://shopify/LineItem/2158125023310,5245,20250322,561,1968,73,1,1,497.13,497.13,546.843,49.713,10.0
gid://shopify/LineItem/2153699999822,1762,20250319,414,2194,92,1,1,497.13,497.13,546.843,49.713,10.0
gid://shopify/LineItem/2157032538190,4264,20250322,21,2195,238,1,1,537.13,537.13,590.843,53.713,10.0
gid://shopify/LineItem/2160923869262,7009,20250324,174,2196,201,1,1,497.13,497.13,546.843,49.713,10.0
gid://shopify/LineItem/2159969468494,6244,20250324,21,96,197,1,1,635.13,635.13,698.643,63.513,10.0
gid://shopify/LineItem/2153949593678,1958,20250319,177,586,165,1,1,555.13,555.13,610.643,55.513,10.0
gid://shopify/LineItem/2155768414286,3341,20250321,299,1985,161,1,1,635.13,635.13,698.643,63.513,10.0
gid://shopify/LineItem/2159094333518,5701,20250323,20,2197,21,1,1,485.53,485.53,534.083,48.553,10.0
gid://shopify/LineItem/2160575348814,6732,20250324,20,2198,70,1,1,547.93,547.93,602.723,54.793,10.0
gid://shopify/LineItem/2152528314446,902,20250318,20,2199,99,1,1,539.93,539.93,593.923,53.993,10.0
gid://shopify/LineItem/2155313168462,3123,20250320,20,2200,191,1,1,531.93,531.93,585.123,53.193,10.0
gid://shopify/LineItem/2151519158350,164,20250318,1,2201,160,1,1,527.13,527.13,579.843,52.713,10.0
gid://shopify/LineItem/2156567134286,4024,20250321,356,852,8,1,1,507.13,507.13,557.843,50.713,10.0
gid://shopify/LineItem/2154462969934,2253,20250320,356,1590,50,1,1,493.53,493.53,542.883,49.353,10.0
gid://shopify/LineItem/2155255529550,3091,20250320,356,2202,16,1,1,563.93,563.93,620.323,56.393,10.0
gid://shopify/LineItem/2155050369102,2888,20250320,20,2203,195,1,1,493.53,493.53,542.883,49.353,10.0
gid://shopify/LineItem/2160928784462,7013,20250324,20,851,53,1,1,563.93,563.93,620.323,56.393,10.0
gid://shopify/LineItem/2156336644174,3822,20250321,1,586,20,1,1,615.13,615.13,676.643,61.513,10.0
gid://shopify/LineItem/2157146832974,4433,20250322,1,510,108,1,1,517.53,517.53,569.283,51.753,10.0
gid://shopify/LineItem/2151708786766,336,20250318,562,2204,83,1,1,497.13,497.13,546.843,49.713,10.0
gid://shopify/LineItem/2153035104334,1156,20250319,307,2205,289,1,1,527.13,527.13,579.843,52.713,10.0
gid://shopify/LineItem/2156772720718,4146,20250322,307,2206,140,1,1,723.13,723.13,795.443,72.313,10.0
gid://shopify/LineItem/2155345182798,3148,20250320,307,2207,358,1,1,587.93,587.93,646.723,58.793,10.0
gid://shopify/LineItem/2157030047822,4257,20250322,307,2208,34,1,1,509.53,509.53,560.483,50.953,10.0
gid://shopify/LineItem/2155055513678,2896,20250320,417,803,94,1,1,537.13,537.13,590.843,53.713,10.0
gid://shopify/LineItem/2155463671886,3193,20250321,1,762,318,1,1,485.53,485.53,534.083,48.553,10.0
gid://shopify/LineItem/2158810431566,5512,20250323,1,2209,3,1,1,531.93,531.93,585.123,53.193,10.0
gid://shopify/LineItem/2157514326094,4783,20250322,179,2210,1,1,1,728.73,728.73,801.603,72.873,10.0
gid://shopify/LineItem/2155358814286,3154,20250320,308,2211,191,1,1,605.13,605.13,665.643,60.513,10.0
gid://shopify/LineItem/2156474040398,3951,20250321,308,2212,70,1,1,527.13,527.13,579.843,52.713,10.0
gid://shopify/LineItem/2157825032270,5021,20250322,308,2213,119,1,1,527.13,527.13,579.843,52.713,10.0
gid://shopify/LineItem/2158246199374,5297,20250323,308,2214,133,1,1,527.13,527.13,579.843,52.713,10.0
gid://shopify/LineItem/2159686615118,6101,20250323,308,2215,1,1,1,625.13,625.13,687.643,62.513,10.0
gid://shopify/LineItem/2160166535246,6292,20250324,308,2216,321,1,1,673.13,673.13,740.443,67.313,10.0
gid://shopify/LineItem/2156293423182,3798,20250321,308,2217,134,1,1,509.53,509.53,560.483,50.953,10.0
gid://shopify/LineItem/2158164344910,5264,20250322,308,1791,97,1,1,587.93,587.93,646.723,58.793,10.0
gid://shopify/LineItem/2160816193614,6939,20250324,308,685,105,1,1,527.13,527.13,579.843,52.713,10.0
gid://shopify/LineItem/2156736249934,4132,20250321,357,2218,11,1,1,517.53,517.53,569.283,51.753,10.0
gid://shopify/LineItem/2156447531086,3928,20250321,177,1857,200,1,1,497.13,497.13,546.843,49.713,10.0
gid://shopify/LineItem/2160235642958,6374,20250324,177,2219,437,1,1,485.53,485.53,534.083,48.553,10.0
gid://shopify/LineItem/2155076747342,2922,20250320,1,2220,122,1,1,615.13,615.13,676.643,61.513,10.0
gid://shopify/LineItem/2154494361678,2292,20250320,419,125,21,1,1,555.13,555.13,610.643,55.513,10.0
gid://shopify/LineItem/2156213469262,3737,20250321,419,2221,286,1,1,555.13,555.13,610.643,55.513,10.0
gid://shopify/LineItem/2156449333326,3933,20250321,419,503,286,1,1,485.53,485.53,534.083,48.553,10.0
gid://shopify/LineItem/2160765042766,6899,20250324,1,831,22,1,1,531.93,531.93,585.123,53.193,10.0
gid://shopify/LineItem/2152962555982,1081,20250319,1,2222,68,1,1,613.13,613.13,674.443,61.313,10.0
gid://shopify/LineItem/2157004587086,4217,20250322,299,777,109,1,1,595.13,595.13,654.643,59.513,10.0
gid://shopify/LineItem/2153466757198,1535,20250319,177,2223,35,1,1,531.93,531.93,585.123,53.193,10.0
gid://shopify/LineItem/2155879792718,3445,20250321,20,2224,43,1,1,485.53,485.53,534.083,48.553,10.0
gid://shopify/LineItem/2154707189838,2511,20250320,20,2225,309,1,1,555.13,555.13,610.643,55.513,10.0
gid://shopify/LineItem/2157945749582,5128,20250322,358,2226,45,1,1,547.93,547.93,602.723,54.793,10.0
gid://shopify/LineItem/2160441065550,6610,20250324,358,2227,44,1,1,493.53,493.53,542.883,49.353,10.0
gid://shopify/LineItem/2160911056974,7000,20250324,563,2228,68,1,1,555.13,555.13,610.643,55.513,10.0
gid://shopify/LineItem/2154850254926,2672,20250320,329,1340,66,1,1,537.13,537.13,590.843,53.713,10.0
gid://shopify/LineItem/2154129948750,2049,20250320,309,1228,219,1,1,497.13,497.13,546.843,49.713,10.0
gid://shopify/LineItem/2156207505486,3730,20250321,309,1656,87,1,1,497.13,497.13,546.843,49.713,10.0
gid://shopify/LineItem/2153386016846,1466,20250319,564,2229,32,1,1,517.53,517.53,569.283,51.753,10.0
gid://shopify/LineItem/2152861565006,993,20250319,565,2230,87,1,1,497.13,497.13,546.843,49.713,10.0
gid://shopify/LineItem/2155436736590,3188,20250321,565,2231,87,1,1,497.13,497.13,546.843,49.713,10.0
gid://shopify/LineItem/2161185390670,7226,20250324,487,2232,40,1,1,485.53,485.53,534.083,48.553,10.0
gid://shopify/LineItem/2153592029262,1665,20250319,566,2233,173,1,1,595.13,595.13,654.643,59.513,10.0
gid://shopify/LineItem/2155789516878,3366,20250321,567,2234,189,1,1,537.13,537.13,590.843,53.713,10.0
gid://shopify/LineItem/2155156602958,2996,20250320,567,2235,8,1,1,517.53,517.53,569.283,51.753,10.0
gid://shopify/LineItem/2157216137294,4505,20250322,1,72,176,1,1,635.13,635.13,698.643,63.513,10.0
gid://shopify/LineItem/2157469630542,4749,20250322,179,2236,176,1,1,537.13,537.13,590.843,53.713,10.0
gid://shopify/LineItem/2157497614414,4770,20250322,20,2237,343,1,1,509.53,509.53,560.483,50.953,10.0
gid://shopify/LineItem/2160250617934,6400,20250324,177,2238,187,1,1,720.73,720.73,792.803,72.073,10.0
gid://shopify/LineItem/2151420985422,83,20250318,310,1797,381,1,1,527.13,527.13,579.843,52.713,10.0
gid://shopify/LineItem/2151588200526,244,20250318,310,2239,73,1,1,509.53,509.53,560.483,50.953,10.0
gid://shopify/LineItem/2157202407502,4494,20250322,310,2240,125,1,1,571.93,571.93,629.123,57.193,10.0
gid://shopify/LineItem/2154426630222,2211,20250320,310,2241,190,1,1,505.13,505.13,555.643,50.513,10.0
gid://shopify/LineItem/2161168515150,7204,20250324,310,329,163,1,1,527.13,527.13,579.843,52.713,10.0
gid://shopify/LineItem/2161217830990,7250,20250324,310,2242,74,1,1,509.53,509.53,560.483,50.953,10.0
gid://shopify/LineItem/2154504847438,2309,20250320,421,2243,364,1,1,537.13,537.13,590.843,53.713,10.0
gid://shopify/LineItem/2154730848334,2542,20250320,421,2244,161,1,1,537.13,537.13,590.843,53.713,10.0
gid://shopify/LineItem/2155691901006,3271,20250321,421,745,83,1,1,537.13,537.13,590.843,53.713,10.0
gid://shopify/LineItem/2157307985998,4599,20250322,20,1291,28,1,1,509.53,509.53,560.483,50.953,10.0
gid://shopify/LineItem/2152937488462,1059,20250319,1,2245,20,1,1,497.13,497.13,546.843,49.713,10.0
gid://shopify/LineItem/2155465015374,3194,20250321,1,2246,263,1,1,497.13,497.13,546.843,49.713,10.0
gid://shopify/LineItem/2154357424206,2110,20250320,568,2247,3,1,1,635.13,635.13,698.643,63.513,10.0
gid://shopify/LineItem/2155015569486,2845,20250320,568,724,87,1,1,517.53,517.53,569.283,51.753,10.0
gid://shopify/LineItem/2154490527822,2288,20250320,422,2248,329,1,1,527.13,527.13,579.843,52.713,10.0
gid://shopify/LineItem/2157739933774,4971,20250322,422,2249,201,1,1,615.13,615.13,676.643,61.513,10.0
gid://shopify/LineItem/2161094525006,7154,20250324,422,1221,24,1,1,509.53,509.53,560.483,50.953,10.0
gid://shopify/LineItem/2151604682830,262,20250318,179,2250,252,1,1,698.33,698.33,768.163,69.833,10.0
gid://shopify/LineItem/2153788407886,1856,20250319,311,2251,55,1,1,501.53,501.53,551.683,50.153,10.0
gid://shopify/LineItem/2154049798222,2012,20250319,311,1396,70,1,1,579.93,579.93,637.923,57.993,10.0
gid://shopify/LineItem/2158636990542,5429,20250323,311,2252,293,1,1,563.93,563.93,620.323,56.393,10.0
gid://shopify/LineItem/2159359787086,5881,20250323,311,755,252,1,1,501.53,501.53,551.683,50.153,10.0
gid://shopify/LineItem/2151545602126,200,20250318,569,39,109,1,1,663.13,663.13,729.443,66.313,10.0
gid://shopify/LineItem/2154493083726,2291,20250320,569,2253,8,1,1,507.13,507.13,557.843,50.713,10.0
gid://shopify/LineItem/2156397428814,3878,20250321,424,279,351,1,1,585.13,585.13,643.643,58.513,10.0
gid://shopify/LineItem/2151530070094,180,20250318,424,2254,287,1,1,493.53,493.53,542.883,49.353,10.0
gid://shopify/LineItem/2154504683598,2308,20250320,424,2255,164,1,1,493.53,493.53,542.883,49.353,10.0
gid://shopify/LineItem/2157890142286,5083,20250322,424,2256,53,1,1,493.53,493.53,542.883,49.353,10.0
gid://shopify/LineItem/2153079832654,1202,20250319,570,2257,78,1,1,507.13,507.13,557.843,50.713,10.0
gid://shopify/LineItem/2160345776206,6524,20250324,570,2258,438,1,1,507.13,507.13,557.843,50.713,10.0
gid://shopify/LineItem/2158036287566,5197,20250322,570,2259,104,1,1,563.93,563.93,620.323,56.393,10.0
gid://shopify/LineItem/2156054216782,3608,20250321,330,1882,372,1,1,507.13,507.13,557.843,50.713,10.0
gid://shopify/LineItem/2151980433486,554,20250318,330,2260,35,1,1,493.53,493.53,542.883,49.353,10.0
gid://shopify/LineItem/2155224236110,3065,20250320,425,348,348,1,1,625.13,625.13,687.643,62.513,10.0
gid://shopify/LineItem/2156479021134,3956,20250321,425,2261,197,1,1,537.13,537.13,590.843,53.713,10.0
gid://shopify/LineItem/2152857108558,991,20250319,571,2262,19,1,1,497.13,497.13,546.843,49.713,10.0
gid://shopify/LineItem/2153342861390,1442,20250319,571,2263,1,1,1,555.13,555.13,610.643,55.513,10.0
gid://shopify/LineItem/2159362179150,5885,20250323,571,2264,55,1,1,497.13,497.13,546.843,49.713,10.0
gid://shopify/LineItem/2157352026190,4648,20250322,572,2265,145,1,1,537.13,537.13,590.843,53.713,10.0
gid://shopify/LineItem/2160270016590,6430,20250324,572,2266,59,1,1,517.53,517.53,569.283,51.753,10.0
gid://shopify/LineItem/2159142240334,5733,20250323,472,2267,11,1,1,488.43,488.43,537.273,48.843,10.0
gid://shopify/LineItem/2152456749134,864,20250318,426,2268,20,1,1,497.13,497.13,546.843,49.713,10.0
gid://shopify/LineItem/2152882536526,1005,20250319,426,465,16,1,1,497.13,497.13,546.843,49.713,10.0
gid://shopify/LineItem/2154474242126,2263,20250320,426,1013,138,1,1,497.13,497.13,546.843,49.713,10.0
gid://shopify/LineItem/2152877359182,1002,20250319,573,2269,244,1,1,497.13,497.13,546.843,49.713,10.0
gid://shopify/LineItem/2152919105614,1039,20250319,573,2270,342,1,1,555.13,555.13,610.643,55.513,10.0
gid://shopify/LineItem/2157580025934,4831,20250322,573,2271,16,1,1,476.83,476.83,524.513,47.683,10.0
gid://shopify/LineItem/2161462542414,7397,20250324,1,2272,194,1,1,625.13,625.13,687.643,62.513,10.0
gid://shopify/LineItem/2157010976846,4226,20250322,21,2162,16,1,1,537.13,537.13,590.843,53.713,10.0
gid://shopify/LineItem/2157479952462,4756,20250322,21,2273,119,1,1,517.53,517.53,569.283,51.753,10.0
gid://shopify/LineItem/2160239149134,6381,20250324,21,2274,94,1,1,517.53,517.53,569.283,51.753,10.0
gid://shopify/LineItem/2161161666638,7197,20250324,473,2275,173,1,1,537.13,537.13,590.843,53.713,10.0
gid://shopify/LineItem/2155904630862,3474,20250321,44,2276,11,1,1,522.43,522.43,574.673,52.243,10.0
gid://shopify/LineItem/2156286017614,3792,20250321,1,2277,212,1,1,693.13,693.13,762.443,69.313,10.0
gid://shopify/LineItem/2152149286990,678,20250318,1,2278,434,1,1,683.13,683.13,751.443,68.313,10.0
gid://shopify/LineItem/2160405413966,6574,20250324,1,2279,62,1,1,517.53,517.53,569.283,51.753,10.0
gid://shopify/LineItem/2156550651982,4015,20250321,1,2280,396,1,1,517.13,517.13,568.843,51.713,10.0
gid://shopify/LineItem/2159710240846,6117,20250323,574,215,105,1,1,595.93,595.93,655.523,59.593,10.0
gid://shopify/LineItem/2159091023950,5699,20250323,1,2281,16,1,1,517.53,517.53,569.283,51.753,10.0
gid://shopify/LineItem/2156524011598,3997,20250321,575,2282,76,1,1,517.13,517.13,568.843,51.713,10.0
gid://shopify/LineItem/2151640694862,295,20250318,427,2283,177,1,1,509.53,509.53,560.483,50.953,10.0
gid://shopify/LineItem/2158591279182,5405,20250323,427,2284,26,1,1,509.53,509.53,560.483,50.953,10.0
gid://shopify/LineItem/2153727066190,1794,20250319,576,711,19,1,1,595.93,595.93,655.523,59.593,10.0
gid://shopify/LineItem/2153857122382,1906,20250319,188,2285,134,1,1,635.13,635.13,698.643,63.513,10.0
gid://shopify/LineItem/2154446127182,2233,20250320,188,2286,40,1,1,537.13,537.13,590.843,53.713,10.0
gid://shopify/LineItem/2157389742158,4686,20250322,188,110,109,1,1,635.13,635.13,698.643,63.513,10.0
gid://shopify/LineItem/2153670672462,1736,20250319,188,2287,377,1,1,517.53,517.53,569.283,51.753,10.0
gid://shopify/LineItem/2153104539726,1228,20250319,179,2288,49,1,1,517.53,517.53,569.283,51.753,10.0
gid://shopify/LineItem/2152104951886,650,20250318,428,1665,242,1,1,571.93,571.93,629.123,57.193,10.0
gid://shopify/LineItem/2159677866062,6091,20250323,577,2289,72,1,1,595.13,595.13,654.643,59.513,10.0
gid://shopify/LineItem/2158039695438,5200,20250322,577,384,17,1,1,547.93,547.93,602.723,54.793,10.0
gid://shopify/LineItem/2159672524878,6087,20250323,577,2290,19,1,1,579.93,579.93,637.923,57.993,10.0
gid://shopify/LineItem/2160943136846,7025,20250324,1,2291,204,1,1,615.13,615.13,676.643,61.513,10.0
gid://shopify/LineItem/2153299902542,1414,20250319,20,2292,1,1,1,485.53,485.53,534.083,48.553,10.0
gid://shopify/LineItem/2154631069774,2434,20250320,20,2293,35,1,1,563.93,563.93,620.323,56.393,10.0
gid://shopify/LineItem/2159018278990,5658,20250323,20,2294,3,1,1,485.53,485.53,534.083,48.553,10.0
gid://shopify/LineItem/2153727688782,1797,20250319,179,42,69,1,1,517.53,517.53,569.283,51.753,10.0
gid://shopify/LineItem/2151746076750,363,20250318,299,970,20,1,1,537.13,537.13,590.843,53.713,10.0
gid://shopify/LineItem/2155020025934,2850,20250320,20,2295,14,1,1,531.93,531.93,585.123,53.193,10.0
gid://shopify/LineItem/2160142811214,6280,20250324,20,2296,272,1,1,531.93,531.93,585.123,53.193,10.0
gid://shopify/LineItem/2155415535694,3178,20250321,44,633,19,1,1,537.13,537.13,590.843,53.713,10.0
gid://shopify/LineItem/2152292122702,760,20250318,44,2297,19,1,1,595.93,595.93,655.523,59.593,10.0
gid://shopify/LineItem/2153765830734,1836,20250319,44,2298,252,1,1,517.53,517.53,569.283,51.753,10.0
gid://shopify/LineItem/2158858895438,5539,20250323,177,2299,35,1,1,497.13,497.13,546.843,49.713,10.0
gid://shopify/LineItem/2154992730190,2814,20250320,44,2300,294,1,1,537.13,537.13,590.843,53.713,10.0
gid://shopify/LineItem/2155828641870,3408,20250321,182,2239,188,1,1,527.13,527.13,579.843,52.713,10.0
gid://shopify/LineItem/2156372328526,3853,20250321,188,2301,29,1,1,893.53,893.53,982.883,89.353,10.0
gid://shopify/LineItem/2155072225358,2920,20250320,177,2302,117,1,1,497.13,497.13,546.843,49.713,10.0
gid://shopify/LineItem/2156706398286,4119,20250321,578,1168,1,1,1,595.13,595.13,654.643,59.513,10.0
gid://shopify/LineItem/2152640479310,956,20250319,579,2303,102,1,1,507.13,507.13,557.843,50.713,10.0
gid://shopify/LineItem/2157517406286,4789,20250322,431,2247,97,1,1,497.13,497.13,546.843,49.713,10.0
gid://shopify/LineItem/2157335642190,4631,20250322,21,2304,204,1,1,635.13,635.13,698.643,63.513,10.0
gid://shopify/LineItem/2153031696462,1152,20250319,432,2305,89,1,1,517.53,517.53,569.283,51.753,10.0
gid://shopify/LineItem/2155045191758,2883,20250320,580,2306,41,1,1,507.13,507.13,557.843,50.713,10.0
gid://shopify/LineItem/2160493396046,6663,20250324,20,2307,163,1,1,507.13,507.13,557.843,50.713,10.0
gid://shopify/LineItem/2156018991182,3573,20250321,581,2308,1,1,1,527.13,527.13,579.843,52.713,10.0
gid://shopify/LineItem/2153247244366,1360,20250319,179,2309,345,1,1,733.13,733.13,806.443,73.313,10.0
gid://shopify/LineItem/2159073820750,5689,20250323,179,2310,136,1,1,517.53,517.53,569.283,51.753,10.0
gid://shopify/LineItem/2160611524686,6768,20250324,582,2311,120,1,1,563.93,563.93,620.323,56.393,10.0
gid://shopify/LineItem/2155020615758,2852,20250320,20,1324,45,1,1,652.13,652.13,717.343,65.213,10.0
gid://shopify/LineItem/2156232474702,3746,20250321,360,507,93,1,1,527.13,527.13,579.843,52.713,10.0
gid://shopify/LineItem/2159487025230,5964,20250323,360,1045,384,1,1,605.13,605.13,665.643,60.513,10.0
gid://shopify/LineItem/2155793055822,3370,20250321,361,2312,222,1,1,537.13,537.13,590.843,53.713,10.0
gid://shopify/LineItem/2153743515726,1814,20250319,433,2256,13,1,1,650.33,650.33,715.363,65.033,10.0
gid://shopify/LineItem/2152073986126,629,20250318,20,2313,404,1,1,505.13,505.13,555.643,50.513,10.0
gid://shopify/LineItem/2153525248078,1589,20250319,1,678,205,1,1,497.13,497.13,546.843,49.713,10.0
gid://shopify/LineItem/2155140284494,2976,20250320,182,1707,248,1,1,537.13,537.13,590.843,53.713,10.0
gid://shopify/LineItem/2155010195534,2836,20250320,182,2314,92,1,1,517.53,517.53,569.283,51.753,10.0
gid://shopify/LineItem/2152857665614,992,20250319,181,2142,344,1,1,527.13,527.13,579.843,52.713,10.0
gid://shopify/LineItem/2153827139662,1886,20250319,181,2315,368,1,1,527.13,527.13,579.843,52.713,10.0
gid://shopify/LineItem/2156346867790,3832,20250321,181,2316,38,1,1,527.13,527.13,579.843,52.713,10.0
gid://shopify/LineItem/2157168033870,4458,20250322,181,2317,291,1,1,527.13,527.13,579.843,52.713,10.0
gid://shopify/LineItem/2159720890446,6127,20250323,181,10,89,1,1,509.53,509.53,560.483,50.953,10.0
gid://shopify/LineItem/2161286152270,7306,20250324,434,2318,28,1,1,635.13,635.13,698.643,63.513,10.0
gid://shopify/LineItem/2152176091214,698,20250318,314,2319,36,1,1,625.13,625.13,687.643,62.513,10.0
gid://shopify/LineItem/2152450392142,860,20250318,314,1897,45,1,1,527.13,527.13,579.843,52.713,10.0
gid://shopify/LineItem/2154498392142,2297,20250320,314,2320,17,1,1,527.13,527.13,579.843,52.713,10.0
gid://shopify/LineItem/2157326991438,4619,20250322,314,2321,155,1,1,527.13,527.13,579.843,52.713,10.0
gid://shopify/LineItem/2158632239182,5426,20250323,314,2322,357,1,1,509.53,509.53,560.483,50.953,10.0
gid://shopify/LineItem/2160248127566,6394,20250324,314,2323,104,1,1,579.93,579.93,637.923,57.993,10.0
gid://shopify/LineItem/2155106271310,2947,20250320,314,2324,119,1,1,560.03,560.03,616.033,56.003,10.0
gid://shopify/LineItem/2161022763086,7092,20250324,314,726,17,1,1,509.53,509.53,560.483,50.953,10.0
gid://shopify/LineItem/2158958215246,5614,20250323,193,2325,214,1,1,537.13,537.13,590.843,53.713,10.0
gid://shopify/LineItem/2152004714574,573,20250318,193,2326,121,1,1,517.53,517.53,569.283,51.753,10.0
gid://shopify/LineItem/2152939749454,1062,20250319,179,2327,17,1,1,537.13,537.13,590.843,53.713,10.0
gid://shopify/LineItem/2154399432782,2170,20250320,179,2328,258,1,1,517.53,517.53,569.283,51.753,10.0
gid://shopify/LineItem/2160963518542,7046,20250324,179,2329,121,1,1,595.93,595.93,655.523,59.593,10.0
gid://shopify/LineItem/2158751744078,5479,20250323,299,2330,67,1,1,517.53,517.53,569.283,51.753,10.0
gid://shopify/LineItem/2154802348110,2631,20250320,583,1537,81,1,1,517.13,517.13,568.843,51.713,10.0
gid://shopify/LineItem/2157068877902,4318,20250322,583,1839,1,1,1,605.13,605.13,665.643,60.513,10.0
gid://shopify/LineItem/2154826072142,2651,20250320,583,2331,16,1,1,501.53,501.53,551.683,50.153,10.0
gid://shopify/LineItem/2156452118606,3935,20250321,583,1125,45,1,1,501.53,501.53,551.683,50.153,10.0
gid://shopify/LineItem/2161196204110,7237,20250324,583,342,279,1,1,579.93,579.93,637.923,57.993,10.0
gid://shopify/LineItem/2152344879182,789,20250318,435,2332,1,1,1,595.13,595.13,654.643,59.513,10.0
gid://shopify/LineItem/2153282535502,1403,20250319,20,2333,284,1,1,555.93,555.93,611.523,55.593,10.0
gid://shopify/LineItem/2159478603854,5959,20250323,584,2334,435,1,1,531.93,531.93,585.123,53.193,10.0
gid://shopify/LineItem/2152612626510,949,20250319,437,2335,88,1,1,497.13,497.13,546.843,49.713,10.0
gid://shopify/LineItem/2152937226318,1058,20250319,437,2336,381,1,1,531.93,531.93,585.123,53.193,10.0
gid://shopify/LineItem/2158134624334,5250,20250322,437,2337,108,1,1,485.53,485.53,534.083,48.553,10.0
gid://shopify/LineItem/2161275404366,7301,20250324,585,2275,3,1,1,555.93,555.93,611.523,55.593,10.0
gid://shopify/LineItem/2155767693390,3340,20250321,439,2338,59,1,1,555.13,555.13,610.643,55.513,10.0
gid://shopify/LineItem/2156200493134,3718,20250321,439,2339,16,1,1,555.13,555.13,610.643,55.513,10.0
gid://shopify/LineItem/2156977291342,4184,20250322,439,822,35,1,1,497.13,497.13,546.843,49.713,10.0
gid://shopify/LineItem/2154658889806,2458,20250320,439,2340,32,1,1,488.43,488.43,537.273,48.843,10.0
gid://shopify/LineItem/2153788637262,1859,20250319,586,2341,137,1,1,497.13,497.13,546.843,49.713,10.0
gid://shopify/LineItem/2154311417934,2071,20250320,586,418,135,1,1,497.13,497.13,546.843,49.713,10.0
gid://shopify/LineItem/2160347447374,6527,20250324,587,2342,118,1,1,497.13,497.13,546.843,49.713,10.0
gid://shopify/LineItem/2159692546126,6107,20250323,177,2343,94,1,1,531.93,531.93,585.123,53.193,10.0
gid://shopify/LineItem/2161176412238,7215,20250324,179,2266,93,1,1,635.13,635.13,698.643,63.513,10.0
gid://shopify/LineItem/2151978696782,552,20250318,44,2344,159,1,1,537.13,537.13,590.843,53.713,10.0
gid://shopify/LineItem/2153291939918,1407,20250319,179,1734,59,1,1,517.53,517.53,569.283,51.753,10.0
gid://shopify/LineItem/2159373221966,5892,20250323,179,2232,27,1,1,728.73,728.73,801.603,72.873,10.0
gid://shopify/LineItem/2153953361998,1964,20250319,299,86,301,1,1,517.53,517.53,569.283,51.753,10.0
gid://shopify/LineItem/2157394886734,4690,20250322,299,1065,13,1,1,517.53,517.53,569.283,51.753,10.0
gid://shopify/LineItem/2157355302990,4650,20250322,588,2345,69,1,1,531.93,531.93,585.123,53.193,10.0
gid://shopify/LineItem/2155652055118,3236,20250321,44,522,87,1,1,537.13,537.13,590.843,53.713,10.0
gid://shopify/LineItem/2154357129294,2108,20250320,20,2346,60,1,1,585.13,585.13,643.643,58.513,10.0
gid://shopify/LineItem/2151986888782,560,20250318,188,794,172,1,1,537.13,537.13,590.843,53.713,10.0
gid://shopify/LineItem/2152673312846,962,20250319,188,2347,189,1,1,595.93,595.93,655.523,59.593,10.0
gid://shopify/LineItem/2159242838094,5806,20250323,188,2348,388,1,1,595.93,595.93,655.523,59.593,10.0
gid://shopify/LineItem/2157048102990,4287,20250322,182,936,94,1,1,625.13,625.13,687.643,62.513,10.0
gid://shopify/LineItem/2161410965582,7375,20250324,188,2349,79,1,1,537.13,537.13,590.843,53.713,10.0
gid://shopify/LineItem/2160861380686,6969,20250324,188,2350,24,1,1,517.53,517.53,569.283,51.753,10.0
gid://shopify/LineItem/2153190555726,1310,20250319,589,794,62,1,1,497.13,497.13,546.843,49.713,10.0
gid://shopify/LineItem/2152062320718,618,20250318,589,2351,424,1,1,485.53,485.53,534.083,48.553,10.0
gid://shopify/LineItem/2154651320398,2452,20250320,590,1337,173,1,1,527.13,527.13,579.843,52.713,10.0
gid://shopify/LineItem/2152336719950,783,20250318,179,2352,3,1,1,517.53,517.53,569.283,51.753,10.0
gid://shopify/LineItem/2151732871246,353,20250318,179,2353,109,1,1,625.13,625.13,687.643,62.513,10.0
gid://shopify/LineItem/2154505961550,2310,20250320,179,2065,204,1,1,537.13,537.13,590.843,53.713,10.0
gid://shopify/LineItem/2154796220494,2622,20250320,179,2354,230,1,1,635.13,635.13,698.643,63.513,10.0
gid://shopify/LineItem/2151940751438,531,20250318,179,2355,39,1,1,522.43,522.43,574.673,52.243,10.0
gid://shopify/LineItem/2152155709518,686,20250318,179,1054,365,1,1,517.53,517.53,569.283,51.753,10.0
gid://shopify/LineItem/2161066213454,7125,20250324,1,2356,55,1,1,635.13,635.13,698.643,63.513,10.0
gid://shopify/LineItem/2153714352206,1780,20250319,482,2357,437,1,1,693.13,693.13,762.443,69.313,10.0
gid://shopify/LineItem/2159458058318,5946,20250323,482,2358,44,1,1,585.13,585.13,643.643,58.513,10.0
gid://shopify/LineItem/2161172381774,7209,20250324,482,2359,96,1,1,517.13,517.13,568.843,51.713,10.0
gid://shopify/LineItem/2153185149006,1303,20250319,20,2360,98,1,1,509.53,509.53,560.483,50.953,10.0
gid://shopify/LineItem/2152621244494,951,20250319,591,2361,179,1,1,693.13,693.13,762.443,69.313,10.0
gid://shopify/LineItem/2159651717198,6074,20250323,592,2362,97,1,1,587.93,587.93,646.723,58.793,10.0
gid://shopify/LineItem/2160790306894,6919,20250324,592,2363,1,1,1,713.13,713.13,784.443,71.313,10.0
gid://shopify/LineItem/2157329743950,4623,20250322,21,1436,135,1,1,537.13,537.13,590.843,53.713,10.0
gid://shopify/LineItem/2153221783630,1337,20250319,182,1145,32,1,1,537.13,537.13,590.843,53.713,10.0
gid://shopify/LineItem/2158298071118,5310,20250323,182,347,183,1,1,517.53,517.53,569.283,51.753,10.0
gid://shopify/LineItem/2153266643022,1378,20250319,179,2364,439,1,1,537.13,537.13,590.843,53.713,10.0
gid://shopify/LineItem/2160595173454,6750,20250324,173,2365,92,1,1,527.13,527.13,579.843,52.713,10.0
gid://shopify/LineItem/2151611400270,266,20250318,174,2366,224,1,1,527.13,527.13,579.843,52.713,10.0
gid://shopify/LineItem/2151605862478,264,20250318,177,2367,390,1,1,485.53,485.53,534.083,48.553,10.0
gid://shopify/LineItem/2154020765774,2005,20250319,177,2368,176,1,1,485.53,485.53,534.083,48.553,10.0
gid://shopify/LineItem/2159690678350,6104,20250323,1,2022,55,1,1,509.53,509.53,560.483,50.953,10.0
gid://shopify/LineItem/2157980188750,5156,20250322,188,2369,136,1,1,537.13,537.13,590.843,53.713,10.0
gid://shopify/LineItem/2152073429070,627,20250318,182,237,20,1,1,483.13,483.13,531.443,48.313,10.0
gid://shopify/LineItem/2153167388750,1289,20250319,188,2370,178,1,1,537.13,537.13,590.843,53.713,10.0
gid://shopify/LineItem/2157034045518,4269,20250322,188,2371,205,1,1,723.13,723.13,795.443,72.313,10.0
gid://shopify/LineItem/2157375619150,4667,20250322,21,461,87,1,1,505.13,505.13,555.643,50.513,10.0
gid://shopify/LineItem/2158579122254,5396,20250323,177,2372,70,1,1,537.13,537.13,590.843,53.713,10.0
gid://shopify/LineItem/2151507263566,150,20250318,44,2373,440,1,1,537.13,537.13,590.843,53.713,10.0
gid://shopify/LineItem/2160824287310,6946,20250324,21,2155,172,1,1,723.13,723.13,795.443,72.313,10.0
gid://shopify/LineItem/2154184081486,2061,20250320,593,2374,154,1,1,497.13,497.13,546.843,49.713,10.0
gid://shopify/LineItem/2159528149070,5995,20250323,44,2375,172,1,1,650.33,650.33,715.363,65.033,10.0
gid://shopify/LineItem/2159249195086,5813,20250323,21,2376,154,1,1,635.13,635.13,698.643,63.513,10.0
gid://shopify/LineItem/2151196590158,24,20250318,20,2377,53,1,1,555.13,555.13,610.643,55.513,10.0
gid://shopify/LineItem/2155009802318,2834,20250320,177,1832,99,1,1,527.13,527.13,579.843,52.713,10.0
gid://shopify/LineItem/2161342611534,7335,20250324,594,2378,185,1,1,485.53,485.53,534.083,48.553,10.0
gid://shopify/LineItem/2152173240398,697,20250318,315,1916,38,1,1,527.13,527.13,579.843,52.713,10.0
gid://shopify/LineItem/2160249733198,6397,20250324,595,1972,248,1,1,537.13,537.13,590.843,53.713,10.0
gid://shopify/LineItem/2158257143886,5299,20250323,362,2379,124,1,1,517.53,517.53,569.283,51.753,10.0
gid://shopify/LineItem/2161152589902,7189,20250324,362,1201,175,1,1,517.53,517.53,569.283,51.753,10.0
gid://shopify/LineItem/2157101482062,4362,20250322,363,2380,13,1,1,625.13,625.13,687.643,62.513,10.0
gid://shopify/LineItem/2160368156750,6550,20250324,363,1074,62,1,1,509.53,509.53,560.483,50.953,10.0
gid://shopify/LineItem/2160337322062,6516,20250324,20,25,424,1,1,517.53,517.53,569.283,51.753,10.0
gid://shopify/LineItem/2154569728078,2378,20250320,179,2381,80,1,1,537.13,537.13,590.843,53.713,10.0
gid://shopify/LineItem/2154911072334,2724,20250320,179,2382,58,1,1,615.13,615.13,676.643,61.513,10.0
gid://shopify/LineItem/2160577019982,6733,20250324,179,2383,102,1,1,537.13,537.13,590.843,53.713,10.0
gid://shopify/LineItem/2151626637390,279,20250318,179,2384,289,1,1,517.53,517.53,569.283,51.753,10.0
gid://shopify/LineItem/2159652962382,6075,20250323,179,157,203,1,1,595.93,595.93,655.523,59.593,10.0
gid://shopify/LineItem/2159615049806,6046,20250323,486,2385,92,1,1,517.13,517.13,568.843,51.713,10.0
gid://shopify/LineItem/2154887479374,2701,20250320,443,1076,32,1,1,493.53,493.53,542.883,49.353,10.0
gid://shopify/LineItem/2159529066574,5996,20250323,596,1095,74,1,1,680.73,680.73,748.803,68.073,10.0
gid://shopify/LineItem/2153488449614,1548,20250319,1,2386,143,1,1,501.53,501.53,551.683,50.153,10.0
gid://shopify/LineItem/2159342747726,5870,20250323,1,2387,325,1,1,547.93,547.93,602.723,54.793,10.0
gid://shopify/LineItem/2160815964238,6938,20250324,20,2240,7,1,1,497.13,497.13,546.843,49.713,10.0
gid://shopify/LineItem/2156292833358,3797,20250321,177,2356,282,1,1,527.13,527.13,579.843,52.713,10.0
gid://shopify/LineItem/2158011220046,5177,20250322,188,2360,334,1,1,537.13,537.13,590.843,53.713,10.0
gid://shopify/LineItem/2159063466062,5685,20250323,177,1781,79,1,1,497.13,497.13,546.843,49.713,10.0
gid://shopify/LineItem/2159684288590,6099,20250323,188,1608,50,1,1,635.13,635.13,698.643,63.513,10.0
gid://shopify/LineItem/2155248615502,3086,20250320,188,2388,122,1,1,595.93,595.93,655.523,59.593,10.0
gid://shopify/LineItem/2153212706894,1329,20250319,188,2389,57,1,1,659.63,659.63,725.593,65.963,10.0
gid://shopify/LineItem/2160529408078,6699,20250324,21,2178,99,1,1,615.13,615.13,676.643,61.513,10.0
gid://shopify/LineItem/2154800021582,2627,20250320,597,2390,50,1,1,485.53,485.53,534.083,48.553,10.0
gid://shopify/LineItem/2158888157262,5565,20250323,20,391,29,1,1,497.13,497.13,546.843,49.713,10.0
gid://shopify/LineItem/2161013489742,7085,20250324,20,2391,17,1,1,497.13,497.13,546.843,49.713,10.0
gid://shopify/LineItem/2155096145998,2940,20250320,598,2392,162,1,1,571.93,571.93,629.123,57.193,10.0
gid://shopify/LineItem/2156453199950,3937,20250321,598,2393,21,1,1,493.53,493.53,542.883,49.353,10.0
gid://shopify/LineItem/2154544365646,2351,20250320,1,755,19,1,1,517.53,517.53,569.283,51.753,10.0
gid://shopify/LineItem/2152959279182,1075,20250319,1,2394,252,1,1,635.13,635.13,698.643,63.513,10.0
gid://shopify/LineItem/2157060096078,4306,20250322,599,2395,3,1,1,587.93,587.93,646.723,58.793,10.0
gid://shopify/LineItem/2160369827918,6552,20250324,599,2396,372,1,1,571.93,571.93,629.123,57.193,10.0
gid://shopify/LineItem/2158906736718,5580,20250323,20,2397,200,1,1,517.53,517.53,569.283,51.753,10.0
gid://shopify/LineItem/2156256100430,3771,20250321,600,736,112,1,1,507.13,507.13,557.843,50.713,10.0
gid://shopify/LineItem/2153823404110,1883,20250319,601,2398,441,1,1,507.13,507.13,557.843,50.713,10.0
gid://shopify/LineItem/2157686718542,4934,20250322,20,1346,8,1,1,497.13,497.13,546.843,49.713,10.0
gid://shopify/LineItem/2158642462798,5433,20250323,20,2399,35,1,1,485.53,485.53,534.083,48.553,10.0
gid://shopify/LineItem/2161168482382,7203,20250324,602,360,99,1,1,497.13,497.13,546.843,49.713,10.0
gid://shopify/LineItem/2152288256078,755,20250318,603,2400,60,1,1,497.13,497.13,546.843,49.713,10.0
gid://shopify/LineItem/2157136150606,4419,20250322,188,2401,417,1,1,537.13,537.13,590.843,53.713,10.0
gid://shopify/LineItem/2161039867982,7102,20250324,177,332,28,1,1,497.13,497.13,546.843,49.713,10.0
gid://shopify/LineItem/2157896073294,5085,20250322,20,1869,179,1,1,509.53,509.53,560.483,50.953,10.0
gid://shopify/LineItem/2160959684686,7039,20250324,20,55,44,1,1,497.13,497.13,546.843,49.713,10.0
gid://shopify/LineItem/2155311562830,3121,20250320,179,982,41,1,1,537.13,537.13,590.843,53.713,10.0
gid://shopify/LineItem/2152127430734,663,20250318,1,2402,216,1,1,517.13,517.13,568.843,51.713,10.0
gid://shopify/LineItem/2159631335502,6054,20250323,604,2403,36,1,1,595.93,595.93,655.523,59.593,10.0
gid://shopify/LineItem/2156248531022,3766,20250321,182,2404,352,1,1,537.13,537.13,590.843,53.713,10.0
gid://shopify/LineItem/2158821834830,5520,20250323,605,2405,251,1,1,509.53,509.53,560.483,50.953,10.0
gid://shopify/LineItem/2157593526350,4848,20250322,20,2406,15,1,1,485.53,485.53,534.083,48.553,10.0
gid://shopify/LineItem/2160704651342,6848,20250324,20,1174,153,1,1,563.93,563.93,620.323,56.393,10.0
gid://shopify/LineItem/2156982960206,4190,20250322,188,2407,279,1,1,587.93,587.93,646.723,58.793,10.0
gid://shopify/LineItem/2152497545294,887,20250318,179,2408,20,1,1,537.13,537.13,590.843,53.713,10.0
gid://shopify/LineItem/2154566975566,2376,20250320,179,2409,16,1,1,723.13,723.13,795.443,72.313,10.0
gid://shopify/LineItem/2157266075726,4558,20250322,179,907,143,1,1,537.13,537.13,590.843,53.713,10.0
gid://shopify/LineItem/2160243081294,6386,20250324,179,93,442,1,1,512.63,512.63,563.893,51.263,10.0
gid://shopify/LineItem/2154996138062,2822,20250320,20,2410,33,1,1,635.13,635.13,698.643,63.513,10.0
gid://shopify/LineItem/2159975006286,6246,20250324,317,2411,18,1,1,1009.13,1009.13,1110.043,100.913,10.0
gid://shopify/LineItem/2152190410830,707,20250318,449,2412,395,1,1,517.53,517.53,569.283,51.753,10.0
gid://shopify/LineItem/2160361570382,6543,20250324,449,241,114,1,1,587.93,587.93,646.723,58.793,10.0
gid://shopify/LineItem/2152289730638,758,20250318,364,2413,16,1,1,527.13,527.13,579.843,52.713,10.0
gid://shopify/LineItem/2151460339790,108,20250318,179,2414,94,1,1,537.13,537.13,590.843,53.713,10.0
gid://shopify/LineItem/2155235377230,3073,20250320,179,2415,39,1,1,595.13,595.13,654.643,59.513,10.0
gid://shopify/LineItem/2154783506510,2609,20250320,188,2416,386,1,1,537.13,537.13,590.843,53.713,10.0
gid://shopify/LineItem/2152888369230,1008,20250319,188,2417,35,1,1,517.53,517.53,569.283,51.753,10.0
gid://shopify/LineItem/2153645736014,1708,20250319,177,1950,298,1,1,565.13,565.13,621.643,56.513,10.0
gid://shopify/LineItem/2157181796430,4471,20250322,179,2418,68,1,1,733.13,733.13,806.443,73.313,10.0
gid://shopify/LineItem/2157416906830,4708,20250322,179,2419,163,1,1,635.13,635.13,698.643,63.513,10.0
gid://shopify/LineItem/2158944321614,5600,20250323,179,1187,251,1,1,595.93,595.93,655.523,59.593,10.0
gid://shopify/LineItem/2161021124686,7091,20250324,179,2420,53,1,1,625.13,625.13,687.643,62.513,10.0
gid://shopify/LineItem/2153594847310,1668,20250319,179,2421,76,1,1,537.13,537.13,590.843,53.713,10.0
gid://shopify/LineItem/2159301722190,5842,20250323,179,2422,318,1,1,537.13,537.13,590.843,53.713,10.0
gid://shopify/LineItem/2159655977038,6077,20250323,179,2423,28,1,1,663.13,663.13,729.443,66.313,10.0
gid://shopify/LineItem/2153514467406,1577,20250319,179,1711,41,1,1,517.53,517.53,569.283,51.753,10.0
gid://shopify/LineItem/2160208281678,6335,20250324,179,1984,252,1,1,517.53,517.53,569.283,51.753,10.0
gid://shopify/LineItem/2160767402062,6903,20250324,179,2424,39,1,1,537.13,537.13,590.843,53.713,10.0
gid://shopify/LineItem/2152547876942,914,20250318,20,2425,28,1,1,497.13,497.13,546.843,49.713,10.0
gid://shopify/LineItem/2160246227022,6391,20250324,20,2422,127,1,1,539.93,539.93,593.923,53.993,10.0
gid://shopify/LineItem/2160869834830,6979,20250324,20,2426,89,1,1,485.53,485.53,534.083,48.553,10.0
gid://shopify/LineItem/2151583907918,239,20250318,179,2427,55,1,1,537.13,537.13,590.843,53.713,10.0
gid://shopify/LineItem/2151616938062,271,20250318,179,2004,83,1,1,537.13,537.13,590.843,53.713,10.0
gid://shopify/LineItem/2159156985934,5749,20250323,179,2428,143,1,1,635.13,635.13,698.643,63.513,10.0
gid://shopify/LineItem/2154447568974,2235,20250320,317,2429,19,1,1,509.53,509.53,560.483,50.953,10.0
gid://shopify/LineItem/2155028938830,2864,20250320,317,2340,105,1,1,509.53,509.53,560.483,50.953,10.0
gid://shopify/LineItem/2154581622862,2385,20250320,179,489,223,1,1,537.13,537.13,590.843,53.713,10.0
gid://shopify/LineItem/2156694601806,4110,20250321,179,2040,280,1,1,635.13,635.13,698.643,63.513,10.0
gid://shopify/LineItem/2160573644878,6731,20250324,179,1839,425,1,1,537.13,537.13,590.843,53.713,10.0
gid://shopify/LineItem/2151593574478,257,20250318,179,2430,161,1,1,595.93,595.93,655.523,59.593,10.0
gid://shopify/LineItem/2152961441870,1078,20250319,179,2431,253,1,1,517.53,517.53,569.283,51.753,10.0
gid://shopify/LineItem/2155881726030,3447,20250321,606,2432,16,1,1,587.93,587.93,646.723,58.793,10.0
gid://shopify/LineItem/2161153998926,7191,20250324,606,2433,1,1,1,635.13,635.13,698.643,63.513,10.0
gid://shopify/LineItem/2151769178190,393,20250318,174,2434,93,1,1,527.13,527.13,579.843,52.713,10.0
gid://shopify/LineItem/2156248236110,3765,20250321,174,2435,24,1,1,527.13,527.13,579.843,52.713,10.0
gid://shopify/LineItem/2156159107150,3683,20250321,174,2170,121,1,1,509.53,509.53,560.483,50.953,10.0
gid://shopify/LineItem/2160852861006,6961,20250324,182,2436,230,1,1,509.53,509.53,560.483,50.953,10.0
gid://shopify/LineItem/2157593722958,4849,20250322,179,2437,5,1,1,733.13,733.13,806.443,73.313,10.0
gid://shopify/LineItem/2156131614798,3662,20250321,179,2438,79,1,1,537.13,537.13,590.843,53.713,10.0
gid://shopify/LineItem/2157938606158,5119,20250322,179,2439,119,1,1,537.13,537.13,590.843,53.713,10.0
gid://shopify/LineItem/2160108273742,6268,20250324,179,573,28,1,1,733.13,733.13,806.443,73.313,10.0
gid://shopify/LineItem/2156005883982,3558,20250321,179,2440,72,1,1,595.93,595.93,655.523,59.593,10.0
gid://shopify/LineItem/2159553052750,6012,20250323,174,2441,274,1,1,539.93,539.93,593.923,53.993,10.0
gid://shopify/LineItem/2157040959566,4280,20250322,20,1992,20,1,1,751.13,751.13,826.243,75.113,10.0
gid://shopify/LineItem/2158512144462,5359,20250323,20,219,14,1,1,565.13,565.13,621.643,56.513,10.0
gid://shopify/LineItem/2159029649486,5664,20250323,188,2442,251,1,1,605.13,605.13,665.643,60.513,10.0
gid://shopify/LineItem/2157277315150,4573,20250322,188,681,93,1,1,625.13,625.13,687.643,62.513,10.0
gid://shopify/LineItem/2157565444174,4821,20250322,188,2443,170,1,1,517.53,517.53,569.283,51.753,10.0
gid://shopify/LineItem/2154416504910,2194,20250320,317,2444,398,1,1,527.13,527.13,579.843,52.713,10.0
gid://shopify/LineItem/2154439901262,2222,20250320,317,2445,443,1,1,527.13,527.13,579.843,52.713,10.0
gid://shopify/LineItem/2155108237390,2949,20250320,317,2446,402,1,1,527.13,527.13,579.843,52.713,10.0
gid://shopify/LineItem/2157061996622,4310,20250322,317,629,16,1,1,587.93,587.93,646.723,58.793,10.0
gid://shopify/LineItem/2157125664846,4402,20250322,317,2447,133,1,1,509.53,509.53,560.483,50.953,10.0
gid://shopify/LineItem/2153729032270,1800,20250319,179,2448,206,1,1,537.13,537.13,590.843,53.713,10.0
gid://shopify/LineItem/2154344415310,2094,20250320,179,15,53,1,1,537.13,537.13,590.843,53.713,10.0
gid://shopify/LineItem/2152198373454,710,20250318,179,2449,119,1,1,587.93,587.93,646.723,58.793,10.0
gid://shopify/LineItem/2152487518286,882,20250318,179,2433,237,1,1,517.53,517.53,569.283,51.753,10.0
gid://shopify/LineItem/2154894557262,2711,20250320,179,2450,20,1,1,587.93,587.93,646.723,58.793,10.0
gid://shopify/LineItem/2156234375246,3747,20250321,179,1965,20,1,1,517.53,517.53,569.283,51.753,10.0
gid://shopify/LineItem/2160621682766,6771,20250324,179,2451,170,1,1,517.53,517.53,569.283,51.753,10.0
gid://shopify/LineItem/2160942448718,7023,20250324,179,2452,121,1,1,517.53,517.53,569.283,51.753,10.0
gid://shopify/LineItem/2160978919502,7060,20250324,179,2453,161,1,1,666.33,666.33,732.963,66.633,10.0
gid://shopify/LineItem/2161101373518,7156,20250324,179,1126,204,1,1,635.13,635.13,698.643,63.513,10.0
gid://shopify/LineItem/2157344391246,4643,20250322,199,2286,163,1,1,527.13,527.13,579.843,52.713,10.0
gid://shopify/LineItem/2157653885006,4904,20250322,199,1047,248,1,1,527.13,527.13,579.843,52.713,10.0
gid://shopify/LineItem/2156540723278,4010,20250321,452,2454,83,1,1,537.13,537.13,590.843,53.713,10.0
gid://shopify/LineItem/2154507403342,2314,20250320,607,1319,237,1,1,537.13,537.13,590.843,53.713,10.0
gid://shopify/LineItem/2160317694030,6491,20250324,188,2455,304,1,1,635.13,635.13,698.643,63.513,10.0
gid://shopify/LineItem/2161497407566,7422,20250324,188,2456,156,1,1,625.13,625.13,687.643,62.513,10.0
gid://shopify/LineItem/2157312868430,4602,20250322,317,2457,83,1,1,509.53,509.53,560.483,50.953,10.0
gid://shopify/LineItem/2160633184334,6781,20250324,332,2115,206,1,1,571.93,571.93,629.123,57.193,10.0
gid://shopify/LineItem/2153690234958,1749,20250319,453,2160,209,1,1,527.13,527.13,579.843,52.713,10.0
gid://shopify/LineItem/2156771606606,4145,20250322,453,2458,80,1,1,527.13,527.13,579.843,52.713,10.0
gid://shopify/LineItem/2160565682254,6724,20250324,453,2459,13,1,1,658.33,658.33,724.163,65.833,10.0
gid://shopify/LineItem/2155223351374,3063,20250320,608,2460,232,1,1,517.53,517.53,569.283,51.753,10.0
gid://shopify/LineItem/2155769823310,3343,20250321,609,2461,260,1,1,635.13,635.13,698.643,63.513,10.0
gid://shopify/LineItem/2151186890830,18,20250318,610,2462,244,1,1,517.53,517.53,569.283,51.753,10.0
gid://shopify/LineItem/2155221844046,3060,20250320,188,2175,141,1,1,517.53,517.53,569.283,51.753,10.0
gid://shopify/LineItem/2152471265358,870,20250318,174,2463,355,1,1,509.53,509.53,560.483,50.953,10.0
gid://shopify/LineItem/2154711908430,2514,20250320,611,641,40,1,1,509.53,509.53,560.483,50.953,10.0
gid://shopify/LineItem/2159295103054,5838,20250323,611,2464,87,1,1,509.53,509.53,560.483,50.953,10.0
gid://shopify/LineItem/2161191878734,7232,20250324,611,2465,1,1,1,527.13,527.13,579.843,52.713,10.0
gid://shopify/LineItem/2159477555278,5956,20250323,612,2466,385,1,1,517.53,517.53,569.283,51.753,10.0
gid://shopify/LineItem/2156581519438,4034,20250321,613,395,160,1,1,733.13,733.13,806.443,73.313,10.0
gid://shopify/LineItem/2152183496782,703,20250318,174,2467,3,1,1,497.13,497.13,546.843,49.713,10.0
gid://shopify/LineItem/2153554477134,1623,20250319,188,2468,250,1,1,517.53,517.53,569.283,51.753,10.0
gid://shopify/LineItem/2157809205326,5010,20250322,336,2469,105,1,1,527.13,527.13,579.843,52.713,10.0
gid://shopify/LineItem/2157377716302,4669,20250322,336,286,156,1,1,563.93,563.93,620.323,56.393,10.0
gid://shopify/LineItem/2161415782478,7377,20250324,336,1084,85,1,1,527.13,527.13,579.843,52.713,10.0
gid://shopify/LineItem/2154743562318,2557,20250320,174,2470,197,1,1,527.13,527.13,579.843,52.713,10.0
gid://shopify/LineItem/2156198363214,3716,20250321,188,1775,16,1,1,537.13,537.13,590.843,53.713,10.0
gid://shopify/LineItem/2156329271374,3815,20250321,365,2471,225,1,1,587.93,587.93,646.723,58.793,10.0
gid://shopify/LineItem/2160957096014,7037,20250324,365,2472,100,1,1,527.13,527.13,579.843,52.713,10.0
gid://shopify/LineItem/2159195455566,5771,20250323,316,2473,16,1,1,527.13,527.13,579.843,52.713,10.0
gid://shopify/LineItem/2158879604814,5554,20250323,454,2474,15,1,1,527.13,527.13,579.843,52.713,10.0
gid://shopify/LineItem/2156497207374,3977,20250321,174,2339,322,1,1,497.13,497.13,546.843,49.713,10.0
gid://shopify/LineItem/2157458030670,4743,20250322,1,2475,33,1,1,517.53,517.53,569.283,51.753,10.0
gid://shopify/LineItem/2160719757390,6865,20250324,365,2476,260,1,1,509.53,509.53,560.483,50.953,10.0
gid://shopify/LineItem/2151521419342,169,20250318,478,2287,43,1,1,527.13,527.13,579.843,52.713,10.0
gid://shopify/LineItem/2155718508622,3285,20250321,188,2477,29,1,1,537.13,537.13,590.843,53.713,10.0
gid://shopify/LineItem/2156237455438,3751,20250321,320,2478,284,1,1,537.13,537.13,590.843,53.713,10.0
gid://shopify/LineItem/2157031096398,4261,20250322,320,2479,121,1,1,537.13,537.13,590.843,53.713,10.0
gid://shopify/LineItem/2157325418574,4616,20250322,320,2480,90,1,1,537.13,537.13,590.843,53.713,10.0
gid://shopify/LineItem/2157154730062,4439,20250322,320,417,58,1,1,517.53,517.53,569.283,51.753,10.0
gid://shopify/LineItem/2154717118542,2526,20250320,319,1450,126,1,1,635.13,635.13,698.643,63.513,10.0
gid://shopify/LineItem/2154396319822,2165,20250320,320,855,13,1,1,537.13,537.13,590.843,53.713,10.0
gid://shopify/LineItem/2154920542286,2734,20250320,174,2481,106,1,1,509.53,509.53,560.483,50.953,10.0
gid://shopify/LineItem/2158696104014,5461,20250323,1,2482,279,1,1,555.13,555.13,610.643,55.513,10.0
gid://shopify/LineItem/2155054334030,2893,20250320,455,2483,200,1,1,537.13,537.13,590.843,53.713,10.0
gid://shopify/LineItem/2158704721998,5463,20250323,455,2484,161,1,1,537.13,537.13,590.843,53.713,10.0
gid://shopify/LineItem/2157110886478,4382,20250322,455,2485,1,1,1,517.53,517.53,569.283,51.753,10.0
gid://shopify/LineItem/2153670934606,1737,20250319,614,2486,1,1,1,537.13,537.13,590.843,53.713,10.0
gid://shopify/LineItem/2155322474574,3129,20250320,456,2487,28,1,1,635.13,635.13,698.643,63.513,10.0
gid://shopify/LineItem/2161300930638,7315,20250324,456,1966,237,1,1,517.53,517.53,569.283,51.753,10.0
gid://shopify/LineItem/2160595337294,6751,20250324,1,2488,50,1,1,595.13,595.13,654.643,59.513,10.0
gid://shopify/LineItem/2160826810446,6949,20250324,1,2489,16,1,1,555.93,555.93,611.523,55.593,10.0
gid://shopify/LineItem/2155055284302,2895,20250320,615,2490,35,1,1,537.13,537.13,590.843,53.713,10.0
gid://shopify/LineItem/2152152891470,683,20250318,1,757,212,1,1,501.53,501.53,551.683,50.153,10.0
gid://shopify/LineItem/2159743598670,6140,20250323,1,2491,5,1,1,517.13,517.13,568.843,51.713,10.0
gid://shopify/LineItem/2158115291214,5239,20250322,1,2492,76,1,1,615.13,615.13,676.643,61.513,10.0
gid://shopify/LineItem/2156677267534,4100,20250321,20,914,212,1,1,527.13,527.13,579.843,52.713,10.0
gid://shopify/LineItem/2153472360526,1537,20250319,20,2493,3,1,1,527.13,527.13,579.843,52.713,10.0
gid://shopify/LineItem/2160353574990,6531,20250324,20,111,160,1,1,655.13,655.13,720.643,65.513,10.0
gid://shopify/LineItem/2155862687822,3435,20250321,20,733,170,1,1,527.13,527.13,579.843,52.713,10.0
gid://shopify/LineItem/2156476235854,3954,20250321,616,2494,178,1,1,537.13,537.13,590.843,53.713,10.0
gid://shopify/LineItem/2152337145934,784,20250318,20,2316,175,1,1,537.13,537.13,590.843,53.713,10.0
gid://shopify/LineItem/2156205310030,3724,20250321,20,2495,216,1,1,517.53,517.53,569.283,51.753,10.0
gid://shopify/LineItem/2151809286222,430,20250318,20,1334,383,1,1,527.13,527.13,579.843,52.713,10.0
gid://shopify/LineItem/2154598727758,2396,20250320,20,916,444,1,1,527.13,527.13,579.843,52.713,10.0
gid://shopify/LineItem/2152062287950,617,20250318,20,1879,8,1,1,509.53,509.53,560.483,50.953,10.0
gid://shopify/LineItem/2154624811086,2429,20250320,617,739,237,1,1,517.13,517.13,568.843,51.713,10.0
gid://shopify/LineItem/2153209167950,1323,20250319,20,2496,44,1,1,537.13,537.13,590.843,53.713,10.0
gid://shopify/LineItem/2154673438798,2477,20250320,20,1388,409,1,1,537.13,537.13,590.843,53.713,10.0
gid://shopify/LineItem/2154896162894,2712,20250320,20,1981,58,1,1,537.13,537.13,590.843,53.713,10.0
gid://shopify/LineItem/2154509205582,2321,20250320,618,441,27,1,1,571.93,571.93,629.123,57.193,10.0
gid://shopify/LineItem/2154921558094,2735,20250320,20,2497,334,1,1,507.13,507.13,557.843,50.713,10.0
gid://shopify/LineItem/2160216342606,6344,20250324,1,530,279,1,1,537.13,537.13,590.843,53.713,10.0
gid://shopify/LineItem/2156143935566,3671,20250321,20,2437,176,1,1,527.13,527.13,579.843,52.713,10.0
gid://shopify/LineItem/2155150016590,2990,20250320,20,2498,102,1,1,537.13,537.13,590.843,53.713,10.0
gid://shopify/LineItem/2151933771854,528,20250318,198,54,64,1,1,507.13,507.13,557.843,50.713,10.0
gid://shopify/LineItem/2152890433614,1010,20250319,1,1680,62,1,1,537.13,537.13,590.843,53.713,10.0
gid://shopify/LineItem/2160660316238,6803,20250324,1,2499,8,1,1,537.13,537.13,590.843,53.713,10.0
gid://shopify/LineItem/2153457287246,1528,20250319,1,669,58,1,1,517.53,517.53,569.283,51.753,10.0
gid://shopify/LineItem/2155214274638,3051,20250320,20,2500,50,1,1,537.13,537.13,590.843,53.713,10.0
gid://shopify/LineItem/2156348047438,3834,20250321,20,1923,121,1,1,537.13,537.13,590.843,53.713,10.0
gid://shopify/LineItem/2161476993102,7413,20250324,20,2501,114,1,1,509.53,509.53,560.483,50.953,10.0
gid://shopify/LineItem/2160175317070,6299,20250324,1,2502,20,1,1,517.53,517.53,569.283,51.753,10.0
gid://shopify/LineItem/2160671817806,6811,20250324,1,1372,121,1,1,493.53,493.53,542.883,49.353,10.0
gid://shopify/LineItem/2157132873806,4414,20250322,21,2503,46,1,1,527.13,527.13,579.843,52.713,10.0
gid://shopify/LineItem/2153557885006,1628,20250319,20,2504,182,1,1,537.13,537.13,590.843,53.713,10.0
gid://shopify/LineItem/2154973233230,2794,20250320,20,1880,106,1,1,527.13,527.13,579.843,52.713,10.0
gid://shopify/LineItem/2152881717326,1004,20250319,20,426,69,1,1,507.13,507.13,557.843,50.713,10.0
gid://shopify/LineItem/2153628565582,1694,20250319,1,493,33,1,1,507.13,507.13,557.843,50.713,10.0
gid://shopify/LineItem/2158213890126,5284,20250323,1,1202,342,1,1,537.13,537.13,590.843,53.713,10.0
gid://shopify/LineItem/2156208029774,3731,20250321,20,2505,87,1,1,527.13,527.13,579.843,52.713,10.0
gid://shopify/LineItem/2157059211342,4305,20250322,1,2107,62,1,1,635.13,635.13,698.643,63.513,10.0
gid://shopify/LineItem/2159845343310,6201,20250323,1,438,41,1,1,537.13,537.13,590.843,53.713,10.0
gid://shopify/LineItem/2158840348750,5529,20250323,1,2506,193,1,1,595.93,595.93,655.523,59.593,10.0
gid://shopify/LineItem/2153869901902,1916,20250319,1,2507,328,1,1,507.13,507.13,557.843,50.713,10.0
gid://shopify/LineItem/2159157346382,5750,20250323,1,2508,8,1,1,507.13,507.13,557.843,50.713,10.0
gid://shopify/LineItem/2160603693134,6764,20250324,1,1003,392,1,1,537.13,537.13,590.843,53.713,10.0
gid://shopify/LineItem/2154623434830,2425,20250320,1,2509,55,1,1,595.93,595.93,655.523,59.593,10.0
gid://shopify/LineItem/2151154122830,9,20250318,20,2007,100,1,1,527.13,527.13,579.843,52.713,10.0
gid://shopify/LineItem/2160874029134,6981,20250324,20,1475,44,1,1,527.13,527.13,579.843,52.713,10.0
gid://shopify/LineItem/2159402156110,5912,20250323,20,2510,190,1,1,527.13,527.13,579.843,52.713,10.0
gid://shopify/LineItem/2158790639694,5500,20250323,1,2511,68,1,1,537.13,537.13,590.843,53.713,10.0
gid://shopify/LineItem/2156058673230,3609,20250321,1,2512,46,1,1,537.13,537.13,590.843,53.713,10.0
gid://shopify/LineItem/2153792667726,1863,20250319,175,2513,286,1,1,507.13,507.13,557.843,50.713,10.0
gid://shopify/LineItem/2157078085710,4337,20250322,1,806,276,1,1,507.13,507.13,557.843,50.713,10.0
gid://shopify/LineItem/2151509950542,155,20250318,1,784,66,1,1,537.13,537.13,590.843,53.713,10.0
gid://shopify/LineItem/2154784096334,2610,20250320,177,2514,57,1,1,537.13,537.13,590.843,53.713,10.0
gid://shopify/LineItem/2160594059342,6747,20250324,177,2515,1,1,1,537.13,537.13,590.843,53.713,10.0
gid://shopify/LineItem/2156474138702,3952,20250321,21,2516,433,1,1,537.13,537.13,590.843,53.713,10.0
gid://shopify/LineItem/2161508024398,7428,20250324,21,687,340,1,1,537.13,537.13,590.843,53.713,10.0
gid://shopify/LineItem/2160476225614,6647,20250324,177,2517,445,1,1,537.13,537.13,590.843,53.713,10.0
gid://shopify/LineItem/2154918543438,2731,20250320,20,2518,59,1,1,537.13,537.13,590.843,53.713,10.0
gid://shopify/LineItem/2156506546254,3981,20250321,1,2519,127,1,1,537.13,537.13,590.843,53.713,10.0
gid://shopify/LineItem/2158921154638,5593,20250323,21,2520,2,1,1,517.53,517.53,569.283,51.753,10.0
gid://shopify/LineItem/2155122622542,2963,20250320,177,1287,65,1,1,537.13,537.13,590.843,53.713,10.0
gid://shopify/LineItem/2153059287118,1175,20250319,177,2521,314,1,1,517.53,517.53,569.283,51.753,10.0
gid://shopify/LineItem/2160500473934,6672,20250324,1,2048,446,1,1,517.53,517.53,569.283,51.753,10.0
gid://shopify/LineItem/2157103874126,4368,20250322,1,2522,76,1,1,517.53,517.53,569.283,51.753,10.0
gid://shopify/LineItem/2158936686670,5598,20250323,20,2523,9,1,1,537.13,537.13,590.843,53.713,10.0
gid://shopify/LineItem/2156808208462,4156,20250322,21,2524,92,1,1,537.13,537.13,590.843,53.713,10.0
gid://shopify/LineItem/2160199204942,6324,20250324,1,2525,16,1,1,497.13,497.13,546.843,49.713,10.0
gid://shopify/LineItem/2157332496462,4625,20250322,619,1594,65,1,1,509.53,509.53,560.483,50.953,10.0
gid://shopify/LineItem/2161234804814,7267,20250324,1,885,84,1,1,517.53,517.53,569.283,51.753,10.0
gid://shopify/LineItem/2159801663566,6177,20250323,1,2526,121,1,1,537.13,537.13,590.843,53.713,10.0
gid://shopify/LineItem/2156531941454,4005,20250321,1,2527,69,1,1,517.53,517.53,569.283,51.753,10.0
gid://shopify/LineItem/2160928260174,7012,20250324,1,2528,447,1,1,537.13,537.13,590.843,53.713,10.0
gid://shopify/LineItem/2153066332238,1186,20250319,20,2529,78,1,1,537.13,537.13,590.843,53.713,10.0
gid://shopify/LineItem/2152475230286,876,20250318,20,2530,38,1,1,512.63,512.63,563.893,51.263,10.0
gid://shopify/LineItem/2157138509902,4422,20250322,620,2531,223,1,1,625.13,625.13,687.643,62.513,10.0
gid://shopify/LineItem/2156970475598,4179,20250322,1,2532,40,1,1,733.13,733.13,806.443,73.313,10.0
gid://shopify/LineItem/2157102956622,4367,20250322,1,2533,286,1,1,517.53,517.53,569.283,51.753,10.0
gid://shopify/LineItem/2155501224014,3206,20250321,177,245,170,1,1,537.13,537.13,590.843,53.713,10.0
gid://shopify/LineItem/2161259806798,7291,20250324,331,898,15,1,1,537.13,537.13,590.843,53.713,10.0
gid://shopify/LineItem/2157865074766,5057,20250322,1,1730,16,1,1,537.13,537.13,590.843,53.713,10.0
gid://shopify/LineItem/2158632108110,5425,20250323,1,2534,275,1,1,595.93,595.93,655.523,59.593,10.0
gid://shopify/LineItem/2153025241166,1142,20250319,177,1310,164,1,1,537.13,537.13,590.843,53.713,10.0
gid://shopify/LineItem/2160241115214,6382,20250324,177,2535,244,1,1,512.63,512.63,563.893,51.263,10.0
gid://shopify/LineItem/2154918445134,2729,20250320,479,2536,209,1,1,527.13,527.13,579.843,52.713,10.0
gid://shopify/LineItem/2151591936078,255,20250318,177,2537,45,1,1,537.13,537.13,590.843,53.713,10.0
gid://shopify/LineItem/2155150704718,2991,20250320,177,2538,39,1,1,537.13,537.13,590.843,53.713,10.0
gid://shopify/LineItem/2161443274830,7390,20250324,621,322,16,1,1,509.53,509.53,560.483,50.953,10.0
gid://shopify/LineItem/2151634829390,289,20250318,177,2539,62,1,1,537.13,537.13,590.843,53.713,10.0
gid://shopify/LineItem/2159839707214,6198,20250323,1,400,83,1,1,537.13,537.13,590.843,53.713,10.0
gid://shopify/LineItem/2151402930254,69,20250318,622,2540,77,1,1,517.13,517.13,568.843,51.713,10.0
gid://shopify/LineItem/2155057315918,2899,20250320,174,2541,99,1,1,537.13,537.13,590.843,53.713,10.0
gid://shopify/LineItem/2155820023886,3391,20250321,174,1695,175,1,1,537.13,537.13,590.843,53.713,10.0
gid://shopify/LineItem/2158056833102,5211,20250322,368,964,118,1,1,517.13,517.13,568.843,51.713,10.0
gid://shopify/LineItem/2158861910094,5543,20250323,337,2542,204,1,1,537.13,537.13,590.843,53.713,10.0
gid://shopify/LineItem/2157584285774,4839,20250322,623,2543,207,1,1,501.53,501.53,551.683,50.153,10.0
gid://shopify/LineItem/2151723335758,345,20250318,174,874,135,1,1,512.63,512.63,563.893,51.263,10.0
gid://shopify/LineItem/2151992131662,564,20250318,624,2544,83,1,1,517.13,517.13,568.843,51.713,10.0
gid://shopify/LineItem/2156979978318,4188,20250322,624,1963,220,1,1,501.53,501.53,551.683,50.153,10.0
gid://shopify/LineItem/2156285362254,3791,20250321,174,2545,55,1,1,537.13,537.13,590.843,53.713,10.0
gid://shopify/LineItem/2154451828814,2238,20250320,174,2546,69,1,1,517.53,517.53,569.283,51.753,10.0
gid://shopify/LineItem/2157443579982,4735,20250322,1,1698,169,1,1,537.13,537.13,590.843,53.713,10.0
gid://shopify/LineItem/2154849501262,2671,20250320,1,2547,86,1,1,537.13,537.13,590.843,53.713,10.0
gid://shopify/LineItem/2154999447630,2824,20250320,1,111,1,1,1,537.13,537.13,590.843,53.713,10.0
gid://shopify/LineItem/2151750762574,367,20250318,1,2548,13,1,1,537.13,537.13,590.843,53.713,10.0
gid://shopify/LineItem/2152373977166,810,20250318,1,2549,145,1,1,517.53,517.53,569.283,51.753,10.0
gid://shopify/LineItem/2151896449102,504,20250318,20,2550,416,1,1,537.13,537.13,590.843,53.713,10.0
gid://shopify/LineItem/2153314943054,1425,20250319,20,2295,15,1,1,537.13,537.13,590.843,53.713,10.0
gid://shopify/LineItem/2153430024270,1510,20250319,20,1271,200,1,1,537.13,537.13,590.843,53.713,10.0
gid://shopify/LineItem/2154897080398,2713,20250320,20,472,85,1,1,517.53,517.53,569.283,51.753,10.0
gid://shopify/LineItem/2160752689230,6895,20250324,20,700,275,1,1,537.13,537.13,590.843,53.713,10.0
gid://shopify/LineItem/2154058285134,2019,20250319,1,2551,1,1,1,517.53,517.53,569.283,51.753,10.0
gid://shopify/LineItem/2154986864718,2812,20250320,1,2552,122,1,1,517.53,517.53,569.283,51.753,10.0
gid://shopify/LineItem/2160596680782,6755,20250324,1,2553,102,1,1,537.13,537.13,590.843,53.713,10.0
gid://shopify/LineItem/2157898170446,5086,20250322,625,340,244,1,1,537.13,537.13,590.843,53.713,10.0
gid://shopify/LineItem/2154340155470,2087,20250320,20,2554,77,1,1,537.13,537.13,590.843,53.713,10.0
gid://shopify/LineItem/2157090373710,4352,20250322,20,2371,205,1,1,537.13,537.13,590.843,53.713,10.0
gid://shopify/LineItem/2157526122574,4792,20250322,20,2224,16,1,1,537.13,537.13,590.843,53.713,10.0
gid://shopify/LineItem/2160878256206,6988,20250324,20,465,324,1,1,537.13,537.13,590.843,53.713,10.0
gid://shopify/LineItem/2156604588110,4051,20250321,322,2555,188,1,1,517.53,517.53,569.283,51.753,10.0
gid://shopify/LineItem/2151677821006,317,20250318,1,2556,173,1,1,537.13,537.13,590.843,53.713,10.0
gid://shopify/LineItem/2157090144334,4351,20250322,1,751,32,1,1,517.53,517.53,569.283,51.753,10.0
gid://shopify/LineItem/2160435822670,6601,20250324,1,2557,109,1,1,517.53,517.53,569.283,51.753,10.0
gid://shopify/LineItem/2157046661198,4285,20250322,20,2558,90,1,1,537.13,537.13,590.843,53.713,10.0
gid://shopify/LineItem/2157615087694,4863,20250322,20,2109,176,1,1,537.13,537.13,590.843,53.713,10.0
gid://shopify/LineItem/2161277796430,7303,20250324,20,2559,16,1,1,537.13,537.13,590.843,53.713,10.0
gid://shopify/LineItem/2156481871950,3960,20250321,20,2560,59,1,1,517.53,517.53,569.283,51.753,10.0
gid://shopify/LineItem/2158804205646,5507,20250323,1,2561,402,1,1,537.13,537.13,590.843,53.713,10.0
gid://shopify/LineItem/2154983293006,2804,20250320,1,1300,1,1,1,537.13,537.13,590.843,53.713,10.0
gid://shopify/LineItem/2154965565518,2786,20250320,20,2562,266,1,1,567.13,567.13,623.843,56.713,10.0
gid://shopify/LineItem/2160703701070,6847,20250324,1,2541,200,1,1,541.53,541.53,595.683,54.153,10.0
gid://shopify/LineItem/2157603618894,4855,20250322,1,2563,299,1,1,541.53,541.53,595.683,54.153,10.0
gid://shopify/LineItem/2152404156494,830,20250318,20,2564,93,1,1,541.53,541.53,595.683,54.153,10.0
gid://shopify/LineItem/2152828665934,981,20250319,20,2565,17,1,1,567.13,567.13,623.843,56.713,10.0
gid://shopify/LineItem/2159645818958,6068,20250323,1,2566,53,1,1,567.13,567.13,623.843,56.713,10.0
gid://shopify/LineItem/2156377735246,3858,20250321,1,2567,53,1,1,547.93,547.93,602.723,54.793,10.0
gid://shopify/LineItem/2151461683278,113,20250318,1,2568,231,1,1,541.53,541.53,595.683,54.153,10.0
gid://shopify/LineItem/2156452610126,3936,20250321,1,1029,209,1,1,541.53,541.53,595.683,54.153,10.0
gid://shopify/LineItem/2160197664846,6319,20250324,1,2569,105,1,1,541.53,541.53,595.683,54.153,10.0
gid://shopify/LineItem/2154645684302,2446,20250320,1,2570,349,1,1,535.13,535.13,588.643,53.513,10.0
gid://shopify/LineItem/2155184390222,3022,20250320,1,2571,74,1,1,567.13,567.13,623.843,56.713,10.0
gid://shopify/LineItem/2151873249358,487,20250318,1,2572,334,1,1,567.13,567.13,623.843,56.713,10.0
gid://shopify/LineItem/2157900529742,5089,20250322,1,2573,334,1,1,567.13,567.13,623.843,56.713,10.0
gid://shopify/LineItem/2154800873550,2629,20250320,1,2574,100,1,1,541.53,541.53,595.683,54.153,10.0
gid://shopify/LineItem/2152967635022,1087,20250319,1,1975,372,1,1,567.13,567.13,623.843,56.713,10.0
gid://shopify/LineItem/2160250093646,6399,20250324,44,1461,49,1,1,517.13,517.13,568.843,51.713,10.0
gid://shopify/LineItem/2158239547470,5294,20250323,626,2575,121,1,1,517.13,517.13,568.843,51.713,10.0
gid://shopify/LineItem/2155630166094,3222,20250321,627,2576,68,1,1,586.13,586.13,644.743,58.613,10.0
gid://shopify/LineItem/2155406229582,3174,20250321,628,2577,244,1,1,517.13,517.13,568.843,51.713,10.0
gid://shopify/LineItem/2160676110414,6815,20250324,629,2578,433,1,1,517.13,517.13,568.843,51.713,10.0
gid://shopify/LineItem/2156800835662,4155,20250322,44,2450,17,1,1,517.13,517.13,568.843,51.713,10.0
gid://shopify/LineItem/2157194412110,4484,20250322,630,1403,298,1,1,517.13,517.13,568.843,51.713,10.0
gid://shopify/LineItem/2154981425230,2803,20250320,20,2579,172,1,1,575.13,575.13,632.643,57.513,10.0
gid://shopify/LineItem/2155402068046,3172,20250321,20,2580,178,1,1,656.73,656.73,722.403,65.673,10.0
gid://shopify/LineItem/2154840916046,2660,20250320,631,381,104,1,1,559.13,559.13,615.043,55.913,10.0
gid://shopify/LineItem/2158452932686,5329,20250323,632,2581,137,1,1,829.13,829.13,912.043,82.913,10.0
gid://shopify/LineItem/2153414033486,1497,20250319,633,2582,231,1,1,497.13,497.13,546.843,49.713,10.0
gid://shopify/LineItem/2157663551566,4915,20250322,634,2583,252,1,1,501.53,501.53,551.683,50.153,10.0
gid://shopify/LineItem/2156979224654,4186,20250322,635,1916,69,1,1,693.13,693.13,762.443,69.313,10.0
gid://shopify/LineItem/2151842807886,463,20250318,1,2584,45,1,1,501.53,501.53,551.683,50.153,10.0
gid://shopify/LineItem/2155412586574,3177,20250321,636,162,438,1,1,501.53,501.53,551.683,50.153,10.0
gid://shopify/LineItem/2152683896910,965,20250319,637,770,148,1,1,501.53,501.53,551.683,50.153,10.0
gid://shopify/LineItem/2157144637518,4428,20250322,1,2585,13,1,1,517.13,517.13,568.843,51.713,10.0
gid://shopify/LineItem/2158017839182,5187,20250322,638,2586,145,1,1,517.13,517.13,568.843,51.713,10.0
gid://shopify/LineItem/2153485140046,1543,20250319,639,2237,237,1,1,509.53,509.53,560.483,50.953,10.0
gid://shopify/LineItem/2153217949774,1334,20250319,640,2587,189,1,1,673.13,673.13,740.443,67.313,10.0
gid://shopify/LineItem/2155028906062,2863,20250320,641,754,13,1,1,547.93,547.93,602.723,54.793,10.0
gid://shopify/LineItem/2160324902990,6503,20250324,627,2588,16,1,1,517.13,517.13,568.843,51.713,10.0
gid://shopify/LineItem/2152448393294,859,20250318,642,1296,238,1,1,571.93,571.93,629.123,57.193,10.0
gid://shopify/LineItem/2156792840270,4152,20250322,20,23,137,1,1,517.13,517.13,568.843,51.713,10.0
gid://shopify/LineItem/2154732912718,2545,20250320,643,1604,76,1,1,595.13,595.13,654.643,59.513,10.0
gid://shopify/LineItem/2157444530254,4736,20250322,644,1559,13,1,1,517.13,517.13,568.843,51.713,10.0
gid://shopify/LineItem/2159346384974,5875,20250323,627,2488,266,1,1,575.13,575.13,632.643,57.513,10.0
gid://shopify/LineItem/2159626649678,6051,20250323,20,1582,63,1,1,517.13,517.13,568.843,51.713,10.0
gid://shopify/LineItem/2156383404110,3867,20250321,1,2589,232,1,1,501.53,501.53,551.683,50.153,10.0
gid://shopify/LineItem/2154919559246,2732,20250320,645,87,85,1,1,497.13,497.13,546.843,49.713,10.0
gid://shopify/LineItem/2156779700302,4149,20250322,20,9,71,1,1,610.33,610.33,671.363,61.033,10.0
gid://shopify/LineItem/2161505534030,7426,20250324,20,2590,381,1,1,539.93,539.93,593.923,53.993,10.0
gid://shopify/LineItem/2159041904718,5674,20250323,301,2591,173,1,1,501.53,501.53,551.683,50.153,10.0
gid://shopify/LineItem/2158029504590,5193,20250322,1,2592,143,1,1,575.13,575.13,632.643,57.513,10.0
gid://shopify/LineItem/2160133898318,6276,20250324,1,2593,46,1,1,555.13,555.13,610.643,55.513,10.0
gid://shopify/LineItem/2159594537038,6037,20250323,646,1689,99,1,1,517.13,517.13,568.843,51.713,10.0
gid://shopify/LineItem/2157289046094,4583,20250322,647,2594,137,1,1,485.53,485.53,534.083,48.553,10.0
gid://shopify/LineItem/2161169203278,7205,20250324,20,2595,176,1,1,527.13,527.13,579.843,52.713,10.0
gid://shopify/LineItem/2157635895374,4886,20250322,174,317,237,1,1,537.13,537.13,590.843,53.713,10.0
gid://shopify/LineItem/2161072275534,7128,20250324,648,2596,377,1,1,497.13,497.13,546.843,49.713,10.0
gid://shopify/LineItem/2152048328782,604,20250318,324,2597,92,1,1,485.53,485.53,534.083,48.553,10.0
gid://shopify/LineItem/2157329809486,4624,20250322,325,2598,8,1,1,497.13,497.13,546.843,49.713,10.0
gid://shopify/LineItem/2154520346702,2332,20250320,20,2599,59,1,1,517.53,517.53,569.283,51.753,10.0
gid://shopify/LineItem/2153669230670,1732,20250319,174,2600,123,1,1,517.53,517.53,569.283,51.753,10.0
gid://shopify/LineItem/2153446604878,1520,20250319,649,2601,199,1,1,512.63,512.63,563.893,51.263,10.0
gid://shopify/LineItem/2157947519054,5129,20250322,650,2602,19,1,1,497.13,497.13,546.843,49.713,10.0
gid://shopify/LineItem/2155672830030,3250,20250321,651,2235,328,1,1,497.13,497.13,546.843,49.713,10.0
gid://shopify/LineItem/2154083385422,2034,20250319,174,2603,334,1,1,517.53,517.53,569.283,51.753,10.0
gid://shopify/LineItem/2156368265294,3844,20250321,174,1640,176,1,1,517.53,517.53,569.283,51.753,10.0
gid://shopify/LineItem/2153624010830,1688,20250319,652,2604,176,1,1,537.13,537.13,590.843,53.713,10.0
gid://shopify/LineItem/2160891527246,6994,20250324,653,2605,274,1,1,497.13,497.13,546.843,49.713,10.0
gid://shopify/LineItem/2154598334542,2395,20250320,654,2606,35,1,1,517.53,517.53,569.283,51.753,10.0
gid://shopify/LineItem/2160321593422,6500,20250324,371,953,174,1,1,497.13,497.13,546.843,49.713,10.0
gid://shopify/LineItem/2152145813582,675,20250318,655,735,92,1,1,478.13,478.13,525.943,47.813,10.0
gid://shopify/LineItem/2151783170126,407,20250318,20,1055,142,1,1,497.13,497.13,546.843,49.713,10.0
gid://shopify/LineItem/2157289439310,4584,20250322,20,2607,83,1,1,497.13,497.13,546.843,49.713,10.0
gid://shopify/LineItem/2158523023438,5367,20250323,656,2608,369,1,1,477.53,477.53,525.283,47.753,10.0
gid://shopify/LineItem/2155638390862,3230,20250321,373,2575,100,1,1,487.13,487.13,535.843,48.713,10.0
gid://shopify/LineItem/2153852764238,1903,20250319,657,2609,176,1,1,511.13,511.13,562.243,51.113,10.0
gid://shopify/LineItem/2159158329422,5751,20250323,658,1220,117,1,1,461.53,461.53,507.683,46.153,10.0
gid://shopify/LineItem/2152205320270,715,20250318,413,614,141,1,2,336.36,672.73,740.003,67.273,10.0
gid://shopify/LineItem/2157146079310,4431,20250322,21,2610,20,1,2,307.56,615.13,676.643,61.513,10.0
gid://shopify/LineItem/2157729022030,4962,20250322,20,2611,279,1,2,307.56,615.13,676.643,61.513,10.0
gid://shopify/LineItem/2151618641998,272,20250318,181,558,119,1,2,307.56,615.13,676.643,61.513,10.0
gid://shopify/LineItem/2155029987406,2866,20250320,179,2612,64,1,2,317.56,635.13,698.643,63.513,10.0
gid://shopify/LineItem/2157313851470,4604,20250322,1,1286,32,1,2,297.56,595.13,654.643,59.513,10.0
gid://shopify/LineItem/2159165014094,5755,20250323,21,2613,102,1,2,439.56,879.13,967.043,87.913,10.0
gid://shopify/LineItem/2152964751438,1084,20250319,368,1231,44,1,2,297.56,595.13,654.643,59.513,10.0
gid://shopify/LineItem/2153625223246,1692,20250319,314,2614,64,1,3,216.78,650.33,715.363,65.033,10.0
gid://shopify/LineItem/2151573848142,231,20250318,1,1773,119,1,1,501.53,501.53,551.683,50.153,10.0
gid://shopify/LineItem/2154808475726,2635,20250320,491,2615,57,1,1,625.13,625.13,687.643,62.513,10.0
gid://shopify/LineItem/2161113825358,7162,20250324,177,2616,77,1,1,517.13,517.13,568.843,51.713,10.0
gid://shopify/LineItem/2157282066510,4576,20250322,298,1865,73,1,1,505.13,505.13,555.643,50.513,10.0
gid://shopify/LineItem/2161108189262,7160,20250324,659,542,190,1,1,565.13,565.13,621.643,56.513,10.0
gid://shopify/LineItem/2151768719438,392,20250318,1,2356,238,1,1,859.13,859.13,945.043,85.913,10.0
gid://shopify/LineItem/2151819903054,439,20250318,179,2617,29,1,1,635.13,635.13,698.643,63.513,10.0
gid://shopify/LineItem/2153701572686,1767,20250319,177,700,161,1,1,605.13,605.13,665.643,60.513,10.0
gid://shopify/LineItem/2157604634702,4856,20250322,20,1499,106,1,1,476.83,476.83,524.513,47.683,10.0
gid://shopify/LineItem/2160702718030,6844,20250324,660,2618,372,1,1,482.63,482.63,530.893,48.263,10.0
gid://shopify/LineItem/2153060368462,1176,20250319,408,1919,151,1,1,571.93,571.93,629.123,57.193,10.0
gid://shopify/LineItem/2151404437582,70,20250318,416,1447,215,1,1,485.53,485.53,534.083,48.553,10.0
gid://shopify/LineItem/2160808001614,6928,20250324,197,2619,197,1,1,713.13,713.13,784.443,71.313,10.0
gid://shopify/LineItem/2160961355854,7042,20250324,357,2299,205,1,1,586.13,586.13,644.743,58.613,10.0
gid://shopify/LineItem/2159420375118,5925,20250323,1,2620,52,1,1,517.13,517.13,568.843,51.713,10.0
gid://shopify/LineItem/2152493809742,885,20250318,1,2621,223,1,1,595.93,595.93,655.523,59.593,10.0
gid://shopify/LineItem/2160708026446,6849,20250324,20,1117,119,1,1,537.13,537.13,590.843,53.713,10.0
gid://shopify/LineItem/2160357703758,6534,20250324,21,538,1,1,1,517.53,517.53,569.283,51.753,10.0
gid://shopify/LineItem/2154072670286,2029,20250319,177,2603,73,1,1,585.13,585.13,643.643,58.513,10.0
gid://shopify/LineItem/2161184047182,7225,20250324,661,2622,28,1,1,517.13,517.13,568.843,51.713,10.0
gid://shopify/LineItem/2154387341390,2147,20250320,317,2623,205,1,1,527.13,527.13,579.843,52.713,10.0
gid://shopify/LineItem/2153302130766,1416,20250319,662,1179,197,1,1,509.53,509.53,560.483,50.953,10.0
gid://shopify/LineItem/2158471348302,5339,20250323,174,747,17,1,1,485.53,485.53,534.083,48.553,10.0
gid://shopify/LineItem/2156477186126,3955,20250321,320,1006,60,1,1,537.13,537.13,590.843,53.713,10.0
gid://shopify/LineItem/2157179633742,4469,20250322,20,2624,121,1,1,537.13,537.13,590.843,53.713,10.0
gid://shopify/LineItem/2158466728014,5331,20250323,20,1642,3,1,1,497.13,497.13,546.843,49.713,10.0
gid://shopify/LineItem/2154453532750,2239,20250320,1,1388,29,1,1,517.13,517.13,568.843,51.713,10.0
gid://shopify/LineItem/2159331115086,5862,20250323,663,1411,29,1,5,126.83,634.13,697.543,63.413,10.0
gid://shopify/LineItem/2160258383950,6418,20250324,179,2625,53,1,1,537.13,537.13,590.843,53.713,10.0
gid://shopify/LineItem/2158291484750,5309,20250323,20,2626,26,1,1,603.13,603.13,663.443,60.313,10.0
gid://shopify/LineItem/2156706234446,4118,20250321,20,497,43,1,1,666.33,666.33,732.963,66.633,10.0
gid://shopify/LineItem/2161268326478,7295,20250324,664,1379,105,1,1,615.13,615.13,676.643,61.513,10.0
gid://shopify/LineItem/2154694574158,2499,20250320,665,2627,39,1,1,760.73,760.73,836.803,76.073,10.0
gid://shopify/LineItem/2157075169358,4331,20250322,492,2628,55,1,1,501.53,501.53,551.683,50.153,10.0
gid://shopify/LineItem/2153622274126,1686,20250319,383,2467,122,1,1,635.13,635.13,698.643,63.513,10.0
gid://shopify/LineItem/2160997171278,7074,20250324,495,2629,52,1,1,713.13,713.13,784.443,71.313,10.0
gid://shopify/LineItem/2157120618574,4400,20250322,499,2630,87,1,1,849.13,849.13,934.043,84.913,10.0
gid://shopify/LineItem/2160214310990,6341,20250324,344,2631,362,1,1,537.13,537.13,590.843,53.713,10.0
gid://shopify/LineItem/2159218655310,5785,20250323,294,1956,170,1,1,723.13,723.13,795.443,72.313,10.0
gid://shopify/LineItem/2156449464398,3934,20250321,294,2632,72,1,1,666.33,666.33,732.963,66.633,10.0
gid://shopify/LineItem/2154337927246,2083,20250320,177,1376,17,1,1,713.13,713.13,784.443,71.313,10.0
gid://shopify/LineItem/2159207219278,5777,20250323,666,2633,95,1,1,525.53,525.53,578.083,52.553,10.0
gid://shopify/LineItem/2154418602062,2196,20250320,20,733,156,1,1,501.53,501.53,551.683,50.153,10.0
gid://shopify/LineItem/2157635207246,4885,20250322,1,1836,165,1,1,535.13,535.13,588.643,53.513,10.0
gid://shopify/LineItem/2157929234510,5113,20250322,531,1390,39,1,1,517.53,517.53,569.283,51.753,10.0
gid://shopify/LineItem/2159564750926,6020,20250323,188,2634,418,1,1,625.13,625.13,687.643,62.513,10.0
gid://shopify/LineItem/2155232133198,3070,20250320,301,1718,28,1,1,517.53,517.53,569.283,51.753,10.0
gid://shopify/LineItem/2158181810254,5271,20250322,44,2635,151,1,1,595.13,595.13,654.643,59.513,10.0
gid://shopify/LineItem/2151611924558,267,20250318,301,2012,50,1,1,683.13,683.13,751.443,68.313,10.0
gid://shopify/LineItem/2151358103630,45,20250318,44,2578,191,1,1,831.13,831.13,914.243,83.113,10.0
gid://shopify/LineItem/2153734373454,1804,20250319,188,1031,106,1,1,763.13,763.13,839.443,76.313,10.0
gid://shopify/LineItem/2160225878094,6363,20250324,21,588,1,1,1,929.13,929.13,1022.043,92.913,10.0
gid://shopify/LineItem/2152998633550,1124,20250319,188,2636,252,1,1,693.13,693.13,762.443,69.313,10.0
gid://shopify/LineItem/2159934177358,6238,20250324,179,795,35,1,1,733.13,733.13,806.443,73.313,10.0
gid://shopify/LineItem/2155808358478,3382,20250321,299,2637,123,1,1,537.13,537.13,590.843,53.713,10.0
gid://shopify/LineItem/2159431483470,5934,20250323,44,1094,44,1,1,537.13,537.13,590.843,53.713,10.0
gid://shopify/LineItem/2155215061070,3053,20250320,20,962,309,1,1,869.13,869.13,956.043,86.913,10.0
gid://shopify/LineItem/2156695846990,4111,20250321,20,2638,28,1,1,579.93,579.93,637.923,57.993,10.0
gid://shopify/LineItem/2159760965710,6156,20250323,182,1555,149,1,1,1223.13,1223.13,1345.443,122.313,10.0
gid://shopify/LineItem/2155796856910,3373,20250321,334,2639,52,1,1,658.33,658.33,724.163,65.833,10.0
gid://shopify/LineItem/2154369876046,2128,20250320,20,2640,50,1,1,497.13,497.13,546.843,49.713,10.0
gid://shopify/LineItem/2154546757710,2355,20250320,1,2641,38,1,1,625.13,625.13,687.643,62.513,10.0
gid://shopify/LineItem/2156175917134,3695,20250321,20,2642,71,1,1,674.33,674.33,741.763,67.433,10.0
gid://shopify/LineItem/2153417179214,1500,20250319,1,450,448,1,1,497.13,497.13,546.843,49.713,10.0
gid://shopify/LineItem/2155782504526,3354,20250321,413,2643,100,1,1,563.93,563.93,620.323,56.393,10.0
gid://shopify/LineItem/2153987801166,1988,20250319,558,2234,64,1,1,723.13,723.13,795.443,72.313,10.0
gid://shopify/LineItem/2155212275790,3049,20250320,1,2644,1,1,1,527.13,527.13,579.843,52.713,10.0
gid://shopify/LineItem/2158975254606,5628,20250323,418,2645,1,1,1,501.53,501.53,551.683,50.153,10.0
gid://shopify/LineItem/2157065011278,4314,20250322,21,976,309,1,1,625.13,625.13,687.643,62.513,10.0
gid://shopify/LineItem/2157056983118,4300,20250322,564,895,163,1,1,666.33,666.33,732.963,66.633,10.0
gid://shopify/LineItem/2153348726862,1446,20250319,565,2646,16,1,1,497.13,497.13,546.843,49.713,10.0
gid://shopify/LineItem/2152572223566,926,20250318,310,2647,357,1,1,509.53,509.53,560.483,50.953,10.0
gid://shopify/LineItem/2158960083022,5616,20250323,568,2648,70,1,1,537.13,537.13,590.843,53.713,10.0
gid://shopify/LineItem/2155430477902,3184,20250321,667,939,41,1,1,537.13,537.13,590.843,53.713,10.0
gid://shopify/LineItem/2160124657742,6272,20250324,667,2649,65,1,1,517.53,517.53,569.283,51.753,10.0
gid://shopify/LineItem/2156410667086,3892,20250321,570,630,58,1,1,642.33,642.33,706.563,64.233,10.0
gid://shopify/LineItem/2153563881550,1638,20250319,1,2650,15,1,1,527.13,527.13,579.843,52.713,10.0
gid://shopify/LineItem/2151875346510,489,20250318,668,115,165,1,1,527.13,527.13,579.843,52.713,10.0
gid://shopify/LineItem/2151474004046,129,20250318,669,2651,415,1,1,527.13,527.13,579.843,52.713,10.0
gid://shopify/LineItem/2151830093902,450,20250318,1,2652,187,1,1,527.13,527.13,579.843,52.713,10.0
gid://shopify/LineItem/2157023395918,4250,20250322,579,2653,185,1,1,493.53,493.53,542.883,49.353,10.0
gid://shopify/LineItem/2160469082190,6639,20250324,360,1845,58,1,1,655.13,655.13,720.643,65.513,10.0
gid://shopify/LineItem/2153484943438,1542,20250319,181,73,201,1,1,527.13,527.13,579.843,52.713,10.0
gid://shopify/LineItem/2157234782286,4528,20250322,181,2654,106,1,1,527.13,527.13,579.843,52.713,10.0
gid://shopify/LineItem/2155961188430,3518,20250321,314,1460,195,1,1,625.13,625.13,687.643,62.513,10.0
gid://shopify/LineItem/2155761074254,3335,20250321,670,2655,176,1,1,635.13,635.13,698.643,63.513,10.0
gid://shopify/LineItem/2151823900750,443,20250318,44,2537,3,1,1,537.13,537.13,590.843,53.713,10.0
gid://shopify/LineItem/2160952836174,7033,20250324,299,1025,87,1,1,635.13,635.13,698.643,63.513,10.0
gid://shopify/LineItem/2154631397454,2435,20250320,443,781,46,1,1,539.93,539.93,593.923,53.993,10.0
gid://shopify/LineItem/2155714609230,3282,20250321,20,2656,272,1,1,635.13,635.13,698.643,63.513,10.0
gid://shopify/LineItem/2157387317326,4680,20250322,179,714,319,1,1,723.13,723.13,795.443,72.313,10.0
gid://shopify/LineItem/2154666491982,2470,20250320,179,2657,53,1,1,517.53,517.53,569.283,51.753,10.0
gid://shopify/LineItem/2153802760270,1867,20250319,179,251,68,1,1,674.33,674.33,741.763,67.433,10.0
gid://shopify/LineItem/2154840260686,2659,20250320,1,2658,150,1,1,517.53,517.53,569.283,51.753,10.0
gid://shopify/LineItem/2156639092814,4072,20250321,364,1287,46,1,1,527.13,527.13,579.843,52.713,10.0
gid://shopify/LineItem/2152227012686,722,20250318,179,2659,217,1,1,635.13,635.13,698.643,63.513,10.0
gid://shopify/LineItem/2151785660494,411,20250318,317,2660,87,1,1,527.13,527.13,579.843,52.713,10.0
gid://shopify/LineItem/2161444913230,7392,20250324,1,1264,17,1,1,587.93,587.93,646.723,58.793,10.0
gid://shopify/LineItem/2153392930894,1473,20250319,317,2661,82,1,1,509.53,509.53,560.483,50.953,10.0
gid://shopify/LineItem/2156726353998,4130,20250321,365,2662,50,1,1,527.13,527.13,579.843,52.713,10.0
gid://shopify/LineItem/2158052704334,5210,20250322,188,1492,82,1,1,517.53,517.53,569.283,51.753,10.0
gid://shopify/LineItem/2153510174798,1569,20250319,188,304,117,1,1,537.13,537.13,590.843,53.713,10.0
gid://shopify/LineItem/2153167355982,1288,20250319,320,1320,295,1,1,517.53,517.53,569.283,51.753,10.0
gid://shopify/LineItem/2153514336334,1576,20250319,671,2293,136,1,1,605.13,605.13,665.643,60.513,10.0
gid://shopify/LineItem/2158645575758,5437,20250323,21,1095,449,1,1,527.13,527.13,579.843,52.713,10.0
gid://shopify/LineItem/2156444254286,3924,20250321,20,2663,24,1,1,615.13,615.13,676.643,61.513,10.0
gid://shopify/LineItem/2152347435086,793,20250318,1,237,100,1,1,537.13,537.13,590.843,53.713,10.0
gid://shopify/LineItem/2159673180238,6088,20250323,1,109,16,1,1,507.13,507.13,557.843,50.713,10.0
gid://shopify/LineItem/2153749381198,1822,20250319,198,2664,62,1,1,507.13,507.13,557.843,50.713,10.0
gid://shopify/LineItem/2160744726606,6888,20250324,1,300,180,1,1,555.13,555.13,610.643,55.513,10.0
gid://shopify/LineItem/2153082781774,1206,20250319,177,2665,21,1,1,537.13,537.13,590.843,53.713,10.0
gid://shopify/LineItem/2153399418958,1480,20250319,174,218,449,1,1,537.13,537.13,590.843,53.713,10.0
gid://shopify/LineItem/2157912850510,5101,20250322,1,2666,151,1,1,517.53,517.53,569.283,51.753,10.0
gid://shopify/LineItem/2159009857614,5653,20250323,672,2667,401,1,1,517.13,517.13,568.843,51.713,10.0
gid://shopify/LineItem/2160467181646,6635,20250324,301,1905,103,1,1,595.13,595.13,654.643,59.513,10.0
gid://shopify/LineItem/2159827484750,6191,20250323,174,2668,234,1,1,537.13,537.13,590.843,53.713,10.0
gid://shopify/LineItem/2155784372302,3359,20250321,20,2669,179,1,1,537.13,537.13,590.843,53.713,10.0
gid://shopify/LineItem/2155751735374,3324,20250321,2,120,121,1,2,336.56,673.13,740.443,67.313,10.0
gid://shopify/LineItem/2157239730254,4534,20250322,1,2670,53,1,1,537.13,537.13,590.843,53.713,10.0
gid://shopify/LineItem/2157677019214,4923,20250322,20,182,145,1,1,497.13,497.13,546.843,49.713,10.0
gid://shopify/LineItem/2158581186638,5398,20250323,490,1651,20,1,1,527.13,527.13,579.843,52.713,10.0
gid://shopify/LineItem/2158446444622,5326,20250323,191,2671,145,1,1,527.13,527.13,579.843,52.713,10.0
gid://shopify/LineItem/2160235577422,6373,20250324,387,810,46,1,1,517.13,517.13,568.843,51.713,10.0
gid://shopify/LineItem/2159909503054,6231,20250324,506,1823,279,1,1,563.93,563.93,620.323,56.393,10.0
gid://shopify/LineItem/2157565083726,4820,20250322,20,1622,391,1,1,653.13,653.13,718.443,65.313,10.0
gid://shopify/LineItem/2154645422158,2445,20250320,673,2672,1,1,1,537.13,537.13,590.843,53.713,10.0
gid://shopify/LineItem/2155078975566,2925,20250320,44,2673,8,1,1,674.33,674.33,741.763,67.433,10.0
gid://shopify/LineItem/2159417884750,5922,20250323,307,2674,36,1,1,527.13,527.13,579.843,52.713,10.0
gid://shopify/LineItem/2157606862926,4859,20250322,1,737,62,1,1,555.93,555.93,611.523,55.593,10.0
gid://shopify/LineItem/2157349142606,4645,20250322,436,1133,23,1,1,493.53,493.53,542.883,49.353,10.0
gid://shopify/LineItem/2158529085518,5370,20250323,599,2675,334,1,1,527.13,527.13,579.843,52.713,10.0
gid://shopify/LineItem/2159028830286,5663,20250323,451,418,113,1,1,509.53,509.53,560.483,50.953,10.0
gid://shopify/LineItem/2159355723854,5879,20250323,188,2676,291,1,1,537.13,537.13,590.843,53.713,10.0
gid://shopify/LineItem/2158735458382,5475,20250323,320,2677,215,1,1,537.13,537.13,590.843,53.713,10.0
gid://shopify/LineItem/2160993435726,7072,20250324,614,2678,450,1,1,517.53,517.53,569.283,51.753,10.0
gid://shopify/LineItem/2157898530894,5087,20250322,21,1385,451,1,1,509.53,509.53,560.483,50.953,10.0
gid://shopify/LineItem/2154361552974,2117,20250320,20,2679,263,1,1,527.13,527.13,579.843,52.713,10.0
gid://shopify/LineItem/2156400050254,3882,20250321,1,155,252,1,1,537.13,537.13,590.843,53.713,10.0
gid://shopify/LineItem/2157237338190,4532,20250322,44,2680,64,1,1,605.13,605.13,665.643,60.513,10.0
gid://shopify/LineItem/2158570405966,5390,20250323,1,1332,204,1,1,537.13,537.13,590.843,53.713,10.0
gid://shopify/LineItem/2156126601294,3657,20250321,20,2681,41,1,1,674.33,674.33,741.763,67.433,10.0
gid://shopify/LineItem/2159033614414,5668,20250323,674,2682,445,1,1,595.93,595.93,655.523,59.593,10.0
gid://shopify/LineItem/2155207458894,3046,20250320,507,888,145,1,1,595.13,595.13,654.643,59.513,10.0
gid://shopify/LineItem/2155963252814,3520,20250321,20,2683,121,1,1,578.33,578.33,636.163,57.833,10.0
gid://shopify/LineItem/2151945699406,535,20250318,177,2684,274,1,1,521.53,521.53,573.683,52.153,10.0
gid://shopify/LineItem/2154581426254,2384,20250320,675,670,452,1,1,539.93,539.93,593.923,53.993,10.0
gid://shopify/LineItem/2157359202382,4654,20250322,21,507,50,1,1,723.13,723.13,795.443,72.313,10.0
gid://shopify/LineItem/2153036152910,1157,20250319,188,2685,233,1,1,674.33,674.33,741.763,67.433,10.0
gid://shopify/LineItem/2159838199886,6197,20250323,20,61,201,1,1,683.13,683.13,751.443,68.313,10.0
gid://shopify/LineItem/2156411158606,3894,20250321,179,2686,354,1,1,635.13,635.13,698.643,63.513,10.0
gid://shopify/LineItem/2155296948302,3114,20250320,188,2687,45,1,1,625.13,625.13,687.643,62.513,10.0
gid://shopify/LineItem/2160512499790,6682,20250324,20,2688,136,1,1,527.13,527.13,579.843,52.713,10.0
gid://shopify/LineItem/2155820941390,3394,20250321,1,2227,61,1,1,531.93,531.93,585.123,53.193,10.0
gid://shopify/LineItem/2155840012366,3417,20250321,179,2689,53,1,1,635.13,635.13,698.643,63.513,10.0
gid://shopify/LineItem/2160825401422,6948,20250324,21,10,403,1,1,605.13,605.13,665.643,60.513,10.0
gid://shopify/LineItem/2155296030798,3113,20250320,1,2304,14,1,1,767.13,767.13,843.843,76.713,10.0
gid://shopify/LineItem/2152903639118,1021,20250319,361,491,133,1,1,791.13,791.13,870.243,79.113,10.0
gid://shopify/LineItem/2151420231758,81,20250318,314,2431,16,1,1,605.13,605.13,665.643,60.513,10.0
gid://shopify/LineItem/2155087855694,2934,20250320,1,669,154,1,1,674.33,674.33,741.763,67.433,10.0
gid://shopify/LineItem/2154457464910,2245,20250320,1,1889,271,1,1,537.13,537.13,590.843,53.713,10.0
gid://shopify/LineItem/2157288849486,4581,20250322,364,2690,16,1,1,615.13,615.13,676.643,61.513,10.0
gid://shopify/LineItem/2159343042638,5871,20250323,179,2691,93,1,1,517.53,517.53,569.283,51.753,10.0
gid://shopify/LineItem/2155037294670,2873,20250320,1,756,291,1,1,635.13,635.13,698.643,63.513,10.0
gid://shopify/LineItem/2157151387726,4436,20250322,336,2692,60,1,1,625.13,625.13,687.643,62.513,10.0
gid://shopify/LineItem/2160461840462,6624,20250324,366,2410,3,1,1,509.53,509.53,560.483,50.953,10.0
gid://shopify/LineItem/2154410442830,2184,20250320,20,1802,16,1,1,693.13,693.13,762.443,69.313,10.0
gid://shopify/LineItem/2156750438478,4138,20250322,1,386,124,1,1,665.13,665.13,731.643,66.513,10.0
gid://shopify/LineItem/2160647864398,6794,20250324,1,1602,39,1,1,537.13,537.13,590.843,53.713,10.0
gid://shopify/LineItem/2156925091918,4171,20250322,676,2693,16,1,1,537.13,537.13,590.843,53.713,10.0
gid://shopify/LineItem/2155031789646,2870,20250320,345,2694,224,1,1,791.13,791.13,870.243,79.113,10.0
gid://shopify/LineItem/2158002405454,5170,20250322,345,223,13,1,1,575.13,575.13,632.643,57.513,10.0
gid://shopify/LineItem/2154393075790,2160,20250320,391,2695,99,1,1,571.13,571.13,628.243,57.113,10.0
gid://shopify/LineItem/2151470301262,124,20250318,677,2696,21,1,1,720.73,720.73,792.803,72.073,10.0
gid://shopify/LineItem/2159848226894,6202,20250323,179,2697,334,1,1,650.33,650.33,715.363,65.033,10.0
gid://shopify/LineItem/2154482565198,2272,20250320,177,2698,120,1,1,555.13,555.13,610.643,55.513,10.0
gid://shopify/LineItem/2159495479374,5975,20250323,21,2699,130,1,1,859.13,859.13,945.043,85.913,10.0
gid://shopify/LineItem/2158900052046,5576,20250323,552,1559,182,1,1,497.13,497.13,546.843,49.713,10.0
gid://shopify/LineItem/2160365666382,6549,20250324,409,2700,23,1,1,537.13,537.13,590.843,53.713,10.0
gid://shopify/LineItem/2160173744206,6298,20250324,559,1184,58,1,1,635.13,635.13,698.643,63.513,10.0
gid://shopify/LineItem/2157929300046,5114,20250322,21,2334,13,1,1,713.13,713.13,784.443,71.313,10.0
gid://shopify/LineItem/2153053716558,1173,20250319,195,1060,16,1,1,831.13,831.13,914.243,83.113,10.0
gid://shopify/LineItem/2158399357006,5323,20250323,179,2180,5,1,1,635.13,635.13,698.643,63.513,10.0
gid://shopify/LineItem/2153571057742,1645,20250319,44,2701,225,1,1,635.13,635.13,698.643,63.513,10.0
gid://shopify/LineItem/2152297627726,764,20250318,179,2702,43,1,1,537.13,537.13,590.843,53.713,10.0
gid://shopify/LineItem/2157549420622,4812,20250322,317,2703,433,1,1,811.13,811.13,892.243,81.113,10.0
gid://shopify/LineItem/2157303005262,4594,20250322,21,2704,19,1,1,527.13,527.13,579.843,52.713,10.0
gid://shopify/LineItem/2159147221070,5739,20250323,322,52,108,1,1,537.13,537.13,590.843,53.713,10.0
gid://shopify/LineItem/2159539028046,6007,20250323,319,2705,453,1,4,188.18,752.73,828.003,75.273,10.0
gid://shopify/LineItem/2157552664654,4814,20250322,472,2706,215,1,1,497.13,497.13,546.843,49.713,10.0
gid://shopify/LineItem/2158274936910,5304,20250323,434,2696,150,1,1,615.13,615.13,676.643,61.513,10.0
gid://shopify/LineItem/2159994110030,6251,20250324,20,2707,1,1,1,625.13,625.13,687.643,62.513,10.0
gid://shopify/LineItem/2153475276878,1539,20250319,678,588,99,4,1,507.13,507.13,557.843,50.713,10.0
gid://shopify/LineItem/2155022876750,2857,20250320,220,2439,16,4,1,671.13,671.13,738.243,67.113,10.0
gid://shopify/LineItem/2155373035598,3160,20250320,679,1022,29,4,2,317.56,635.13,698.643,63.513,10.0
gid://shopify/LineItem/2153087926350,1214,20250319,270,2708,16,5,1,517.53,517.53,569.283,51.753,10.0
gid://shopify/LineItem/2152164327502,692,20250318,680,188,159,5,1,626.33,626.33,688.963,62.633,10.0
gid://shopify/LineItem/2152953380942,1070,20250319,244,2709,177,3,1,579.93,579.93,637.923,57.993,10.0
gid://shopify/LineItem/2154732290126,2544,20250320,285,289,109,3,1,610.33,610.33,671.363,61.033,10.0
gid://shopify/LineItem/2153477341262,1540,20250319,681,2710,16,3,1,537.13,537.13,590.843,53.713,10.0
gid://shopify/LineItem/2153830023246,1890,20250319,682,2711,100,3,1,751.13,751.13,826.243,75.113,10.0
gid://shopify/LineItem/2155828084814,3405,20250321,285,692,80,3,1,751.13,751.13,826.243,75.113,10.0
gid://shopify/LineItem/2161223893070,7255,20250324,244,2712,133,1,1,666.33,666.33,732.963,66.633,10.0
gid://shopify/LineItem/2155731976270,3302,20250321,250,2713,73,1,1,517.53,517.53,569.283,51.753,10.0
gid://shopify/LineItem/2154773872718,2597,20250320,231,2714,49,1,1,635.13,635.13,698.643,63.513,10.0
gid://shopify/LineItem/2155285381198,3106,20250320,254,563,151,1,1,744.73,744.73,819.203,74.473,10.0
gid://shopify/LineItem/2159773679694,6163,20250323,258,2715,76,1,1,625.13,625.13,687.643,62.513,10.0
gid://shopify/LineItem/2160603005006,6761,20250324,683,2118,38,1,1,567.13,567.13,623.843,56.713,10.0
gid://shopify/LineItem/2153094807630,1220,20250319,684,1733,19,1,1,563.13,563.13,619.443,56.313,10.0
gid://shopify/LineItem/2154677403726,2479,20250320,170,1580,119,1,1,693.13,693.13,762.443,69.313,10.0
gid://shopify/LineItem/2154782883918,2608,20250320,247,2716,1,1,1,736.73,736.73,810.403,73.673,10.0
gid://shopify/LineItem/2153651765326,1718,20250319,289,2717,163,1,1,493.53,493.53,542.883,49.353,10.0
gid://shopify/LineItem/2155228233806,3068,20250320,191,684,252,4,1,579.93,579.93,637.923,57.993,10.0
gid://shopify/LineItem/2160437428302,6606,20250324,1,2718,212,4,1,648.23,648.23,713.053,64.823,10.0
gid://shopify/LineItem/2158100906062,5234,20250322,421,2719,224,4,1,713.13,713.13,784.443,71.313,10.0
gid://shopify/LineItem/2159563931726,6019,20250323,685,2316,99,4,2,293.06,586.13,644.743,58.613,10.0
gid://shopify/LineItem/2154741629006,2556,20250320,1,776,179,5,1,578.33,578.33,636.163,57.833,10.0
gid://shopify/LineItem/2158735196238,5474,20250323,328,2720,152,5,1,579.93,579.93,637.923,57.993,10.0
gid://shopify/LineItem/2151582007374,237,20250318,428,2434,63,5,1,537.13,537.13,590.843,53.713,10.0
gid://shopify/LineItem/2153694822478,1755,20250319,383,2721,302,5,1,697.53,697.53,767.283,69.753,10.0
gid://shopify/LineItem/2151850377294,469,20250318,20,436,252,3,1,693.13,693.13,762.443,69.313,10.0
gid://shopify/LineItem/2160440082510,6608,20250324,20,2722,53,3,1,723.13,723.13,795.443,72.313,10.0
gid://shopify/LineItem/2160229711950,6367,20250324,1,2723,145,3,1,634.33,634.33,697.763,63.433,10.0
gid://shopify/LineItem/2155371724878,3159,20250320,297,2724,291,3,1,767.13,767.13,843.843,76.713,10.0
gid://shopify/LineItem/2160348692558,6529,20250324,1,2023,69,3,1,643.93,643.93,708.323,64.393,10.0
gid://shopify/LineItem/2159186116686,5768,20250323,2,2725,266,3,1,613.13,613.13,674.443,61.313,10.0
gid://shopify/LineItem/2157677805646,4926,20250322,188,2726,149,3,1,889.13,889.13,978.043,88.913,10.0
gid://shopify/LineItem/2159752839246,6151,20250323,21,2727,322,3,1,674.33,674.33,741.763,67.433,10.0
gid://shopify/LineItem/2158123679822,5243,20250322,192,2728,210,3,1,650.33,650.33,715.363,65.033,10.0
gid://shopify/LineItem/2152691040334,966,20250319,1,2729,145,3,1,625.13,625.13,687.643,62.513,10.0
gid://shopify/LineItem/2153077964878,1196,20250319,364,2730,173,3,1,703.13,703.13,773.443,70.313,10.0
gid://shopify/LineItem/2152142405710,672,20250318,319,2731,287,3,1,537.13,537.13,590.843,53.713,10.0
gid://shopify/LineItem/2153070428238,1190,20250319,20,2732,90,3,1,527.13,527.13,579.843,52.713,10.0
gid://shopify/LineItem/2157033750606,4268,20250322,21,2733,118,3,1,595.93,595.93,655.523,59.593,10.0
gid://shopify/LineItem/2155135467598,2971,20250320,177,1267,11,3,1,783.13,783.13,861.443,78.313,10.0
gid://shopify/LineItem/2159682093134,6096,20250323,417,2734,56,3,1,653.13,653.13,718.443,65.313,10.0
gid://shopify/LineItem/2157914128462,5102,20250322,311,1779,151,3,1,693.13,693.13,762.443,69.313,10.0
gid://shopify/LineItem/2156697092174,4112,20250321,686,490,104,3,1,595.93,595.93,655.523,59.593,10.0
gid://shopify/LineItem/2155410653262,3175,20250321,20,1563,70,3,1,937.13,937.13,1030.843,93.713,10.0
gid://shopify/LineItem/2153418915918,1501,20250319,491,612,298,1,1,644.63,644.63,709.093,64.463,10.0
gid://shopify/LineItem/2158652817486,5442,20250323,340,2651,373,1,1,615.13,615.13,676.643,61.513,10.0
gid://shopify/LineItem/2152487354446,881,20250318,384,2735,41,1,1,509.53,509.53,560.483,50.953,10.0
gid://shopify/LineItem/2158686371918,5459,20250323,386,2736,441,1,1,683.13,683.13,751.443,68.313,10.0
gid://shopify/LineItem/2158398668878,5322,20250323,386,2737,432,1,1,736.73,736.73,810.403,73.673,10.0
gid://shopify/LineItem/2152505147470,894,20250318,506,49,17,1,1,712.73,712.73,784.003,71.273,10.0
gid://shopify/LineItem/2161177428046,7219,20250324,177,723,133,1,1,654.13,654.13,719.543,65.413,10.0
gid://shopify/LineItem/2151506935886,149,20250318,179,2738,19,1,1,635.13,635.13,698.643,63.513,10.0
gid://shopify/LineItem/2153800663118,1866,20250319,179,2123,121,1,1,635.13,635.13,698.643,63.513,10.0
gid://shopify/LineItem/2159957770318,6242,20250324,513,1506,50,1,1,595.93,595.93,655.523,59.593,10.0
gid://shopify/LineItem/2160513187918,6684,20250324,176,2080,334,1,1,666.33,666.33,732.963,66.633,10.0
gid://shopify/LineItem/2156183879758,3706,20250321,349,2739,298,1,1,818.33,818.33,900.163,81.833,10.0
gid://shopify/LineItem/2151640531022,294,20250318,1,682,170,1,1,637.13,637.13,700.843,63.713,10.0
gid://shopify/LineItem/2158967193678,5624,20250323,177,1926,3,1,1,704.73,704.73,775.203,70.473,10.0
gid://shopify/LineItem/2158811316302,5513,20250323,1,59,41,1,1,1211.13,1211.13,1332.243,121.113,10.0
gid://shopify/LineItem/2159300378702,5841,20250323,21,2740,132,1,1,595.93,595.93,655.523,59.593,10.0
gid://shopify/LineItem/2152841740366,986,20250319,534,2741,454,1,1,527.13,527.13,579.843,52.713,10.0
gid://shopify/LineItem/2157162758222,4450,20250322,188,2742,241,1,1,713.13,713.13,784.443,71.313,10.0
gid://shopify/LineItem/2154745364558,2559,20250320,179,2743,430,1,1,635.13,635.13,698.643,63.513,10.0
gid://shopify/LineItem/2159245787214,5808,20250323,542,2744,20,1,1,497.13,497.13,546.843,49.713,10.0
gid://shopify/LineItem/2161075486798,7132,20250324,21,2745,202,1,1,537.13,537.13,590.843,53.713,10.0
gid://shopify/LineItem/2152355233870,797,20250318,20,841,29,1,1,823.13,823.13,905.443,82.313,10.0
gid://shopify/LineItem/2151740932174,361,20250318,1,2746,97,1,1,509.53,509.53,560.483,50.953,10.0
gid://shopify/LineItem/2153227452494,1343,20250319,187,2747,3,1,1,537.13,537.13,590.843,53.713,10.0
gid://shopify/LineItem/2154593189966,2393,20250320,412,2748,118,1,1,652.13,652.13,717.343,65.213,10.0
gid://shopify/LineItem/2159229927502,5797,20250323,413,141,173,1,1,575.13,575.13,632.643,57.513,10.0
gid://shopify/LineItem/2151775731790,398,20250318,1,2749,142,1,1,537.13,537.13,590.843,53.713,10.0
gid://shopify/LineItem/2155637276750,3229,20250321,570,2710,455,1,1,557.13,557.13,612.843,55.713,10.0
gid://shopify/LineItem/2156024070222,3577,20250321,1,2750,83,1,1,658.33,658.33,724.163,65.833,10.0
gid://shopify/LineItem/2153711763534,1777,20250319,313,2751,197,1,1,585.13,585.13,643.643,58.513,10.0
gid://shopify/LineItem/2154664624206,2467,20250320,313,1510,19,1,1,565.13,565.13,621.643,56.513,10.0
gid://shopify/LineItem/2154729078862,2540,20250320,314,275,204,1,1,505.13,505.13,555.643,50.513,10.0
gid://shopify/LineItem/2153572892750,1648,20250319,20,2752,371,1,1,497.13,497.13,546.843,49.713,10.0
gid://shopify/LineItem/2159484010574,5961,20250323,177,649,116,1,1,635.13,635.13,698.643,63.513,10.0
gid://shopify/LineItem/2155718541390,3286,20250321,182,1966,99,1,1,537.13,537.13,590.843,53.713,10.0
gid://shopify/LineItem/2159075786830,5690,20250323,182,2242,372,1,1,595.93,595.93,655.523,59.593,10.0
gid://shopify/LineItem/2159934079054,6237,20250324,188,2753,18,1,1,801.13,801.13,881.243,80.113,10.0
gid://shopify/LineItem/2160315400270,6487,20250324,179,2754,161,1,1,537.13,537.13,590.843,53.713,10.0
gid://shopify/LineItem/2157101940814,4363,20250322,179,2755,53,1,1,723.13,723.13,795.443,72.313,10.0
gid://shopify/LineItem/2160129212494,6274,20250324,199,2756,46,1,1,527.13,527.13,579.843,52.713,10.0
gid://shopify/LineItem/2153881010254,1921,20250319,456,2757,106,1,1,537.13,537.13,590.843,53.713,10.0
gid://shopify/LineItem/2152912650318,1034,20250319,20,7,16,1,1,527.13,527.13,579.843,52.713,10.0
gid://shopify/LineItem/2158578434126,5395,20250323,1,2758,420,1,1,507.13,507.13,557.843,50.713,10.0
gid://shopify/LineItem/2157870022734,5063,20250322,1,563,68,1,1,586.13,586.13,644.743,58.613,10.0
gid://shopify/LineItem/2160700194894,6842,20250324,1,2020,119,1,1,831.13,831.13,914.243,83.113,10.0
gid://shopify/LineItem/2161388486734,7357,20250324,44,2759,38,1,1,673.13,673.13,740.443,67.313,10.0
gid://shopify/LineItem/2159116353614,5723,20250323,687,2760,159,1,1,626.33,626.33,688.963,62.633,10.0
gid://shopify/LineItem/2156034031694,3587,20250321,688,939,237,1,1,547.93,547.93,602.723,54.793,10.0
gid://shopify/LineItem/2151479836750,130,20250318,689,2226,48,1,1,555.13,555.13,610.643,55.513,10.0
gid://shopify/LineItem/2158174765134,5269,20250322,1,2761,81,1,1,563.93,563.93,620.323,56.393,10.0
gid://shopify/LineItem/2153996025934,1997,20250319,20,2762,79,1,1,666.33,666.33,732.963,66.633,10.0
gid://shopify/LineItem/2157697105998,4947,20250322,690,801,58,1,1,595.93,595.93,655.523,59.593,10.0
gid://shopify/LineItem/2154654826574,2453,20250320,20,2181,427,1,1,674.33,674.33,741.763,67.433,10.0
gid://shopify/LineItem/2152381251662,816,20250318,545,2763,3,1,1,615.13,615.13,676.643,61.513,10.0
gid://shopify/LineItem/2160343089230,6521,20250324,20,2764,1,1,1,602.33,602.33,662.563,60.233,10.0
gid://shopify/LineItem/2153573220430,1649,20250319,343,2765,28,1,1,658.33,658.33,724.163,65.833,10.0
gid://shopify/LineItem/2159685533774,6100,20250323,665,2766,362,1,1,517.13,517.13,568.843,51.713,10.0
gid://shopify/LineItem/2153093365838,1218,20250319,179,2767,19,1,1,733.13,733.13,806.443,73.313,10.0
gid://shopify/LineItem/2157582876750,4834,20250322,409,2768,92,1,1,800.73,800.73,880.803,80.073,10.0
gid://shopify/LineItem/2159881486414,6220,20250323,20,1057,192,1,1,547.93,547.93,602.723,54.793,10.0
gid://shopify/LineItem/2160344105038,6522,20250324,20,2665,122,1,1,637.13,637.13,700.843,63.713,10.0
gid://shopify/LineItem/2154726686798,2536,20250320,691,1895,76,1,1,555.93,555.93,611.523,55.593,10.0
gid://shopify/LineItem/2157188874318,4476,20250322,179,1969,413,1,1,537.13,537.13,590.843,53.713,10.0
gid://shopify/LineItem/2155906629710,3478,20250321,1,2769,194,1,1,517.53,517.53,569.283,51.753,10.0
gid://shopify/LineItem/2155022188622,2856,20250320,20,2770,44,1,1,643.93,643.93,708.323,64.393,10.0
gid://shopify/LineItem/2154391142478,2155,20250320,1,1513,357,1,1,477.13,477.13,524.843,47.713,10.0
gid://shopify/LineItem/2154588176462,2389,20250320,692,2771,46,1,1,517.53,517.53,569.283,51.753,10.0
gid://shopify/LineItem/2160244588622,6388,20250324,294,2590,40,1,1,635.13,635.13,698.643,63.513,10.0
gid://shopify/LineItem/2156205867086,3725,20250321,188,1784,29,1,1,929.13,929.13,1022.043,92.913,10.0
gid://shopify/LineItem/2157138346062,4421,20250322,20,2772,187,1,1,811.13,811.13,892.243,81.113,10.0
gid://shopify/LineItem/2155999232078,3548,20250321,693,2773,280,1,1,682.33,682.33,750.563,68.233,10.0
gid://shopify/LineItem/2161484922958,7416,20250324,694,2772,255,1,1,509.53,509.53,560.483,50.953,10.0
gid://shopify/LineItem/2160248225870,6395,20250324,695,2774,198,1,1,595.93,595.93,655.523,59.593,10.0
gid://shopify/LineItem/2161394581582,7362,20250324,20,705,456,1,1,537.13,537.13,590.843,53.713,10.0
gid://shopify/LineItem/2152524415054,901,20250318,232,293,363,3,1,517.53,517.53,569.283,51.753,10.0
gid://shopify/LineItem/2158974074958,5626,20250323,211,2775,402,1,1,517.53,517.53,569.283,51.753,10.0
gid://shopify/LineItem/2153595732046,1669,20250319,270,53,121,1,1,537.13,537.13,590.843,53.713,10.0
gid://shopify/LineItem/2161064247374,7124,20250324,241,1646,88,1,1,537.13,537.13,590.843,53.713,10.0
gid://shopify/LineItem/2161362698318,7342,20250324,241,2776,259,1,1,517.53,517.53,569.283,51.753,10.0
gid://shopify/LineItem/2154544857166,2352,20250320,696,579,422,1,1,501.53,501.53,551.683,50.153,10.0
gid://shopify/LineItem/2152944173134,1064,20250319,185,769,92,4,1,642.33,642.33,706.563,64.233,10.0
gid://shopify/LineItem/2157785415758,4996,20250322,298,2288,248,4,1,505.13,505.13,555.643,50.513,10.0
gid://shopify/LineItem/2157787152462,4997,20250322,697,2777,53,4,1,517.13,517.13,568.843,51.713,10.0
gid://shopify/LineItem/2156033310798,3586,20250321,20,1375,71,4,1,587.93,587.93,646.723,58.793,10.0
gid://shopify/LineItem/2154431414350,2215,20250320,20,1140,122,4,1,635.13,635.13,698.643,63.513,10.0
gid://shopify/LineItem/2153739583566,1809,20250319,698,2778,265,4,1,461.53,461.53,507.683,46.153,10.0
gid://shopify/LineItem/2155962794062,3519,20250321,177,2779,333,5,1,517.13,517.13,568.843,51.713,10.0
gid://shopify/LineItem/2160379985998,6562,20250324,44,2780,426,5,1,537.13,537.13,590.843,53.713,10.0
gid://shopify/LineItem/2156145344590,3673,20250321,20,2533,425,5,1,527.13,527.13,579.843,52.713,10.0
gid://shopify/LineItem/2151623393358,275,20250318,398,2781,1,5,1,497.13,497.13,546.843,49.713,10.0
gid://shopify/LineItem/2161141088334,7181,20250324,44,2782,74,5,1,537.13,537.13,590.843,53.713,10.0
gid://shopify/LineItem/2152127627342,664,20250318,316,2783,123,5,1,579.93,579.93,637.923,57.993,10.0
gid://shopify/LineItem/2151951859790,541,20250318,380,1873,87,3,1,557.53,557.53,613.283,55.753,10.0
gid://shopify/LineItem/2154919821390,2733,20250320,188,2784,109,3,1,823.13,823.13,905.443,82.313,10.0
gid://shopify/LineItem/2158191673422,5273,20250322,301,2785,223,3,1,537.13,537.13,590.843,53.713,10.0
gid://shopify/LineItem/2152266629198,738,20250318,299,2786,46,3,1,537.13,537.13,590.843,53.713,10.0
gid://shopify/LineItem/2160429465678,6595,20250324,409,1247,388,3,1,537.13,537.13,590.843,53.713,10.0
gid://shopify/LineItem/2155382145102,3164,20250320,411,2787,74,3,1,517.13,517.13,568.843,51.713,10.0
gid://shopify/LineItem/2157052592206,4296,20250322,355,2486,55,3,1,497.13,497.13,546.843,49.713,10.0
gid://shopify/LineItem/2151410040910,73,20250318,1,2788,149,3,1,527.13,527.13,579.843,52.713,10.0
gid://shopify/LineItem/2155981766734,3537,20250321,20,2789,19,3,1,517.13,517.13,568.843,51.713,10.0
gid://shopify/LineItem/2153010069582,1132,20250319,1,1051,153,3,1,517.13,517.13,568.843,51.713,10.0
gid://shopify/LineItem/2154508877902,2320,20250320,20,2771,87,3,1,537.13,537.13,590.843,53.713,10.0
gid://shopify/LineItem/2153113747534,1238,20250319,1,2790,26,1,1,677.53,677.53,745.283,67.753,10.0
gid://shopify/LineItem/2151146782798,6,20250318,495,2472,26,1,1,579.93,579.93,637.923,57.993,10.0
gid://shopify/LineItem/2155246977102,3085,20250320,495,2791,173,1,1,587.93,587.93,646.723,58.793,10.0
gid://shopify/LineItem/2159262138446,5820,20250323,339,2792,208,1,1,497.63,497.63,547.393,49.763,10.0
gid://shopify/LineItem/2155635638350,3227,20250321,343,2793,421,1,1,650.33,650.33,715.363,65.033,10.0
gid://shopify/LineItem/2154469457998,2260,20250320,386,2794,139,1,1,537.13,537.13,590.843,53.713,10.0
gid://shopify/LineItem/2153161457742,1279,20250319,1,2795,1,1,1,650.33,650.33,715.363,65.033,10.0
gid://shopify/LineItem/2153279848526,1400,20250319,504,2582,238,1,1,501.53,501.53,551.683,50.153,10.0
gid://shopify/LineItem/2156078235726,3619,20250321,508,1220,136,1,1,517.53,517.53,569.283,51.753,10.0
gid://shopify/LineItem/2161059332174,7117,20250324,177,2796,59,1,1,563.93,563.93,620.323,56.393,10.0
gid://shopify/LineItem/2151357841486,44,20250318,179,2708,26,1,1,517.53,517.53,569.283,51.753,10.0
gid://shopify/LineItem/2161057103950,7113,20250324,512,924,112,1,1,493.53,493.53,542.883,49.353,10.0
gid://shopify/LineItem/2159101739086,5710,20250323,699,2797,104,1,1,525.53,525.53,578.083,52.553,10.0
gid://shopify/LineItem/2157696450638,4946,20250322,380,2798,19,1,1,587.13,587.13,645.843,58.713,10.0
gid://shopify/LineItem/2160256974926,6415,20250324,209,2799,55,1,1,459.13,459.13,505.043,45.913,10.0
gid://shopify/LineItem/2155781652558,3353,20250321,1,2800,42,1,1,566.13,566.13,622.743,56.613,10.0
gid://shopify/LineItem/2154349592654,2102,20250320,177,2801,171,1,1,751.13,751.13,826.243,75.113,10.0
gid://shopify/LineItem/2156587089998,4039,20250321,177,1430,16,1,1,517.53,517.53,569.283,51.753,10.0
gid://shopify/LineItem/2155182456910,3014,20250320,179,2802,19,1,1,595.93,595.93,655.523,59.593,10.0
gid://shopify/LineItem/2151418626126,79,20250318,1,2803,32,1,1,497.13,497.13,546.843,49.713,10.0
gid://shopify/LineItem/2157495648334,4769,20250322,172,2532,62,1,1,666.33,666.33,732.963,66.633,10.0
gid://shopify/LineItem/2158077804622,5220,20250322,374,1783,13,1,1,690.33,690.33,759.363,69.033,10.0
gid://shopify/LineItem/2152959148110,1074,20250319,1,1544,202,1,1,497.13,497.13,546.843,49.713,10.0
gid://shopify/LineItem/2160953753678,7035,20250324,414,2804,51,1,1,497.13,497.13,546.843,49.713,10.0
gid://shopify/LineItem/2152603091022,940,20250318,182,2805,1,1,1,611.93,611.93,673.123,61.193,10.0
gid://shopify/LineItem/2158520270926,5365,20250323,357,58,381,1,1,517.53,517.53,569.283,51.753,10.0
gid://shopify/LineItem/2157382434894,4673,20250322,1,2702,74,1,1,605.13,605.13,665.643,60.513,10.0
gid://shopify/LineItem/2153465413710,1534,20250319,310,2806,165,1,1,704.73,704.73,775.203,70.473,10.0
gid://shopify/LineItem/2159150694478,5744,20250323,311,310,223,1,1,501.53,501.53,551.683,50.153,10.0
gid://shopify/LineItem/2153943040078,1955,20250319,427,2096,10,1,1,509.53,509.53,560.483,50.953,10.0
gid://shopify/LineItem/2160364978254,6546,20250324,20,2807,176,1,1,485.53,485.53,534.083,48.553,10.0
gid://shopify/LineItem/2160457580622,6623,20250324,314,280,41,1,1,527.13,527.13,579.843,52.713,10.0
gid://shopify/LineItem/2154529488974,2341,20250320,193,2808,68,1,1,572.13,572.13,629.343,57.213,10.0
gid://shopify/LineItem/2157621379150,4867,20250322,700,2701,1,1,1,493.53,493.53,542.883,49.353,10.0
gid://shopify/LineItem/2153610084430,1677,20250319,686,858,237,1,1,517.53,517.53,569.283,51.753,10.0
gid://shopify/LineItem/2159285862478,5833,20250323,701,2809,28,1,1,493.53,493.53,542.883,49.353,10.0
gid://shopify/LineItem/2152404942926,832,20250318,1,1762,56,1,1,501.53,501.53,551.683,50.153,10.0
gid://shopify/LineItem/2159514812494,5985,20250323,702,2810,241,1,1,595.93,595.93,655.523,59.593,10.0
gid://shopify/LineItem/2161219698766,7252,20250324,188,2811,13,1,1,595.93,595.93,655.523,59.593,10.0
gid://shopify/LineItem/2157746618446,4974,20250322,1,2812,164,1,1,537.13,537.13,590.843,53.713,10.0
gid://shopify/LineItem/2153616867406,1680,20250319,703,2813,68,1,1,517.53,517.53,569.283,51.753,10.0
gid://shopify/LineItem/2159734882382,6133,20250323,21,2814,13,1,1,527.13,527.13,579.843,52.713,10.0
gid://shopify/LineItem/2156334514254,3821,20250321,198,2815,108,1,1,507.13,507.13,557.843,50.713,10.0
gid://shopify/LineItem/2156305547342,3804,20250321,20,2816,170,1,1,517.53,517.53,569.283,51.753,10.0
gid://shopify/LineItem/2157106167886,4376,20250322,1,1281,397,1,1,493.53,493.53,542.883,49.353,10.0
gid://shopify/LineItem/2154081943630,2033,20250319,175,2817,92,1,1,507.13,507.13,557.843,50.713,10.0
gid://shopify/LineItem/2156103106638,3637,20250321,175,2818,143,1,1,507.13,507.13,557.843,50.713,10.0
gid://shopify/LineItem/2157677215822,4925,20250322,1,2478,238,1,1,690.33,690.33,759.363,69.033,10.0
gid://shopify/LineItem/2159527723086,5994,20250323,174,2819,457,1,1,517.53,517.53,569.283,51.753,10.0
gid://shopify/LineItem/2156252299342,3767,20250321,676,2697,231,1,1,537.13,537.13,590.843,53.713,10.0
gid://shopify/LineItem/2151772520526,394,20250318,20,2527,118,1,1,517.53,517.53,569.283,51.753,10.0
gid://shopify/LineItem/2160694067278,6836,20250324,1,2467,17,1,1,537.13,537.13,590.843,53.713,10.0
gid://shopify/LineItem/2161351163982,7339,20250324,687,2820,17,1,1,571.93,571.93,629.123,57.193,10.0
gid://shopify/LineItem/2158017445966,5186,20250322,174,2821,16,1,1,595.93,595.93,655.523,59.593,10.0
gid://shopify/LineItem/2151696891982,329,20250318,704,2822,314,1,1,517.53,517.53,569.283,51.753,10.0
gid://shopify/LineItem/2155010129998,2835,20250320,20,922,239,1,1,527.13,527.13,579.843,52.713,10.0
gid://shopify/LineItem/2152162295886,691,20250318,501,1598,145,1,1,831.13,831.13,914.243,83.113,10.0
gid://shopify/LineItem/2152252244046,729,20250318,705,2823,126,1,1,703.13,703.13,773.443,70.313,10.0
gid://shopify/LineItem/2154786291790,2613,20250320,188,2824,204,1,1,537.13,537.13,590.843,53.713,10.0
gid://shopify/LineItem/2153762685006,1833,20250319,1,2825,52,1,1,537.13,537.13,590.843,53.713,10.0
gid://shopify/LineItem/2154390847566,2154,20250320,482,1353,121,1,1,517.13,517.13,568.843,51.713,10.0
gid://shopify/LineItem/2161167499342,7202,20250324,1,1294,41,1,1,517.13,517.13,568.843,51.713,10.0
gid://shopify/LineItem/2151506706510,148,20250318,244,1612,401,5,1,517.53,517.53,569.283,51.753,10.0
gid://shopify/LineItem/2158930722894,5595,20250323,232,1269,386,5,1,635.13,635.13,698.643,63.513,10.0
gid://shopify/LineItem/2153275588686,1394,20250319,180,2826,72,5,1,537.13,537.13,590.843,53.713,10.0
gid://shopify/LineItem/2158013186126,5180,20250322,180,2827,423,5,1,517.53,517.53,569.283,51.753,10.0
gid://shopify/LineItem/2156520996942,3995,20250321,252,2828,92,5,1,490.13,490.13,539.143,49.013,10.0
gid://shopify/LineItem/2152332165198,782,20250318,254,2829,82,5,1,595.93,595.93,655.523,59.593,10.0
gid://shopify/LineItem/2157007536206,4221,20250322,254,2615,17,5,1,517.53,517.53,569.283,51.753,10.0
gid://shopify/LineItem/2156193972302,3713,20250321,189,1125,40,5,1,625.13,625.13,687.643,62.513,10.0
gid://shopify/LineItem/2160245506126,6389,20250324,256,2830,53,5,1,527.13,527.13,579.843,52.713,10.0
gid://shopify/LineItem/2158863876174,5547,20250323,212,2831,443,5,1,625.13,625.13,687.643,62.513,10.0
gid://shopify/LineItem/2160398991438,6571,20250324,234,433,26,5,1,527.13,527.13,579.843,52.713,10.0
gid://shopify/LineItem/2151429341262,87,20250318,234,2832,74,5,1,504.13,504.13,554.543,50.413,10.0
gid://shopify/LineItem/2156638535758,4071,20250321,706,2833,60,5,1,509.53,509.53,560.483,50.953,10.0
gid://shopify/LineItem/2153712255054,1778,20250319,258,2834,79,5,1,504.13,504.13,554.543,50.413,10.0
gid://shopify/LineItem/2156246859854,3762,20250321,236,2835,53,5,1,478.33,478.33,526.163,47.833,10.0
gid://shopify/LineItem/2159719120974,6124,20250323,263,2836,268,5,1,504.13,504.13,554.543,50.413,10.0
gid://shopify/LineItem/2156975063118,4181,20250322,707,2837,181,5,1,501.53,501.53,551.683,50.153,10.0
gid://shopify/LineItem/2157380927566,4671,20250322,270,2204,145,5,1,497.63,497.63,547.393,49.763,10.0
gid://shopify/LineItem/2157439877198,4732,20250322,271,2838,264,5,1,517.53,517.53,569.283,51.753,10.0
gid://shopify/LineItem/2156373704782,3854,20250321,286,2469,20,5,1,517.53,517.53,569.283,51.753,10.0
gid://shopify/LineItem/2160585703502,6741,20250324,226,2839,118,5,1,547.93,547.93,602.723,54.793,10.0
gid://shopify/LineItem/2155944083534,3512,20250321,274,1573,163,5,1,541.13,541.13,595.243,54.113,10.0
gid://shopify/LineItem/2160577871950,6735,20250324,266,2160,89,5,1,504.13,504.13,554.543,50.413,10.0
gid://shopify/LineItem/2157502595150,4775,20250322,177,2455,24,1,1,439.13,439.13,483.043,43.913,10.0
gid://shopify/LineItem/2152288976974,757,20250318,708,981,169,1,1,439.13,439.13,483.043,43.913,10.0
gid://shopify/LineItem/2157534838862,4797,20250322,20,2840,13,5,1,625.13,625.13,687.643,62.513,10.0
gid://shopify/LineItem/2160605691982,6765,20250324,20,2841,405,5,1,458.13,458.13,503.943,45.813,10.0
gid://shopify/LineItem/2155881857102,3448,20250321,20,1715,215,5,1,567.13,567.13,623.843,56.713,10.0
gid://shopify/LineItem/2151720353870,344,20250318,20,2842,21,5,1,671.53,671.53,738.683,67.153,10.0
gid://shopify/LineItem/2153511878734,1571,20250319,20,2843,109,5,1,579.93,579.93,637.923,57.993,10.0
gid://shopify/LineItem/2154610753614,2413,20250320,20,2844,340,5,1,563.63,563.63,619.993,56.363,10.0
gid://shopify/LineItem/2158730477646,5472,20250323,20,2845,154,5,1,597.53,597.53,657.283,59.753,10.0
gid://shopify/LineItem/2153198911566,1313,20250319,490,1065,355,5,1,527.13,527.13,579.843,52.713,10.0
gid://shopify/LineItem/2155646353486,3235,20250321,665,1904,112,5,1,501.53,501.53,551.683,50.153,10.0
gid://shopify/LineItem/2154909466702,2721,20250320,492,2846,29,5,1,501.53,501.53,551.683,50.153,10.0
gid://shopify/LineItem/2154531782734,2342,20250320,492,2847,128,5,1,575.13,575.13,632.643,57.513,10.0
gid://shopify/LineItem/2151446577230,102,20250318,493,113,186,5,1,587.93,587.93,646.723,58.793,10.0
gid://shopify/LineItem/2153163882574,1282,20250319,383,2848,89,5,1,744.73,744.73,819.203,74.473,10.0
gid://shopify/LineItem/2155241078862,3079,20250320,383,1336,66,5,1,517.53,517.53,569.283,51.753,10.0
gid://shopify/LineItem/2152909701198,1030,20250319,185,2849,112,5,1,517.53,517.53,569.283,51.753,10.0
gid://shopify/LineItem/2153401319502,1481,20250319,191,2426,200,5,1,616.93,616.93,678.623,61.693,10.0
gid://shopify/LineItem/2154677436494,2480,20250320,495,649,112,5,1,527.13,527.13,579.843,52.713,10.0
gid://shopify/LineItem/2155989958734,3542,20250321,495,2281,77,5,1,507.13,507.13,557.843,50.713,10.0
gid://shopify/LineItem/2158012268622,5179,20250322,340,2850,170,5,1,501.53,501.53,551.683,50.153,10.0
gid://shopify/LineItem/2151535968334,190,20250318,340,2851,41,5,1,794.33,794.33,873.763,79.433,10.0
gid://shopify/LineItem/2153665232974,1730,20250319,340,1094,17,5,1,507.13,507.13,557.843,50.713,10.0
gid://shopify/LineItem/2157113704526,4389,20250322,340,2852,145,5,1,541.13,541.13,595.243,54.113,10.0
gid://shopify/LineItem/2160420290638,6586,20250324,385,1901,179,5,1,493.53,493.53,542.883,49.353,10.0
gid://shopify/LineItem/2158514339918,5360,20250323,485,2853,284,5,1,509.53,509.53,560.483,50.953,10.0
gid://shopify/LineItem/2154486726734,2278,20250320,499,2854,39,5,1,527.13,527.13,579.843,52.713,10.0
gid://shopify/LineItem/2151753482318,371,20250318,343,2557,53,5,1,517.13,517.13,568.843,51.713,10.0
gid://shopify/LineItem/2156421873742,3904,20250321,343,2572,86,5,1,555.93,555.93,611.523,55.593,10.0
gid://shopify/LineItem/2157286981710,4579,20250322,343,2855,111,5,1,595.13,595.13,654.643,59.513,10.0
gid://shopify/LineItem/2151678607438,318,20250318,386,2856,232,5,1,517.53,517.53,569.283,51.753,10.0
gid://shopify/LineItem/2151982268494,555,20250318,292,1240,318,5,1,490.13,490.13,539.143,49.013,10.0
gid://shopify/LineItem/2160750133326,6894,20250324,292,2857,218,5,1,527.13,527.13,579.843,52.713,10.0
gid://shopify/LineItem/2157126778958,4404,20250322,345,2617,119,5,1,501.53,501.53,551.683,50.153,10.0
gid://shopify/LineItem/2152574222414,928,20250318,345,1230,105,5,1,490.13,490.13,539.143,49.013,10.0
gid://shopify/LineItem/2161272619086,7298,20250324,709,2858,77,5,1,488.13,488.13,536.943,48.813,10.0
gid://shopify/LineItem/2160264282190,6425,20250324,450,2859,39,5,1,497.63,497.63,547.393,49.763,10.0
gid://shopify/LineItem/2154400415822,2171,20250320,474,1234,228,5,1,527.13,527.13,579.843,52.713,10.0
gid://shopify/LineItem/2152936931406,1056,20250319,503,2860,446,5,1,517.53,517.53,569.283,51.753,10.0
gid://shopify/LineItem/2158840021070,5528,20250323,293,2861,357,5,1,517.13,517.13,568.843,51.713,10.0
gid://shopify/LineItem/2151984201806,558,20250318,294,2862,40,5,1,591.03,591.03,650.133,59.103,10.0
gid://shopify/LineItem/2154995449934,2820,20250320,20,2863,359,5,1,666.33,666.33,732.963,66.633,10.0
gid://shopify/LineItem/2156120244302,3652,20250321,20,2584,62,5,1,505.13,505.13,555.643,50.513,10.0
gid://shopify/LineItem/2157134151758,4415,20250322,298,1982,291,5,1,505.13,505.13,555.643,50.513,10.0
gid://shopify/LineItem/2152491483214,883,20250318,20,791,182,5,1,509.53,509.53,560.483,50.953,10.0
gid://shopify/LineItem/2153951264846,1961,20250319,20,2864,27,5,1,509.53,509.53,560.483,50.953,10.0
gid://shopify/LineItem/2153420685390,1502,20250319,710,1115,108,5,1,527.13,527.13,579.843,52.713,10.0
gid://shopify/LineItem/2154507993166,2316,20250320,710,2865,18,5,1,728.73,728.73,801.603,72.873,10.0
gid://shopify/LineItem/2156112937038,3644,20250321,20,2866,12,5,1,597.13,597.13,656.843,59.713,10.0
gid://shopify/LineItem/2158508605518,5353,20250323,516,2867,8,5,1,581.53,581.53,639.683,58.153,10.0
gid://shopify/LineItem/2161382719566,7352,20250324,711,1973,94,5,1,565.53,565.53,622.083,56.553,10.0
gid://shopify/LineItem/2151755284558,374,20250318,380,2607,135,5,1,557.53,557.53,613.283,55.753,10.0
gid://shopify/LineItem/2154359193678,2113,20250320,380,706,318,5,1,550.13,550.13,605.143,55.013,10.0
gid://shopify/LineItem/2157189070926,4478,20250322,380,618,49,5,1,587.13,587.13,645.843,58.713,10.0
gid://shopify/LineItem/2157206437966,4500,20250322,20,2868,20,5,1,488.13,488.13,536.943,48.813,10.0
gid://shopify/LineItem/2152310964302,769,20250318,300,2869,100,5,1,459.13,459.13,505.043,45.913,10.0
gid://shopify/LineItem/2156457033806,3939,20250321,712,2749,100,5,1,604.13,604.13,664.543,60.413,10.0
gid://shopify/LineItem/2152854945870,990,20250319,1,2870,26,5,1,478.33,478.33,526.163,47.833,10.0
gid://shopify/LineItem/2157750353998,4977,20250322,20,293,62,5,1,579.93,579.93,637.923,57.993,10.0
gid://shopify/LineItem/2157816315982,5014,20250322,20,1081,150,5,1,507.13,507.13,557.843,50.713,10.0
gid://shopify/LineItem/2152118321230,658,20250318,20,270,345,5,1,507.13,507.13,557.843,50.713,10.0
gid://shopify/LineItem/2153477636174,1541,20250319,20,768,371,5,1,485.53,485.53,534.083,48.553,10.0
gid://shopify/LineItem/2154713743438,2521,20250320,179,1864,3,5,1,517.53,517.53,569.283,51.753,10.0
gid://shopify/LineItem/2153008922702,1131,20250319,44,992,68,5,1,517.53,517.53,569.283,51.753,10.0
gid://shopify/LineItem/2153389228110,1470,20250319,713,2871,174,5,1,517.53,517.53,569.283,51.753,10.0
gid://shopify/LineItem/2159049637966,5678,20250323,179,2872,175,5,1,517.53,517.53,569.283,51.753,10.0
gid://shopify/LineItem/2160592781390,6746,20250324,182,2873,295,5,1,587.93,587.93,646.723,58.793,10.0
gid://shopify/LineItem/2158681489486,5457,20250323,179,2874,3,5,1,595.93,595.93,655.523,59.593,10.0
gid://shopify/LineItem/2156426559566,3910,20250321,20,2875,52,5,1,541.13,541.13,595.243,54.113,10.0
gid://shopify/LineItem/2155775393870,3347,20250321,20,2876,215,5,1,517.13,517.13,568.843,51.713,10.0
gid://shopify/LineItem/2155332730958,3139,20250320,20,1819,361,5,1,509.53,509.53,560.483,50.953,10.0
gid://shopify/LineItem/2156384419918,3869,20250321,20,2360,74,5,1,509.53,509.53,560.483,50.953,10.0
gid://shopify/LineItem/2156373737550,3855,20250321,20,2877,76,5,1,497.13,497.13,546.843,49.713,10.0
gid://shopify/LineItem/2156481839182,3959,20250321,20,2878,29,5,1,490.13,490.13,539.143,49.013,10.0
gid://shopify/LineItem/2161331470414,7330,20250324,400,238,342,5,1,571.93,571.93,629.123,57.193,10.0
gid://shopify/LineItem/2156354601038,3837,20250321,179,2879,16,5,1,537.13,537.13,590.843,53.713,10.0
gid://shopify/LineItem/2156009324622,3565,20250321,299,2880,248,5,1,517.53,517.53,569.283,51.753,10.0
gid://shopify/LineItem/2151189250126,21,20250318,20,2881,81,5,1,505.13,505.13,555.643,50.513,10.0
gid://shopify/LineItem/2155355570254,3153,20250320,188,2882,156,5,1,595.93,595.93,655.523,59.593,10.0
gid://shopify/LineItem/2155834605646,3414,20250321,179,2676,244,5,1,537.13,537.13,590.843,53.713,10.0
gid://shopify/LineItem/2157866942542,5059,20250322,179,2883,17,5,1,517.53,517.53,569.283,51.753,10.0
gid://shopify/LineItem/2153388048462,1468,20250319,177,2503,137,5,1,505.13,505.13,555.643,50.513,10.0
gid://shopify/LineItem/2156186730574,3707,20250321,177,2884,205,5,1,571.13,571.13,628.243,57.113,10.0
gid://shopify/LineItem/2160218931278,6350,20250324,299,2270,143,5,1,517.53,517.53,569.283,51.753,10.0
gid://shopify/LineItem/2154924212302,2740,20250320,188,2104,83,5,1,517.53,517.53,569.283,51.753,10.0
gid://shopify/LineItem/2159100362830,5709,20250323,20,2885,87,5,1,504.13,504.13,554.543,50.413,10.0
gid://shopify/LineItem/2159146401870,5736,20250323,20,2886,298,5,1,517.13,517.13,568.843,51.713,10.0
gid://shopify/LineItem/2157663486030,4914,20250322,177,2887,80,5,1,563.63,563.63,619.993,56.363,10.0
gid://shopify/LineItem/2161136959566,7178,20250324,44,2888,159,5,1,517.53,517.53,569.283,51.753,10.0
gid://shopify/LineItem/2157925302350,5108,20250322,1,2889,3,5,1,485.53,485.53,534.083,48.553,10.0
gid://shopify/LineItem/2160680665166,6821,20250324,177,547,170,5,1,537.13,537.13,590.843,53.713,10.0
gid://shopify/LineItem/2158795685966,5502,20250323,177,2890,106,5,1,512.63,512.63,563.893,51.263,10.0
gid://shopify/LineItem/2157221838926,4512,20250322,20,429,117,5,1,497.63,497.63,547.393,49.763,10.0
gid://shopify/LineItem/2159048163406,5677,20250323,545,1830,218,5,1,509.53,509.53,560.483,50.953,10.0
gid://shopify/LineItem/2160692035662,6831,20250324,179,652,24,5,1,517.53,517.53,569.283,51.753,10.0
gid://shopify/LineItem/2159703392334,6115,20250323,20,2891,69,5,1,509.53,509.53,560.483,50.953,10.0
gid://shopify/LineItem/2153380446286,1461,20250319,374,2892,304,5,1,500.73,500.73,550.803,50.073,10.0
gid://shopify/LineItem/2156953534542,4176,20250322,179,2893,52,5,1,517.53,517.53,569.283,51.753,10.0
gid://shopify/LineItem/2152305623118,765,20250318,177,2894,57,5,1,595.93,595.93,655.523,59.593,10.0
gid://shopify/LineItem/2156543967310,4013,20250321,334,2895,76,5,1,527.13,527.13,579.843,52.713,10.0
gid://shopify/LineItem/2154630479950,2433,20250320,334,2896,197,5,1,569.33,569.33,626.263,56.933,10.0
gid://shopify/LineItem/2152570781774,924,20250318,1,2897,458,5,1,505.13,505.13,555.643,50.513,10.0
gid://shopify/LineItem/2160612769870,6769,20250324,1,2898,33,5,1,497.13,497.13,546.843,49.713,10.0
gid://shopify/LineItem/2156407980110,3890,20250321,20,1224,168,5,1,517.53,517.53,569.283,51.753,10.0
gid://shopify/LineItem/2156376031310,3857,20250321,177,2899,134,5,1,497.63,497.63,547.393,49.763,10.0
gid://shopify/LineItem/2156248137806,3764,20250321,20,2900,125,5,1,556.13,556.13,611.743,55.613,10.0
gid://shopify/LineItem/2156044976206,3597,20250321,177,2901,237,5,1,500.73,500.73,550.803,50.073,10.0
gid://shopify/LineItem/2157102727246,4366,20250322,177,2483,179,5,1,517.53,517.53,569.283,51.753,10.0
gid://shopify/LineItem/2159637463118,6058,20250323,177,436,59,5,1,485.53,485.53,534.083,48.553,10.0
gid://shopify/LineItem/2161241555022,7274,20250324,20,2902,145,5,1,555.13,555.13,610.643,55.513,10.0
gid://shopify/LineItem/2157151158350,4435,20250322,177,165,334,5,1,512.63,512.63,563.893,51.263,10.0
gid://shopify/LineItem/2156006801486,3559,20250321,1,2720,28,5,1,622.13,622.13,684.343,62.213,10.0
gid://shopify/LineItem/2159108325454,5718,20250323,1,2903,308,5,1,501.53,501.53,551.683,50.153,10.0
gid://shopify/LineItem/2159071952974,5686,20250323,177,304,212,5,1,586.13,586.13,644.743,58.613,10.0
gid://shopify/LineItem/2159845212238,6200,20250323,177,2904,102,5,1,517.53,517.53,569.283,51.753,10.0
gid://shopify/LineItem/2151599800398,259,20250318,177,2905,450,5,1,615.13,615.13,676.643,61.513,10.0
gid://shopify/LineItem/2152098332750,647,20250318,378,2906,76,5,1,527.13,527.13,579.843,52.713,10.0
gid://shopify/LineItem/2152150958158,681,20250318,335,2907,53,5,1,537.13,537.13,590.843,53.713,10.0
gid://shopify/LineItem/2160225321038,6361,20250324,714,2908,118,5,1,517.53,517.53,569.283,51.753,10.0
gid://shopify/LineItem/2158015381582,5182,20250322,557,2909,241,5,1,605.13,605.13,665.643,60.513,10.0
gid://shopify/LineItem/2157566918734,4823,20250322,20,1932,459,5,1,563.93,563.93,620.323,56.393,10.0
gid://shopify/LineItem/2159095513166,5703,20250323,558,2910,53,5,1,517.53,517.53,569.283,51.753,10.0
gid://shopify/LineItem/2155820253262,3392,20250321,414,2911,204,5,1,595.93,595.93,655.523,59.593,10.0
gid://shopify/LineItem/2151718846542,343,20250318,20,2912,173,5,1,527.13,527.13,579.843,52.713,10.0
gid://shopify/LineItem/2157851574350,5040,20250322,177,2913,190,5,1,497.63,497.63,547.393,49.763,10.0
gid://shopify/LineItem/2154911465550,2725,20250320,715,2847,16,5,1,509.53,509.53,560.483,50.953,10.0
gid://shopify/LineItem/2155192614990,3031,20250320,20,2914,416,5,1,486.73,486.73,535.403,48.673,10.0
gid://shopify/LineItem/2157901611086,5091,20250322,356,1486,3,5,1,493.53,493.53,542.883,49.353,10.0
gid://shopify/LineItem/2154733830222,2547,20250320,356,2915,409,5,1,555.93,555.93,611.523,55.593,10.0
gid://shopify/LineItem/2152917860430,1038,20250319,1,2916,152,5,1,486.73,486.73,535.403,48.673,10.0
gid://shopify/LineItem/2156158124110,3681,20250321,307,2917,426,5,1,527.13,527.13,579.843,52.713,10.0
gid://shopify/LineItem/2159533326414,6000,20250323,179,2918,20,5,1,587.93,587.93,646.723,58.793,10.0
gid://shopify/LineItem/2158099071054,5232,20250322,308,2688,39,5,1,527.13,527.13,579.843,52.713,10.0
gid://shopify/LineItem/2154495017038,2293,20250320,308,760,16,5,1,578.63,578.63,636.493,57.863,10.0
gid://shopify/LineItem/2158504214606,5350,20250323,357,2919,29,5,1,517.53,517.53,569.283,51.753,10.0
gid://shopify/LineItem/2160377725006,6558,20250324,354,2920,129,5,1,555.13,555.13,610.643,55.513,10.0
gid://shopify/LineItem/2152046002254,602,20250318,20,2921,456,5,1,541.13,541.13,595.243,54.113,10.0
gid://shopify/LineItem/2160122232910,6270,20250324,310,1400,198,5,1,509.53,509.53,560.483,50.953,10.0
gid://shopify/LineItem/2152875458638,1001,20250319,174,2922,92,5,1,490.13,490.13,539.143,49.013,10.0
gid://shopify/LineItem/2158607302734,5411,20250323,568,1874,173,5,1,537.13,537.13,590.843,53.713,10.0
gid://shopify/LineItem/2160162635854,6290,20250324,422,2923,341,5,1,509.53,509.53,560.483,50.953,10.0
gid://shopify/LineItem/2156997312590,4203,20250322,422,2924,41,5,1,505.13,505.13,555.643,50.513,10.0
gid://shopify/LineItem/2157086244942,4348,20250322,177,2237,29,5,1,509.53,509.53,560.483,50.953,10.0
gid://shopify/LineItem/2154545086542,2353,20250320,312,2663,403,5,1,537.13,537.13,590.843,53.713,10.0
gid://shopify/LineItem/2158476853326,5341,20250323,312,722,40,5,1,509.53,509.53,560.483,50.953,10.0
gid://shopify/LineItem/2151520731214,166,20250318,20,2925,12,5,1,509.53,509.53,560.483,50.953,10.0
gid://shopify/LineItem/2153863643214,1913,20250319,716,2399,279,5,1,509.53,509.53,560.483,50.953,10.0
gid://shopify/LineItem/2151808073806,429,20250318,572,2040,204,5,1,517.53,517.53,569.283,51.753,10.0
gid://shopify/LineItem/2160273457230,6436,20250324,572,2926,440,5,1,490.13,490.13,539.143,49.013,10.0
gid://shopify/LineItem/2160474783822,6644,20250324,573,856,121,5,1,512.63,512.63,563.893,51.263,10.0
gid://shopify/LineItem/2160921149518,7008,20250324,717,1111,1,5,1,547.93,547.93,602.723,54.793,10.0
gid://shopify/LineItem/2153248063566,1361,20250319,1,2450,147,5,1,678.53,678.53,746.383,67.853,10.0
gid://shopify/LineItem/2156984762446,4191,20250322,691,2927,172,5,1,537.13,537.13,590.843,53.713,10.0
gid://shopify/LineItem/2153166438478,1285,20250319,668,2928,460,5,1,504.13,504.13,554.543,50.413,10.0
gid://shopify/LineItem/2151558545486,212,20250318,718,2929,441,5,1,504.13,504.13,554.543,50.413,10.0
gid://shopify/LineItem/2152015626318,578,20250318,427,1928,28,5,1,505.13,505.13,555.643,50.513,10.0
gid://shopify/LineItem/2157668958286,4917,20250322,188,2501,19,5,1,517.53,517.53,569.283,51.753,10.0
gid://shopify/LineItem/2151544356942,199,20250318,719,2930,13,5,1,517.53,517.53,569.283,51.753,10.0
gid://shopify/LineItem/2157929037902,5112,20250322,1,2516,145,5,1,673.13,673.13,740.443,67.313,10.0
gid://shopify/LineItem/2155783684174,3357,20250321,179,2931,348,5,1,517.53,517.53,569.283,51.753,10.0
gid://shopify/LineItem/2152228487246,723,20250318,299,215,372,5,1,517.53,517.53,569.283,51.753,10.0
gid://shopify/LineItem/2156462014542,3943,20250321,299,2932,225,5,1,517.53,517.53,569.283,51.753,10.0
gid://shopify/LineItem/2158000504910,5168,20250322,431,2362,357,5,1,504.13,504.13,554.543,50.413,10.0
gid://shopify/LineItem/2152371028046,809,20250318,360,2933,218,5,1,509.53,509.53,560.483,50.953,10.0
gid://shopify/LineItem/2153076490318,1193,20250319,360,355,106,5,1,505.13,505.13,555.643,50.513,10.0
gid://shopify/LineItem/2157246447694,4544,20250322,361,2875,93,5,1,578.63,578.63,636.493,57.863,10.0
gid://shopify/LineItem/2151903559758,510,20250318,361,2934,19,5,1,569.13,569.13,626.043,56.913,10.0
gid://shopify/LineItem/2154612686926,2415,20250320,181,2935,79,5,1,587.93,587.93,646.723,58.793,10.0
gid://shopify/LineItem/2151710097486,338,20250318,314,1108,53,5,1,509.53,509.53,560.483,50.953,10.0
gid://shopify/LineItem/2153611460686,1678,20250319,314,2936,266,5,1,509.53,509.53,560.483,50.953,10.0
gid://shopify/LineItem/2154715840590,2523,20250320,314,2937,53,5,1,509.53,509.53,560.483,50.953,10.0
gid://shopify/LineItem/2157384171598,4676,20250322,314,2650,384,5,1,509.53,509.53,560.483,50.953,10.0
gid://shopify/LineItem/2156188860494,3709,20250321,314,201,298,5,1,587.93,587.93,646.723,58.793,10.0
gid://shopify/LineItem/2157003112526,4212,20250322,188,1530,169,5,1,504.13,504.13,554.543,50.413,10.0
gid://shopify/LineItem/2151756038222,376,20250318,436,2938,38,5,1,493.53,493.53,542.883,49.353,10.0
gid://shopify/LineItem/2159563767886,6018,20250323,436,2939,109,5,1,547.93,547.93,602.723,54.793,10.0
gid://shopify/LineItem/2154416472142,2193,20250320,436,2940,24,5,1,490.13,490.13,539.143,49.013,10.0
gid://shopify/LineItem/2157070942286,4322,20250322,20,2941,106,5,1,501.53,501.53,551.683,50.153,10.0
gid://shopify/LineItem/2158668152910,5447,20250323,20,1743,18,5,1,501.53,501.53,551.683,50.153,10.0
gid://shopify/LineItem/2161062182990,7121,20250324,438,2942,446,5,1,517.53,517.53,569.283,51.753,10.0
gid://shopify/LineItem/2157179469902,4468,20250322,1,2943,159,5,1,517.13,517.13,568.843,51.713,10.0
gid://shopify/LineItem/2154661609550,2462,20250320,720,1644,13,5,1,485.53,485.53,534.083,48.553,10.0
gid://shopify/LineItem/2157433684046,4725,20250322,721,2944,173,5,1,504.13,504.13,554.543,50.413,10.0
gid://shopify/LineItem/2153995927630,1996,20250319,179,2945,38,5,1,537.13,537.13,590.843,53.713,10.0
gid://shopify/LineItem/2151534788686,189,20250318,177,1250,107,5,1,505.13,505.13,555.643,50.513,10.0
gid://shopify/LineItem/2151736705102,357,20250318,177,2029,153,5,1,509.53,509.53,560.483,50.953,10.0
gid://shopify/LineItem/2153544548430,1608,20250319,20,871,448,5,1,490.13,490.13,539.143,49.013,10.0
gid://shopify/LineItem/2151880491086,491,20250318,177,2675,461,5,1,497.63,497.63,547.393,49.763,10.0
gid://shopify/LineItem/2156540526670,4008,20250321,192,2946,94,5,1,493.53,493.53,542.883,49.353,10.0
gid://shopify/LineItem/2157730201678,4964,20250322,192,2947,159,5,1,493.53,493.53,542.883,49.353,10.0
gid://shopify/LineItem/2159478505550,5958,20250323,590,2948,58,5,1,509.53,509.53,560.483,50.953,10.0
gid://shopify/LineItem/2154746708046,2562,20250320,592,332,128,5,1,537.13,537.13,590.843,53.713,10.0
gid://shopify/LineItem/2154425450574,2207,20250320,722,52,169,5,1,517.53,517.53,569.283,51.753,10.0
gid://shopify/LineItem/2155914231886,3485,20250321,174,2949,16,5,1,505.13,505.13,555.643,50.513,10.0
gid://shopify/LineItem/2154974773326,2797,20250320,174,248,74,5,1,490.13,490.13,539.143,49.013,10.0
gid://shopify/LineItem/2151454277710,106,20250318,177,1263,454,5,1,497.63,497.63,547.393,49.763,10.0
gid://shopify/LineItem/2152031125582,590,20250318,177,2950,27,5,1,509.53,509.53,560.483,50.953,10.0
gid://shopify/LineItem/2161151377486,7187,20250324,179,2951,55,5,1,595.93,595.93,655.523,59.593,10.0
gid://shopify/LineItem/2159430271054,5933,20250323,44,2952,175,5,1,537.13,537.13,590.843,53.713,10.0
gid://shopify/LineItem/2155930550350,3501,20250321,20,2919,158,5,1,497.63,497.63,547.393,49.763,10.0
gid://shopify/LineItem/2154150199374,2056,20250320,723,2953,428,5,1,642.33,642.33,706.563,64.233,10.0
gid://shopify/LineItem/2155115806798,2960,20250320,724,2090,109,5,1,505.13,505.13,555.643,50.513,10.0
gid://shopify/LineItem/2153507291214,1564,20250319,725,1447,51,5,1,537.13,537.13,590.843,53.713,10.0
gid://shopify/LineItem/2154795794510,2620,20250320,177,1805,55,5,1,537.13,537.13,590.843,53.713,10.0
gid://shopify/LineItem/2156383895630,3868,20250321,20,1873,100,5,1,666.33,666.33,732.963,66.633,10.0
gid://shopify/LineItem/2160741285966,6884,20250324,363,2954,173,5,1,509.53,509.53,560.483,50.953,10.0
gid://shopify/LineItem/2153729228878,1801,20250319,486,625,136,5,1,517.13,517.13,568.843,51.713,10.0
gid://shopify/LineItem/2152834498638,982,20250319,486,2955,181,5,1,493.53,493.53,542.883,49.353,10.0
gid://shopify/LineItem/2158911848526,5586,20250323,726,2956,69,5,1,563.63,563.63,619.993,56.363,10.0
gid://shopify/LineItem/2153038184526,1158,20250319,727,2957,76,5,1,517.53,517.53,569.283,51.753,10.0
gid://shopify/LineItem/2160993534030,7073,20250324,728,2958,13,5,1,482.63,482.63,530.893,48.263,10.0
gid://shopify/LineItem/2154794582094,2619,20250320,729,2959,252,5,1,517.53,517.53,569.283,51.753,10.0
gid://shopify/LineItem/2151500021838,140,20250318,174,2582,8,5,1,490.13,490.13,539.143,49.013,10.0
gid://shopify/LineItem/2161491279950,7421,20250324,177,44,164,5,1,605.13,605.13,665.643,60.513,10.0
gid://shopify/LineItem/2152521629774,899,20250318,598,2798,317,5,1,507.13,507.13,557.843,50.713,10.0
gid://shopify/LineItem/2156838355022,4160,20250322,1,354,70,5,1,517.53,517.53,569.283,51.753,10.0
gid://shopify/LineItem/2157333217358,4627,20250322,730,2960,434,5,1,683.13,683.13,751.443,68.313,10.0
gid://shopify/LineItem/2153811312718,1870,20250319,731,2961,180,5,1,509.53,509.53,560.483,50.953,10.0
gid://shopify/LineItem/2159218098254,5784,20250323,693,670,19,5,1,595.93,595.93,655.523,59.593,10.0
gid://shopify/LineItem/2159563571278,6017,20250323,179,2962,16,5,1,537.13,537.13,590.843,53.713,10.0
gid://shopify/LineItem/2157051445326,4292,20250322,20,1155,245,5,1,517.53,517.53,569.283,51.753,10.0
gid://shopify/LineItem/2153497002062,1555,20250319,174,411,188,5,1,563.63,563.63,619.993,56.363,10.0
gid://shopify/LineItem/2153584721998,1657,20250319,177,2963,62,5,1,517.53,517.53,569.283,51.753,10.0
gid://shopify/LineItem/2159644475470,6066,20250323,188,2964,108,5,1,537.13,537.13,590.843,53.713,10.0
gid://shopify/LineItem/2156008472654,3561,20250321,188,781,204,5,1,517.53,517.53,569.283,51.753,10.0
gid://shopify/LineItem/2153229451342,1344,20250319,20,91,212,5,1,497.63,497.63,547.393,49.763,10.0
gid://shopify/LineItem/2155396792398,3168,20250320,20,2965,94,5,1,497.63,497.63,547.393,49.763,10.0
gid://shopify/LineItem/2155820580942,3393,20250321,177,2966,165,5,1,507.73,507.73,558.503,50.773,10.0
gid://shopify/LineItem/2153405612110,1483,20250319,1,407,119,5,1,537.13,537.13,590.843,53.713,10.0
gid://shopify/LineItem/2155416059982,3179,20250321,732,409,16,5,1,517.53,517.53,569.283,51.753,10.0
gid://shopify/LineItem/2155690262606,3266,20250321,179,15,41,5,1,517.53,517.53,569.283,51.753,10.0
gid://shopify/LineItem/2161183785038,7224,20250324,179,151,370,5,1,537.13,537.13,590.843,53.713,10.0
gid://shopify/LineItem/2158638039118,5430,20250323,174,2967,462,5,1,527.13,527.13,579.843,52.713,10.0
gid://shopify/LineItem/2152140636238,670,20250318,174,2968,342,5,1,509.53,509.53,560.483,50.953,10.0
gid://shopify/LineItem/2153360490574,1450,20250319,179,2969,173,5,1,595.93,595.93,655.523,59.593,10.0
gid://shopify/LineItem/2151555563598,210,20250318,188,897,62,5,1,537.13,537.13,590.843,53.713,10.0
gid://shopify/LineItem/2157592674382,4845,20250322,179,2970,14,5,1,537.13,537.13,590.843,53.713,10.0
gid://shopify/LineItem/2151462469710,115,20250318,177,2971,176,5,1,512.63,512.63,563.893,51.263,10.0
gid://shopify/LineItem/2156422103118,3905,20250321,317,1257,174,5,1,505.13,505.13,555.643,50.513,10.0
gid://shopify/LineItem/2157308706894,4601,20250322,20,2312,128,5,1,501.53,501.53,551.683,50.153,10.0
gid://shopify/LineItem/2154662101070,2463,20250320,177,2972,289,5,1,497.63,497.63,547.393,49.763,10.0
gid://shopify/LineItem/2160489037902,6659,20250324,332,1719,56,5,1,517.13,517.13,568.843,51.713,10.0
gid://shopify/LineItem/2159221899342,5790,20250323,332,2973,412,5,1,490.13,490.13,539.143,49.013,10.0
gid://shopify/LineItem/2157865107534,5058,20250322,188,519,32,5,1,537.13,537.13,590.843,53.713,10.0
gid://shopify/LineItem/2151411744846,74,20250318,188,2974,119,5,1,504.13,504.13,554.543,50.413,10.0
gid://shopify/LineItem/2160689184846,6827,20250324,174,2975,85,5,1,509.53,509.53,560.483,50.953,10.0
gid://shopify/LineItem/2156124930126,3655,20250321,365,2976,384,5,1,509.53,509.53,560.483,50.953,10.0
gid://shopify/LineItem/2156059557966,3610,20250321,174,2977,16,5,1,527.13,527.13,579.843,52.713,10.0
gid://shopify/LineItem/2152927756366,1051,20250319,365,2255,176,5,1,658.33,658.33,724.163,65.833,10.0
gid://shopify/LineItem/2154719772750,2528,20250320,177,1004,176,5,1,512.63,512.63,563.893,51.263,10.0
gid://shopify/LineItem/2155712053326,3279,20250321,1,2978,143,5,1,501.53,501.53,551.683,50.153,10.0
gid://shopify/LineItem/2151835762766,458,20250318,733,2979,16,5,1,537.13,537.13,590.843,53.713,10.0
gid://shopify/LineItem/2155852234830,3426,20250321,188,2980,149,5,1,537.13,537.13,590.843,53.713,10.0
gid://shopify/LineItem/2160440574030,6609,20250324,734,2981,24,5,1,527.13,527.13,579.843,52.713,10.0
gid://shopify/LineItem/2157817561166,5015,20250322,320,2982,408,5,1,537.13,537.13,590.843,53.713,10.0
gid://shopify/LineItem/2156611043406,4056,20250321,319,2610,99,5,1,537.13,537.13,590.843,53.713,10.0
gid://shopify/LineItem/2161150918734,7186,20250324,320,1707,406,5,1,517.53,517.53,569.283,51.753,10.0
gid://shopify/LineItem/2160463249486,6627,20250324,1,2983,80,5,1,497.13,497.13,546.843,49.713,10.0
gid://shopify/LineItem/2160976855118,7059,20250324,615,2984,19,5,1,497.63,497.63,547.393,49.763,10.0
gid://shopify/LineItem/2157162430542,4449,20250322,703,2985,91,5,1,497.63,497.63,547.393,49.763,10.0
gid://shopify/LineItem/2152638316622,954,20250319,1,2986,99,5,1,497.63,497.63,547.393,49.763,10.0
gid://shopify/LineItem/2151767998542,391,20250318,1,2987,141,5,1,501.53,501.53,551.683,50.153,10.0
gid://shopify/LineItem/2157111672910,4384,20250322,20,2988,286,5,1,629.63,629.63,692.593,62.963,10.0
gid://shopify/LineItem/2161331634254,7332,20250324,20,2828,116,5,1,527.13,527.13,579.843,52.713,10.0
gid://shopify/LineItem/2153076195406,1192,20250319,735,2989,20,5,1,501.53,501.53,551.683,50.153,10.0
gid://shopify/LineItem/2156164120654,3689,20250321,20,2990,94,5,1,635.13,635.13,698.643,63.513,10.0
gid://shopify/LineItem/2153250521166,1364,20250319,20,2991,68,5,1,537.13,537.13,590.843,53.713,10.0
gid://shopify/LineItem/2154842816590,2664,20250320,20,226,32,5,1,504.13,504.13,554.543,50.413,10.0
gid://shopify/LineItem/2160805838926,6927,20250324,20,2992,337,5,1,509.53,509.53,560.483,50.953,10.0
gid://shopify/LineItem/2157106200654,4377,20250322,1,2370,109,5,1,517.53,517.53,569.283,51.753,10.0
gid://shopify/LineItem/2152048361550,605,20250318,1,2282,286,5,1,505.13,505.13,555.643,50.513,10.0
gid://shopify/LineItem/2160228859982,6365,20250324,198,2560,132,5,1,493.53,493.53,542.883,49.353,10.0
gid://shopify/LineItem/2151682048078,323,20250318,450,2993,89,5,1,493.53,493.53,542.883,49.353,10.0
gid://shopify/LineItem/2153048932430,1172,20250319,1,171,16,5,1,505.13,505.13,555.643,50.513,10.0
gid://shopify/LineItem/2157616988238,4864,20250322,1,2994,16,5,1,571.93,571.93,629.123,57.193,10.0
gid://shopify/LineItem/2159537913934,6005,20250323,619,2995,413,5,1,509.53,509.53,560.483,50.953,10.0
gid://shopify/LineItem/2158544617550,5379,20250323,177,2996,5,5,1,517.53,517.53,569.283,51.753,10.0
gid://shopify/LineItem/2152516288590,897,20250318,20,1840,237,5,1,504.13,504.13,554.543,50.413,10.0
gid://shopify/LineItem/2153088057422,1215,20250319,620,438,85,5,1,509.53,509.53,560.483,50.953,10.0
gid://shopify/LineItem/2156238929998,3754,20250321,736,2997,63,5,1,509.53,509.53,560.483,50.953,10.0
gid://shopify/LineItem/2153565093966,1640,20250319,737,2998,94,5,1,490.13,490.13,539.143,49.013,10.0
gid://shopify/LineItem/2159752282190,6149,20250323,20,495,43,5,1,504.13,504.13,554.543,50.413,10.0
gid://shopify/LineItem/2161086988366,7146,20250324,21,2999,290,5,1,595.93,595.93,655.523,59.593,10.0
gid://shopify/LineItem/2153637544014,1702,20250319,20,2569,100,5,1,517.53,517.53,569.283,51.753,10.0
gid://shopify/LineItem/2157835616334,5029,20250322,20,1159,204,5,1,504.13,504.13,554.543,50.413,10.0
gid://shopify/LineItem/2159128281166,5728,20250323,174,1128,24,5,1,517.53,517.53,569.283,51.753,10.0
gid://shopify/LineItem/2159041871950,5673,20250323,20,3000,63,5,1,517.53,517.53,569.283,51.753,10.0
gid://shopify/LineItem/2153905815630,1935,20250319,624,1713,203,5,1,501.53,501.53,551.683,50.153,10.0
gid://shopify/LineItem/2157069762638,4320,20250322,20,1082,74,5,1,527.13,527.13,579.843,52.713,10.0
gid://shopify/LineItem/2157235142734,4529,20250322,20,979,407,5,1,537.13,537.13,590.843,53.713,10.0
gid://shopify/LineItem/2154985357390,2807,20250320,20,2801,3,5,1,512.63,512.63,563.893,51.263,10.0
gid://shopify/LineItem/2152547287118,912,20250318,1,3001,176,5,1,517.53,517.53,569.283,51.753,10.0
gid://shopify/LineItem/2158899101774,5574,20250323,174,2454,12,5,1,517.53,517.53,569.283,51.753,10.0
gid://shopify/LineItem/2154553245774,2365,20250320,1,574,164,5,1,517.53,517.53,569.283,51.753,10.0
gid://shopify/LineItem/2153184723022,1302,20250319,20,2078,229,5,1,517.53,517.53,569.283,51.753,10.0
gid://shopify/LineItem/2160512303182,6680,20250324,20,1475,53,5,1,517.53,517.53,569.283,51.753,10.0
gid://shopify/LineItem/2154815684686,2646,20250320,1,3002,19,5,1,537.13,537.13,590.843,53.713,10.0
gid://shopify/LineItem/2153886187598,1925,20250319,20,1325,209,5,1,537.13,537.13,590.843,53.713,10.0
gid://shopify/LineItem/2158893432910,5569,20250323,1,3003,384,5,1,567.13,567.13,623.843,56.713,10.0
gid://shopify/LineItem/2151766622286,386,20250318,369,2797,34,5,1,475.13,475.13,522.643,47.513,10.0
gid://shopify/LineItem/2158912307278,5587,20250323,627,1307,55,5,1,497.63,497.63,547.393,49.763,10.0
gid://shopify/LineItem/2154379345998,2137,20250320,738,3004,73,5,1,579.93,579.93,637.923,57.993,10.0
gid://shopify/LineItem/2159519334478,5989,20250323,739,2557,99,5,1,517.13,517.13,568.843,51.713,10.0
gid://shopify/LineItem/2158885961806,5563,20250323,740,6,50,5,1,493.73,493.73,543.103,49.373,10.0
gid://shopify/LineItem/2153619849294,1682,20250319,174,1432,462,5,1,586.13,586.13,644.743,58.613,10.0
gid://shopify/LineItem/2157820280910,5019,20250322,20,3005,8,5,1,490.13,490.13,539.143,49.013,10.0
gid://shopify/LineItem/2156152324174,3675,20250321,741,1795,80,5,1,487.13,487.13,535.843,48.713,10.0
gid://shopify/LineItem/2155595137102,3212,20250321,373,3006,45,5,1,477.53,477.53,525.283,47.753,10.0
gid://shopify/LineItem/2160200319054,6326,20250324,373,3007,115,5,1,487.13,487.13,535.843,48.713,10.0
gid://shopify/LineItem/2156127125582,3658,20250321,20,3008,247,5,1,505.13,505.13,555.643,50.513,10.0
gid://shopify/LineItem/2151765147726,385,20250318,20,2443,53,5,1,509.53,509.53,560.483,50.953,10.0
gid://shopify/LineItem/2160902340686,6995,20250324,20,2362,237,5,1,509.53,509.53,560.483,50.953,10.0
gid://shopify/LineItem/2161287659598,7308,20250324,174,617,84,5,1,517.53,517.53,569.283,51.753,10.0
gid://shopify/LineItem/2154980180046,2801,20250320,20,3009,69,5,1,537.13,537.13,590.843,53.713,10.0
gid://shopify/LineItem/2155753013326,3325,20250321,1,75,19,5,1,517.53,517.53,569.283,51.753,10.0
gid://shopify/LineItem/2151767179342,388,20250318,20,3010,175,5,1,501.53,501.53,551.683,50.153,10.0
gid://shopify/LineItem/2153040773198,1162,20250319,742,2387,16,5,1,517.53,517.53,569.283,51.753,10.0
gid://shopify/LineItem/2160872882254,6980,20250324,743,263,41,1,1,439.13,439.13,483.043,43.913,10.0
gid://shopify/LineItem/2155836211278,3416,20250321,263,2768,229,1,1,439.13,439.13,483.043,43.913,10.0
gid://shopify/LineItem/2151735787598,356,20250318,211,3011,215,2,1,537.13,537.13,590.843,53.713,10.0
gid://shopify/LineItem/2151820558414,440,20250318,744,3012,238,2,1,537.13,537.13,590.843,53.713,10.0
gid://shopify/LineItem/2154448453710,2236,20250320,253,1095,121,2,1,537.13,537.13,590.843,53.713,10.0
gid://shopify/LineItem/2154858184782,2674,20250320,216,359,16,2,1,537.13,537.13,590.843,53.713,10.0
gid://shopify/LineItem/2160283779150,6452,20250324,392,929,108,1,1,439.13,439.13,483.043,43.913,10.0
gid://shopify/LineItem/2159039053902,5671,20250323,176,3013,53,1,1,439.13,439.13,483.043,43.913,10.0
gid://shopify/LineItem/2157877198926,5068,20250322,202,2254,145,1,1,439.13,439.13,483.043,43.913,10.0
gid://shopify/LineItem/2159459237966,5947,20250323,44,3014,102,1,1,439.13,439.13,483.043,43.913,10.0
gid://shopify/LineItem/2153608577102,1675,20250319,179,2,324,1,1,439.13,439.13,483.043,43.913,10.0
gid://shopify/LineItem/2160596844622,6757,20250324,20,3015,215,1,1,439.13,439.13,483.043,43.913,10.0
gid://shopify/LineItem/2155835064398,3415,20250321,335,3016,63,1,1,439.13,439.13,483.043,43.913,10.0
gid://shopify/LineItem/2157153189966,4437,20250322,179,549,127,1,1,439.13,439.13,483.043,43.913,10.0
gid://shopify/LineItem/2157825884238,5022,20250322,1,2235,383,1,1,439.13,439.13,483.043,43.913,10.0
gid://shopify/LineItem/2158556676174,5386,20250323,358,3017,62,1,1,439.13,439.13,483.043,43.913,10.0
gid://shopify/LineItem/2160692887630,6832,20250324,473,3018,264,1,1,439.13,439.13,483.043,43.913,10.0
gid://shopify/LineItem/2157362905166,4657,20250322,1,3019,252,1,1,439.13,439.13,483.043,43.913,10.0
gid://shopify/LineItem/2161116774478,7163,20250324,434,1848,53,1,1,439.13,439.13,483.043,43.913,10.0
gid://shopify/LineItem/2153063874638,1183,20250319,20,3020,108,1,1,439.13,439.13,483.043,43.913,10.0
gid://shopify/LineItem/2159031713870,5666,20250323,44,3021,149,1,1,439.13,439.13,483.043,43.913,10.0
gid://shopify/LineItem/2155740266574,3313,20250321,174,1789,63,1,1,439.13,439.13,483.043,43.913,10.0
gid://shopify/LineItem/2155723423822,3295,20250321,745,2385,175,1,1,439.13,439.13,483.043,43.913,10.0
gid://shopify/LineItem/2156382847054,3866,20250321,179,3022,28,1,1,439.13,439.13,483.043,43.913,10.0
gid://shopify/LineItem/2157912391758,5100,20250322,451,249,188,1,1,439.13,439.13,483.043,43.913,10.0
gid://shopify/LineItem/2153620537422,1684,20250319,746,335,53,1,1,439.13,439.13,483.043,43.913,10.0
gid://shopify/LineItem/2151506411598,147,20250318,321,3023,3,1,1,439.13,439.13,483.043,43.913,10.0
gid://shopify/LineItem/2158532624462,5372,20250323,20,3024,17,1,1,439.13,439.13,483.043,43.913,10.0
gid://shopify/LineItem/2156303908942,3803,20250321,747,3025,98,1,1,439.13,439.13,483.043,43.913,10.0
gid://shopify/LineItem/2159090729038,5698,20250323,481,2955,21,1,1,439.13,439.13,483.043,43.913,10.0
gid://shopify/LineItem/2157667745870,4916,20250322,297,202,182,1,1,439.13,439.13,483.043,43.913,10.0
gid://shopify/LineItem/2157100695630,4361,20250322,21,2545,3,1,1,439.13,439.13,483.043,43.913,10.0
gid://shopify/LineItem/2152340291662,787,20250318,1,2480,16,1,1,439.13,439.13,483.043,43.913,10.0
gid://shopify/LineItem/2157166788686,4456,20250322,1,234,237,1,1,439.13,439.13,483.043,43.913,10.0
gid://shopify/LineItem/2158633156686,5427,20250323,193,1927,16,1,1,439.13,439.13,483.043,43.913,10.0
gid://shopify/LineItem/2159165472846,5757,20250323,20,3026,391,1,1,439.13,439.13,483.043,43.913,10.0
gid://shopify/LineItem/2159661482062,6079,20250323,21,2308,76,1,1,439.13,439.13,483.043,43.913,10.0
gid://shopify/LineItem/2158603403342,5410,20250323,178,429,53,1,1,439.13,439.13,483.043,43.913,10.0
gid://shopify/LineItem/2157160464462,4447,20250322,20,3027,145,1,1,439.13,439.13,483.043,43.913,10.0
gid://shopify/LineItem/2154444423246,2230,20250320,472,681,188,1,1,439.13,439.13,483.043,43.913,10.0
gid://shopify/LineItem/2157170851918,4462,20250322,181,3028,109,1,1,439.13,439.13,483.043,43.913,10.0
gid://shopify/LineItem/2160693248078,6834,20250324,505,3029,192,1,1,439.13,439.13,483.043,43.913,10.0
gid://shopify/LineItem/2151870988366,484,20250318,191,3030,102,2,1,527.13,527.13,579.843,52.713,10.0
gid://shopify/LineItem/2158889566286,5567,20250323,344,3031,29,2,1,537.13,537.13,590.843,53.713,10.0
gid://shopify/LineItem/2157886668878,5077,20250322,748,829,10,2,1,447.13,447.13,491.843,44.713,10.0
gid://shopify/LineItem/2154527195214,2339,20250320,20,3032,85,2,1,567.13,567.13,623.843,56.713,10.0
gid://shopify/LineItem/2160426221646,6591,20250324,1,167,291,2,1,527.13,527.13,579.843,52.713,10.0
gid://shopify/LineItem/2151562281038,220,20250318,20,3033,337,2,1,537.13,537.13,590.843,53.713,10.0
gid://shopify/LineItem/2156009128014,3564,20250321,1,1673,119,2,1,517.13,517.13,568.843,51.713,10.0
gid://shopify/LineItem/2159353004110,5877,20250323,20,1372,463,2,1,537.13,537.13,590.843,53.713,10.0
gid://shopify/LineItem/2151941013582,532,20250318,308,3034,118,2,1,527.13,527.13,579.843,52.713,10.0
gid://shopify/LineItem/2151779401806,403,20250318,206,3035,1,2,1,517.13,517.13,568.843,51.713,10.0
gid://shopify/LineItem/2160758489166,6898,20250324,568,1848,149,2,1,537.13,537.13,590.843,53.713,10.0
gid://shopify/LineItem/2159318827086,5853,20250323,717,1999,19,2,1,497.13,497.13,546.843,49.713,10.0
gid://shopify/LineItem/2159342485582,5869,20250323,578,3036,92,2,1,575.13,575.13,632.643,57.513,10.0
gid://shopify/LineItem/2157115146318,4392,20250322,182,104,358,2,1,537.13,537.13,590.843,53.713,10.0
gid://shopify/LineItem/2159310667854,5846,20250323,199,3037,367,2,1,527.13,527.13,579.843,52.713,10.0
gid://shopify/LineItem/2160790863950,6920,20250324,199,3038,363,2,1,527.13,527.13,579.843,52.713,10.0
gid://shopify/LineItem/2155779489870,3350,20250321,20,3039,35,2,1,527.13,527.13,579.843,52.713,10.0
gid://shopify/LineItem/2152004517966,572,20250318,20,1502,204,2,1,537.13,537.13,590.843,53.713,10.0
gid://shopify/LineItem/2155806621774,3379,20250321,622,3040,362,2,1,517.13,517.13,568.843,51.713,10.0
gid://shopify/LineItem/2157694124110,4943,20250322,368,3041,20,2,1,517.13,517.13,568.843,51.713,10.0
gid://shopify/LineItem/2157581172814,4833,20250322,749,3042,16,2,1,517.13,517.13,568.843,51.713,10.0
gid://shopify/LineItem/2152077197390,632,20250318,191,2044,204,2,1,615.13,615.13,676.643,61.513,10.0
gid://shopify/LineItem/2160810688590,6931,20250324,44,3043,452,2,1,537.13,537.13,590.843,53.713,10.0
gid://shopify/LineItem/2160767860814,6904,20250324,495,3044,53,2,1,527.13,527.13,579.843,52.713,10.0
gid://shopify/LineItem/2158546944078,5382,20250323,455,3045,43,2,1,537.13,537.13,590.843,53.713,10.0
gid://shopify/LineItem/2157815726158,5012,20250322,21,3046,128,2,1,537.13,537.13,590.843,53.713,10.0
gid://shopify/LineItem/2157650870350,4897,20250322,1,3047,38,2,1,537.13,537.13,590.843,53.713,10.0
gid://shopify/LineItem/2156280873038,3790,20250321,1,3048,100,2,1,537.13,537.13,590.843,53.713,10.0
gid://shopify/LineItem/2156003721294,3554,20250321,598,3049,13,2,1,605.13,605.13,665.643,60.513,10.0
gid://shopify/LineItem/2156313837646,3808,20250321,20,655,19,2,1,615.13,615.13,676.643,61.513,10.0
gid://shopify/LineItem/2151867482190,482,20250318,665,3050,34,2,1,517.13,517.13,568.843,51.713,10.0
gid://shopify/LineItem/2153281486926,1402,20250319,191,2025,83,2,1,527.13,527.13,579.843,52.713,10.0
gid://shopify/LineItem/2156371083342,3851,20250321,544,1919,33,2,1,595.13,595.13,654.643,59.513,10.0
gid://shopify/LineItem/2156201214030,3720,20250321,20,3051,19,2,1,537.13,537.13,590.843,53.713,10.0
gid://shopify/LineItem/2157583269966,4836,20250322,1,1855,464,2,1,595.13,595.13,654.643,59.513,10.0
gid://shopify/LineItem/2151896481870,505,20250318,356,1158,35,2,1,507.13,507.13,557.843,50.713,10.0
gid://shopify/LineItem/2151782318158,406,20250318,1,2679,373,2,1,497.13,497.13,546.843,49.713,10.0
gid://shopify/LineItem/2153170698318,1292,20250319,313,3052,1,2,1,507.13,507.13,557.843,50.713,10.0
gid://shopify/LineItem/2156082495566,3621,20250321,1,1893,394,2,1,517.13,517.13,568.843,51.713,10.0
gid://shopify/LineItem/2156209504334,3732,20250321,174,3053,50,2,1,537.13,537.13,590.843,53.713,10.0
gid://shopify/LineItem/2157567803470,4825,20250322,182,3054,165,2,1,527.13,527.13,579.843,52.713,10.0
gid://shopify/LineItem/2151437795406,91,20250318,179,3055,465,2,1,537.13,537.13,590.843,53.713,10.0
gid://shopify/LineItem/2152024571982,584,20250318,1,2987,197,2,1,537.13,537.13,590.843,53.713,10.0
gid://shopify/LineItem/2153157132366,1274,20250319,750,3056,286,2,1,497.13,497.13,546.843,49.713,10.0
gid://shopify/LineItem/2159396323406,5910,20250323,20,3057,391,2,1,527.13,527.13,579.843,52.713,10.0
gid://shopify/LineItem/2151560839246,217,20250318,494,113,449,2,1,635.13,635.13,698.643,63.513,10.0
gid://shopify/LineItem/2156140920910,3668,20250321,20,3058,163,2,1,497.13,497.13,546.843,49.713,10.0
gid://shopify/LineItem/2156536758350,4007,20250321,1,3059,151,2,1,537.13,537.13,590.843,53.713,10.0
gid://shopify/LineItem/2160544022606,6709,20250324,751,3060,6,1,1,537.13,537.13,590.843,53.713,10.0
gid://shopify/LineItem/2153127477326,1249,20250319,20,2460,466,1,1,635.93,635.93,699.523,63.593,10.0
gid://shopify/LineItem/2154662428750,2464,20250320,177,3061,232,1,1,446.57,446.57,491.227,44.657,10.0
gid://shopify/LineItem/2153863774286,1914,20250319,177,3062,176,1,1,527.13,527.13,579.843,52.713,10.0
gid://shopify/LineItem/2153244983374,1355,20250319,1,2649,455,2,1,497.13,497.13,546.843,49.713,10.0
gid://shopify/LineItem/2158647312462,5439,20250323,208,2878,104,4,1,547.93,547.93,602.723,54.793,10.0
gid://shopify/LineItem/2153568895054,1644,20250319,1,3060,101,5,1,537.13,537.13,590.843,53.713,10.0
gid://shopify/LineItem/2159286452302,5834,20250323,2,3063,55,5,1,487.13,487.13,535.843,48.713,10.0
gid://shopify/LineItem/2155916066894,3491,20250321,1,1961,134,5,1,527.13,527.13,579.843,52.713,10.0
gid://shopify/LineItem/2154060021838,2020,20250319,2,3064,197,3,1,539.93,539.93,593.923,53.993,10.0
gid://shopify/LineItem/2161222156366,7253,20250324,2,2215,425,3,1,562.33,562.33,618.563,56.233,10.0
gid://shopify/LineItem/2151553925198,208,20250318,2,1864,3,3,1,535.13,535.13,588.643,53.513,10.0
gid://shopify/LineItem/2157183139918,4472,20250322,1,3065,321,3,1,527.13,527.13,579.843,52.713,10.0
gid://shopify/LineItem/2160976035918,7055,20250324,1,1190,74,3,1,509.53,509.53,560.483,50.953,10.0
gid://shopify/LineItem/2151787036750,412,20250318,1,3066,35,3,1,497.13,497.13,546.843,49.713,10.0
gid://shopify/LineItem/2155449024590,3190,20250321,1,1447,175,3,1,545.13,545.13,599.643,54.513,10.0
gid://shopify/LineItem/2154809065550,2636,20250320,1,2143,76,1,1,527.13,527.13,579.843,52.713,10.0
gid://shopify/LineItem/2159236644942,5803,20250323,1,3067,232,1,1,556.73,556.73,612.403,55.673,10.0
gid://shopify/LineItem/2152339701838,786,20250318,1,1326,55,1,1,830.13,830.13,913.143,83.013,10.0
gid://shopify/LineItem/2151785037902,410,20250318,2,3068,1,1,1,487.13,487.13,535.843,48.713,10.0
gid://shopify/LineItem/2156029771854,3582,20250321,2,3069,244,1,1,487.13,487.13,535.843,48.713,10.0
gid://shopify/LineItem/2159146827854,5738,20250323,2,3070,93,1,1,711.13,711.13,782.243,71.113,10.0
gid://shopify/LineItem/2153453092942,1524,20250319,2,3071,92,1,1,487.13,487.13,535.843,48.713,10.0
gid://shopify/LineItem/2157861011534,5052,20250322,2,3072,200,1,1,603.13,603.13,663.443,60.313,10.0
gid://shopify/LineItem/2160373792846,6556,20250324,2,3073,346,1,1,535.13,535.13,588.643,53.513,10.0
gid://shopify/LineItem/2155767332942,3339,20250321,2,3074,76,1,1,570.33,570.33,627.363,57.033,10.0
gid://shopify/LineItem/2155110498382,2951,20250320,1,3075,197,1,1,509.53,509.53,560.483,50.953,10.0
gid://shopify/LineItem/2154862346318,2680,20250320,1,3076,381,1,1,527.13,527.13,579.843,52.713,10.0
gid://shopify/LineItem/2153148514382,1266,20250319,1,3060,258,1,1,587.93,587.93,646.723,58.793,10.0
gid://shopify/LineItem/2159376564302,5897,20250323,1,231,307,1,1,527.13,527.13,579.843,52.713,10.0
gid://shopify/LineItem/2160702095438,6843,20250324,1,3077,8,1,1,703.13,703.13,773.443,70.313,10.0
gid://shopify/LineItem/2155020320846,2851,20250320,1,2168,1,1,1,585.13,585.13,643.643,58.513,10.0
gid://shopify/LineItem/2152435515470,854,20250318,752,360,212,1,1,485.53,485.53,534.083,48.553,10.0
gid://shopify/LineItem/2152032895054,592,20250318,209,1769,61,1,1,497.13,497.13,546.843,49.713,10.0
gid://shopify/LineItem/2157863927886,5054,20250322,1,3078,53,1,3,258.38,775.13,852.643,77.513,10.0
gid://shopify/LineItem/2153277227086,1397,20250319,1,1848,313,1,1,807.13,807.13,887.843,80.713,10.0
gid://shopify/LineItem/2151959986254,547,20250318,1,3079,199,1,1,527.13,527.13,579.843,52.713,10.0
gid://shopify/LineItem/2152925659214,1047,20250319,753,3080,19,1,1,439.13,439.13,483.043,43.913,10.0
gid://shopify/LineItem/2154830299214,2654,20250320,1,1671,25,1,1,509.53,509.53,560.483,50.953,10.0
gid://shopify/LineItem/2154496327758,2295,20250320,2,3081,16,1,1,711.13,711.13,782.243,71.113,10.0
gid://shopify/LineItem/2155714707534,3284,20250321,1,2919,378,1,1,829.13,829.13,912.043,82.913,10.0
gid://shopify/LineItem/2157024378958,4252,20250322,2,1089,87,3,1,523.93,523.93,576.323,52.393,10.0
gid://shopify/LineItem/2152073396302,626,20250318,2,976,19,1,1,633.13,633.13,696.443,63.313,10.0
gid://shopify/LineItem/2160138879054,6277,20250324,1,936,293,1,1,743.13,743.13,817.443,74.313,10.0
gid://shopify/LineItem/2159573106766,6025,20250323,1,2262,16,1,1,571.13,571.13,628.243,57.113,10.0
gid://shopify/LineItem/2156366397518,3843,20250321,1,3082,97,1,1,509.53,509.53,560.483,50.953,10.0
gid://shopify/LineItem/2161218715726,7251,20250324,1,970,420,1,1,527.13,527.13,579.843,52.713,10.0
gid://shopify/LineItem/2152937095246,1057,20250319,1,1490,92,1,1,712.73,712.73,784.003,71.273,10.0
gid://shopify/LineItem/2160481730638,6654,20250324,1,3083,253,1,1,587.93,587.93,646.723,58.793,10.0
gid://shopify/LineItem/2160743546958,6887,20250324,1,3084,100,1,1,571.93,571.93,629.123,57.193,10.0
gid://shopify/LineItem/2154641719374,2441,20250320,1,3085,107,1,1,509.53,509.53,560.483,50.953,10.0
gid://shopify/LineItem/2158223556686,5286,20250323,754,3086,290,1,1,497.13,497.13,546.843,49.713,10.0
gid://shopify/LineItem/2155737153614,3311,20250321,1,204,121,5,1,475.88,475.88,523.468,47.588,10.0
gid://shopify/LineItem/2160476553294,6648,20250324,1,3087,332,5,1,534.38,534.38,587.818,53.438,10.0
gid://shopify/LineItem/2153132851278,1252,20250319,1,3088,433,5,1,488.13,488.13,536.943,48.813,10.0
gid://shopify/LineItem/2152065564750,620,20250318,1,1363,150,5,1,500.73,500.73,550.803,50.073,10.0
gid://shopify/LineItem/2156392939598,3873,20250321,1,3089,40,5,1,623.93,623.93,686.323,62.393,10.0
gid://shopify/LineItem/2152396816462,824,20250318,177,3090,1,5,1,527.13,527.13,579.843,52.713,10.0
gid://shopify/LineItem/2161062117454,7119,20250324,177,2924,424,5,1,497.63,497.63,547.393,49.763,10.0
gid://shopify/LineItem/2157174063182,4464,20250322,1,3091,94,1,1,439.13,439.13,483.043,43.913,10.0
gid://shopify/LineItem/2151852507214,471,20250318,2,3092,120,2,1,927.13,927.13,1019.843,92.713,10.0
gid://shopify/LineItem/2154477977678,2269,20250320,232,487,149,4,1,693.13,693.13,762.443,69.313,10.0
gid://shopify/LineItem/2154986242126,2808,20250320,251,3093,175,4,1,595.93,595.93,655.523,59.593,10.0
gid://shopify/LineItem/2153578823758,1653,20250319,258,3094,16,4,1,509.53,509.53,560.483,50.953,10.0
gid://shopify/LineItem/2160177643598,6303,20250324,755,3095,433,4,1,459.13,459.13,505.043,45.913,10.0
gid://shopify/LineItem/2152907440206,1025,20250319,266,3096,143,4,1,635.13,635.13,698.643,63.513,10.0
gid://shopify/LineItem/2152137785422,669,20250318,267,1651,28,4,1,693.13,693.13,762.443,69.313,10.0
gid://shopify/LineItem/2154719969358,2529,20250320,286,434,72,4,1,635.13,635.13,698.643,63.513,10.0
gid://shopify/LineItem/2152967602254,1086,20250319,226,3097,339,4,1,507.13,507.13,557.843,50.713,10.0
gid://shopify/LineItem/2160002072654,6254,20250324,756,3098,188,4,1,693.13,693.13,762.443,69.313,10.0
gid://shopify/LineItem/2154673832014,2478,20250320,219,3099,148,4,1,517.53,517.53,569.283,51.753,10.0
gid://shopify/LineItem/2153299411022,1413,20250319,757,3100,41,4,1,517.13,517.13,568.843,51.713,10.0
gid://shopify/LineItem/2153722052686,1789,20250319,243,3101,16,4,1,899.63,899.63,989.593,89.963,10.0
gid://shopify/LineItem/2157250609230,4550,20250322,270,2610,381,4,1,733.13,733.13,806.443,73.313,10.0
gid://shopify/LineItem/2154196402254,2063,20250320,227,1515,80,5,1,537.13,537.13,590.843,53.713,10.0
gid://shopify/LineItem/2152428109902,849,20250318,227,2467,53,5,1,517.53,517.53,569.283,51.753,10.0
gid://shopify/LineItem/2152396849230,825,20250318,252,1912,467,5,1,635.13,635.13,698.643,63.513,10.0
gid://shopify/LineItem/2156196102222,3714,20250321,253,2929,143,5,1,537.13,537.13,590.843,53.713,10.0
gid://shopify/LineItem/2153983410254,1985,20250319,254,3102,11,5,1,711.13,711.13,782.243,71.113,10.0
gid://shopify/LineItem/2157237108814,4531,20250322,212,3059,76,5,1,527.13,527.13,579.843,52.713,10.0
gid://shopify/LineItem/2152042659918,598,20250318,264,3103,117,5,1,537.13,537.13,590.843,53.713,10.0
gid://shopify/LineItem/2151739293774,360,20250318,267,3104,29,5,1,635.13,635.13,698.643,63.513,10.0
gid://shopify/LineItem/2154667540558,2471,20250320,217,3105,260,5,1,507.13,507.13,557.843,50.713,10.0
gid://shopify/LineItem/2152795144270,977,20250319,247,3106,314,5,1,635.13,635.13,698.643,63.513,10.0
gid://shopify/LineItem/2154437443662,2221,20250320,288,3107,197,5,1,537.13,537.13,590.843,53.713,10.0
gid://shopify/LineItem/2151819444302,437,20250318,758,3108,1,5,1,527.13,527.13,579.843,52.713,10.0
gid://shopify/LineItem/2153827500110,1888,20250319,759,3109,55,5,2,315.36,630.73,693.803,63.073,10.0
gid://shopify/LineItem/2153157460046,1275,20250319,244,94,111,3,1,783.13,783.13,861.443,78.313,10.0
gid://shopify/LineItem/2155402920014,3173,20250321,232,1002,279,3,1,537.13,537.13,590.843,53.713,10.0
gid://shopify/LineItem/2153275293774,1393,20250319,231,3110,5,3,1,595.93,595.93,655.523,59.593,10.0
gid://shopify/LineItem/2155019763790,2849,20250320,212,3111,3,3,1,658.33,658.33,724.163,65.833,10.0
gid://shopify/LineItem/2158780481614,5494,20250323,212,2368,180,3,1,509.53,509.53,560.483,50.953,10.0
gid://shopify/LineItem/2158505001038,5351,20250323,230,3112,122,3,1,527.13,527.13,579.843,52.713,10.0
gid://shopify/LineItem/2152401403982,828,20250318,258,1506,5,3,1,625.13,625.13,687.643,62.513,10.0
gid://shopify/LineItem/2155326603342,3134,20250320,760,3113,190,3,1,455.13,455.13,500.643,45.513,10.0
gid://shopify/LineItem/2159245590606,5807,20250323,285,3114,153,3,1,575.13,575.13,632.643,57.513,10.0
gid://shopify/LineItem/2161264558158,7294,20250324,260,2657,58,3,1,497.13,497.13,546.843,49.713,10.0
gid://shopify/LineItem/2159782297678,6171,20250323,238,3115,179,3,1,805.53,805.53,886.083,80.553,10.0
gid://shopify/LineItem/2156100616270,3634,20250321,238,1497,76,3,1,653.13,653.13,718.443,65.313,10.0
gid://shopify/LineItem/2152407072846,834,20250318,170,3116,324,3,1,615.13,615.13,676.643,61.513,10.0
gid://shopify/LineItem/2154722656334,2532,20250320,170,3117,247,3,1,537.13,537.13,590.843,53.713,10.0
gid://shopify/LineItem/2155192680526,3032,20250320,170,422,176,3,1,537.13,537.13,590.843,53.713,10.0
gid://shopify/LineItem/2159645786190,6067,20250323,170,1703,146,3,1,537.13,537.13,590.843,53.713,10.0
gid://shopify/LineItem/2153102278734,1226,20250319,170,3118,121,3,1,517.53,517.53,569.283,51.753,10.0
gid://shopify/LineItem/2154337665102,2082,20250320,267,3119,74,3,1,733.13,733.13,806.443,73.313,10.0
gid://shopify/LineItem/2157649002574,4894,20250322,267,2215,468,3,1,571.93,571.93,629.123,57.193,10.0
gid://shopify/LineItem/2153331982414,1438,20250319,215,3120,252,3,1,635.13,635.13,698.643,63.513,10.0
gid://shopify/LineItem/2159334719566,5867,20250323,761,2015,53,3,1,602.33,602.33,662.563,60.233,10.0
gid://shopify/LineItem/2151714455630,341,20250318,221,3121,95,3,1,537.13,537.13,590.843,53.713,10.0
gid://shopify/LineItem/2153923215438,1943,20250319,226,3122,437,3,1,507.13,507.13,557.843,50.713,10.0
gid://shopify/LineItem/2159893348430,6224,20250323,289,3123,137,3,1,605.13,605.13,665.643,60.513,10.0
gid://shopify/LineItem/2152401436750,829,20250318,219,3124,51,3,1,517.53,517.53,569.283,51.753,10.0
gid://shopify/LineItem/2155921571918,3495,20250321,219,3125,127,3,1,517.53,517.53,569.283,51.753,10.0
gid://shopify/LineItem/2153549529166,1617,20250319,219,1635,194,3,1,666.33,666.33,732.963,66.633,10.0
gid://shopify/LineItem/2157166428238,4454,20250322,680,2323,263,3,1,563.93,563.93,620.323,56.393,10.0
gid://shopify/LineItem/2160243114062,6387,20250324,762,2066,143,3,1,575.13,575.13,632.643,57.513,10.0
gid://shopify/LineItem/2161086922830,7145,20250324,190,104,41,3,1,635.13,635.13,698.643,63.513,10.0
gid://shopify/LineItem/2151531511886,184,20250318,231,3126,300,3,1,823.13,823.13,905.443,82.313,10.0
gid://shopify/LineItem/2153859186766,1908,20250319,238,3089,145,3,1,653.13,653.13,718.443,65.313,10.0
gid://shopify/LineItem/2161510776910,7430,20250324,265,3127,16,3,1,713.13,713.13,784.443,71.313,10.0
gid://shopify/LineItem/2152890073166,1009,20250319,707,3011,161,3,1,653.13,653.13,718.443,65.313,10.0
gid://shopify/LineItem/2154830921806,2655,20250320,270,3128,53,3,1,537.13,537.13,590.843,53.713,10.0
gid://shopify/LineItem/2154932142158,2752,20250320,247,2342,33,3,1,625.13,625.13,687.643,62.513,10.0
gid://shopify/LineItem/2154954817614,2773,20250320,248,578,50,3,1,635.13,635.13,698.643,63.513,10.0
gid://shopify/LineItem/2155207426126,3045,20250320,248,3129,41,3,1,693.13,693.13,762.443,69.313,10.0
gid://shopify/LineItem/2152436400206,855,20250318,237,221,56,3,2,316.56,633.13,696.443,63.313,10.0
gid://shopify/LineItem/2160635936846,6783,20250324,263,2900,6,3,1,635.13,635.13,698.643,63.513,10.0
gid://shopify/LineItem/2153025273934,1143,20250319,249,3130,70,1,1,537.13,537.13,590.843,53.713,10.0
gid://shopify/LineItem/2156429017166,3911,20250321,249,2151,143,1,1,517.53,517.53,569.283,51.753,10.0
gid://shopify/LineItem/2154515660878,2327,20250320,227,3131,407,1,1,763.13,763.13,839.443,76.313,10.0
gid://shopify/LineItem/2154871914574,2686,20250320,244,3132,231,1,1,537.13,537.13,590.843,53.713,10.0
gid://shopify/LineItem/2154880696398,2692,20250320,244,3008,99,1,1,517.53,517.53,569.283,51.753,10.0
gid://shopify/LineItem/2156197773390,3715,20250321,244,3133,5,1,1,512.63,512.63,563.893,51.263,10.0
gid://shopify/LineItem/2159583854670,6029,20250323,232,3134,202,1,1,635.13,635.13,698.643,63.513,10.0
gid://shopify/LineItem/2155266179150,3095,20250320,190,1684,46,1,1,831.13,831.13,914.243,83.113,10.0
gid://shopify/LineItem/2156355223630,3838,20250321,180,3135,315,1,1,635.13,635.13,698.643,63.513,10.0
gid://shopify/LineItem/2160867082318,6974,20250324,180,3136,19,1,1,537.13,537.13,590.843,53.713,10.0
gid://shopify/LineItem/2158084620366,5225,20250322,763,3137,23,1,1,625.13,625.13,687.643,62.513,10.0
gid://shopify/LineItem/2160204447822,6332,20250324,763,3138,69,1,1,723.13,723.13,795.443,72.313,10.0
gid://shopify/LineItem/2154550329422,2362,20250320,763,221,128,1,1,579.93,579.93,637.923,57.993,10.0
gid://shopify/LineItem/2151375274062,53,20250318,763,3139,367,1,1,637.13,637.13,700.843,63.713,10.0
gid://shopify/LineItem/2152993292366,1118,20250319,231,3140,19,1,1,625.13,625.13,687.643,62.513,10.0
gid://shopify/LineItem/2154237853774,2066,20250320,231,158,262,1,1,987.13,987.13,1085.843,98.713,10.0
gid://shopify/LineItem/2155187273806,3025,20250320,231,3141,1,1,1,605.13,605.13,665.643,60.513,10.0
gid://shopify/LineItem/2156480331854,3957,20250321,231,3142,141,1,1,537.13,537.13,590.843,53.713,10.0
gid://shopify/LineItem/2156325634126,3811,20250321,764,3143,102,1,1,537.13,537.13,590.843,53.713,10.0
gid://shopify/LineItem/2154843799630,2665,20250320,765,3144,250,1,1,517.53,517.53,569.283,51.753,10.0
gid://shopify/LineItem/2157868318798,5062,20250322,253,1704,248,1,1,537.13,537.13,590.843,53.713,10.0
gid://shopify/LineItem/2154631790670,2436,20250320,254,832,16,1,1,563.93,563.93,620.323,56.393,10.0
gid://shopify/LineItem/2160859086926,6963,20250324,766,2084,235,1,1,625.13,625.13,687.643,62.513,10.0
gid://shopify/LineItem/2161040883790,7103,20250324,767,3145,232,1,1,527.13,527.13,579.843,52.713,10.0
gid://shopify/LineItem/2151756628046,377,20250318,234,3146,245,1,1,703.13,703.13,773.443,70.313,10.0
gid://shopify/LineItem/2155909251150,3481,20250321,234,3147,54,1,1,615.13,615.13,676.643,61.513,10.0
gid://shopify/LineItem/2158509981774,5354,20250323,234,607,175,1,1,723.13,723.13,795.443,72.313,10.0
gid://shopify/LineItem/2151917453390,518,20250318,230,3148,394,1,1,615.13,615.13,676.643,61.513,10.0
gid://shopify/LineItem/2158763704398,5486,20250323,257,2322,140,1,1,509.53,509.53,560.483,50.953,10.0
gid://shopify/LineItem/2153078423630,1198,20250319,768,3149,437,1,1,505.13,505.13,555.643,50.513,10.0
gid://shopify/LineItem/2154508845134,2319,20250320,258,3150,279,1,1,527.13,527.13,579.843,52.713,10.0
gid://shopify/LineItem/2160227582030,6364,20250324,258,702,68,1,1,625.13,625.13,687.643,62.513,10.0
gid://shopify/LineItem/2159006023758,5649,20250323,258,3151,53,1,1,625.13,625.13,687.643,62.513,10.0
gid://shopify/LineItem/2151983022158,557,20250318,759,3152,83,1,1,544.33,544.33,598.763,54.433,10.0
gid://shopify/LineItem/2154466082894,2257,20250320,769,2466,164,1,1,547.13,547.13,601.843,54.713,10.0
gid://shopify/LineItem/2160275718222,6441,20250324,167,2643,185,1,1,541.13,541.13,595.243,54.113,10.0
gid://shopify/LineItem/2153670377550,1735,20250319,760,3153,26,1,1,498.33,498.33,548.163,49.833,10.0
gid://shopify/LineItem/2158003126350,5171,20250322,285,2458,50,1,1,769.13,769.13,846.043,76.913,10.0
gid://shopify/LineItem/2161459888206,7396,20250324,285,3154,223,1,1,547.93,547.93,602.723,54.793,10.0
gid://shopify/LineItem/2157063995470,4312,20250322,220,571,19,1,1,497.13,497.13,546.843,49.713,10.0
gid://shopify/LineItem/2157217546318,4508,20250322,220,713,24,1,1,653.13,653.13,718.443,65.313,10.0
gid://shopify/LineItem/2160674930766,6814,20250324,220,3155,53,1,1,565.13,565.13,621.643,56.513,10.0
gid://shopify/LineItem/2160517873742,6688,20250324,220,3156,39,1,1,485.53,485.53,534.083,48.553,10.0
gid://shopify/LineItem/2152925233230,1046,20250319,260,1003,74,1,1,595.13,595.13,654.643,59.513,10.0
gid://shopify/LineItem/2155930255438,3500,20250321,260,3157,83,1,1,497.13,497.13,546.843,49.713,10.0
gid://shopify/LineItem/2154524606542,2337,20250320,237,3158,94,1,1,555.13,555.13,610.643,55.513,10.0
gid://shopify/LineItem/2160225124430,6360,20250324,243,2846,460,1,1,562.33,562.33,618.563,56.233,10.0
gid://shopify/LineItem/2157535035470,4798,20250322,238,1416,404,1,1,531.93,531.93,585.123,53.193,10.0
gid://shopify/LineItem/2154550165582,2360,20250320,263,3159,168,1,1,595.93,595.93,655.523,59.593,10.0
gid://shopify/LineItem/2154803462222,2633,20250320,263,879,402,1,1,658.33,658.33,724.163,65.833,10.0
gid://shopify/LineItem/2156173099086,3692,20250321,263,3160,101,1,1,587.93,587.93,646.723,58.793,10.0
gid://shopify/LineItem/2157780435022,4993,20250322,264,1285,43,1,1,517.53,517.53,569.283,51.753,10.0
gid://shopify/LineItem/2160814489678,6936,20250324,264,3161,173,1,1,537.13,537.13,590.843,53.713,10.0
gid://shopify/LineItem/2153507946574,1566,20250319,170,227,27,1,1,658.33,658.33,724.163,65.833,10.0
gid://shopify/LineItem/2153343909966,1443,20250319,170,2531,215,1,1,512.63,512.63,563.893,51.263,10.0
gid://shopify/LineItem/2154536239182,2343,20250320,266,3162,175,1,1,718.33,718.33,790.163,71.833,10.0
gid://shopify/LineItem/2160520691790,6690,20250324,267,3163,341,1,1,517.53,517.53,569.283,51.753,10.0
gid://shopify/LineItem/2159655256142,6076,20250323,770,3164,262,1,1,736.73,736.73,810.403,73.673,10.0
gid://shopify/LineItem/2156997247054,4202,20250322,707,190,1,1,1,984.73,984.73,1083.203,98.473,10.0
gid://shopify/LineItem/2153560670286,1634,20250319,269,3165,61,1,1,537.13,537.13,590.843,53.713,10.0
gid://shopify/LineItem/2158511030350,5356,20250323,270,3166,223,1,1,666.33,666.33,732.963,66.633,10.0
gid://shopify/LineItem/2152914813006,1035,20250319,247,3167,39,1,1,658.33,658.33,724.163,65.833,10.0
gid://shopify/LineItem/2159642542158,6064,20250323,239,1124,79,1,1,537.13,537.13,590.843,53.713,10.0
gid://shopify/LineItem/2161387569230,7356,20250324,239,3168,68,1,1,587.93,587.93,646.723,58.793,10.0
gid://shopify/LineItem/2151654654030,298,20250318,771,2745,60,1,1,586.13,586.13,644.743,58.613,10.0
gid://shopify/LineItem/2152985264206,1111,20250319,271,3169,61,1,1,517.53,517.53,569.283,51.753,10.0
gid://shopify/LineItem/2160402759758,6572,20250324,271,567,443,1,1,517.53,517.53,569.283,51.753,10.0
gid://shopify/LineItem/2154283794510,2068,20250320,240,2624,80,1,1,537.13,537.13,590.843,53.713,10.0
gid://shopify/LineItem/2157583597646,4837,20250322,240,3170,409,1,1,537.13,537.13,590.843,53.713,10.0
gid://shopify/LineItem/2153330704462,1436,20250319,215,3171,20,1,1,537.13,537.13,590.843,53.713,10.0
gid://shopify/LineItem/2157447217230,4738,20250322,215,3172,144,1,1,595.13,595.13,654.643,59.513,10.0
gid://shopify/LineItem/2152934113358,1054,20250319,216,3173,68,1,1,635.13,635.13,698.643,63.513,10.0
gid://shopify/LineItem/2158653046862,5443,20250323,216,2399,69,1,1,635.13,635.13,698.643,63.513,10.0
gid://shopify/LineItem/2152007106638,575,20250318,216,3174,12,1,1,674.33,674.33,741.763,67.433,10.0
gid://shopify/LineItem/2154953834574,2772,20250320,248,3175,72,1,1,517.53,517.53,569.283,51.753,10.0
gid://shopify/LineItem/2155190911054,3029,20250320,248,3176,13,1,1,587.93,587.93,646.723,58.793,10.0
gid://shopify/LineItem/2155135664206,2973,20250320,248,3177,427,1,1,512.63,512.63,563.893,51.263,10.0
gid://shopify/LineItem/2159699656782,6113,20250323,221,1340,39,1,1,537.13,537.13,590.843,53.713,10.0
gid://shopify/LineItem/2151840546894,461,20250318,221,3178,457,1,1,650.33,650.33,715.363,65.033,10.0
gid://shopify/LineItem/2161165467726,7200,20250324,221,3179,170,1,1,587.93,587.93,646.723,58.793,10.0
gid://shopify/LineItem/2157656277070,4909,20250322,217,2579,367,1,1,507.13,507.13,557.843,50.713,10.0
gid://shopify/LineItem/2151875182670,488,20250318,217,2650,48,1,1,547.93,547.93,602.723,54.793,10.0
gid://shopify/LineItem/2153411149902,1492,20250319,217,3052,122,1,1,656.73,656.73,722.403,65.673,10.0
gid://shopify/LineItem/2154033217614,2008,20250319,217,2899,62,1,1,851.93,851.93,937.123,85.193,10.0
gid://shopify/LineItem/2152387379278,819,20250318,226,3129,200,1,1,507.13,507.13,557.843,50.713,10.0
gid://shopify/LineItem/2153703080014,1768,20250319,226,2095,133,1,1,547.93,547.93,602.723,54.793,10.0
gid://shopify/LineItem/2158448836686,5327,20250323,226,3180,109,1,1,735.13,735.13,808.643,73.513,10.0
gid://shopify/LineItem/2160382509134,6564,20250324,274,1933,118,1,1,565.13,565.13,621.643,56.513,10.0
gid://shopify/LineItem/2151951564878,540,20250318,274,49,173,1,1,493.53,493.53,542.883,49.353,10.0
gid://shopify/LineItem/2156114280526,3646,20250321,274,2964,298,1,1,802.33,802.33,882.563,80.233,10.0
gid://shopify/LineItem/2154443997262,2229,20250320,241,3181,5,1,1,733.13,733.13,806.443,73.313,10.0
gid://shopify/LineItem/2155196186702,3035,20250320,241,3102,85,1,1,615.13,615.13,676.643,61.513,10.0
gid://shopify/LineItem/2153971155022,1975,20250319,275,1768,3,1,1,595.93,595.93,655.523,59.593,10.0
gid://shopify/LineItem/2157341605966,4638,20250322,275,1551,74,1,1,517.53,517.53,569.283,51.753,10.0
gid://shopify/LineItem/2160656711758,6801,20250324,229,1079,141,1,1,493.53,493.53,542.883,49.353,10.0
gid://shopify/LineItem/2160573022286,6728,20250324,772,187,287,1,1,517.53,517.53,569.283,51.753,10.0
gid://shopify/LineItem/2153882058830,1922,20250319,219,3182,326,1,1,587.93,587.93,646.723,58.793,10.0
gid://shopify/LineItem/2154424565838,2205,20250320,219,3183,197,1,1,595.93,595.93,655.523,59.593,10.0
gid://shopify/LineItem/2160328310862,6510,20250324,219,509,277,1,1,517.53,517.53,569.283,51.753,10.0
gid://shopify/LineItem/2151767900238,390,20250318,278,2924,156,1,1,571.93,571.93,629.123,57.193,10.0
gid://shopify/LineItem/2153314517070,1423,20250319,219,1954,58,1,1,635.13,635.13,698.643,63.513,10.0
gid://shopify/LineItem/2153668804686,1731,20250319,219,1703,112,1,1,733.13,733.13,806.443,73.313,10.0
gid://shopify/LineItem/2154813128782,2642,20250320,219,1878,102,1,1,537.13,537.13,590.843,53.713,10.0
gid://shopify/LineItem/2157432406094,4724,20250322,219,3184,437,1,1,595.93,595.93,655.523,59.593,10.0
gid://shopify/LineItem/2155122982990,2964,20250320,290,670,3,1,1,656.73,656.73,722.403,65.673,10.0
gid://shopify/LineItem/2154489774158,2282,20250320,773,3185,80,1,1,683.13,683.13,751.443,68.313,10.0
gid://shopify/LineItem/2152053702734,609,20250318,680,3186,68,1,1,501.53,501.53,551.683,50.153,10.0
gid://shopify/LineItem/2154983850062,2806,20250320,680,3187,13,1,1,634.33,634.33,697.763,63.433,10.0
gid://shopify/LineItem/2157654868046,4906,20250322,774,3188,76,1,1,727.13,727.13,799.843,72.713,10.0
gid://shopify/LineItem/2157431586894,4722,20250322,280,2645,95,1,1,517.13,517.13,568.843,51.713,10.0
gid://shopify/LineItem/2161411948622,7376,20250324,775,421,192,1,1,517.13,517.13,568.843,51.713,10.0
gid://shopify/LineItem/2154844717134,2667,20250320,282,3189,89,1,1,663.13,663.13,729.443,66.313,10.0
gid://shopify/LineItem/2153302491214,1417,20250319,776,3190,59,1,1,517.13,517.13,568.843,51.713,10.0
gid://shopify/LineItem/2153333915726,1440,20250319,777,1465,99,1,1,498.13,498.13,547.943,49.813,10.0
gid://shopify/LineItem/2154753458254,2572,20250320,244,3191,302,1,2,317.56,635.13,698.643,63.513,10.0
gid://shopify/LineItem/2153116565582,1241,20250319,778,3192,69,1,1,575.13,575.13,632.643,57.513,10.0
gid://shopify/LineItem/2151363903566,46,20250318,274,3193,232,1,1,577.13,577.13,634.843,57.713,10.0
gid://shopify/LineItem/2153967583310,1970,20250319,244,666,83,1,1,635.13,635.13,698.643,63.513,10.0
gid://shopify/LineItem/2151399161934,66,20250318,180,2519,414,1,1,693.13,693.13,762.443,69.313,10.0
gid://shopify/LineItem/2160512335950,6681,20250324,231,403,33,1,1,635.13,635.13,698.643,63.513,10.0
gid://shopify/LineItem/2156816498766,4157,20250322,253,2106,381,1,1,587.93,587.93,646.723,58.793,10.0
gid://shopify/LineItem/2154662592590,2465,20250320,212,1968,175,1,1,579.93,579.93,637.923,57.993,10.0
gid://shopify/LineItem/2157728366670,4961,20250322,234,3194,19,1,1,509.53,509.53,560.483,50.953,10.0
gid://shopify/LineItem/2153216475214,1332,20250319,235,1504,19,1,1,625.13,625.13,687.643,62.513,10.0
gid://shopify/LineItem/2153795944526,1864,20250319,237,3195,34,1,1,535.13,535.13,588.643,53.513,10.0
gid://shopify/LineItem/2151380123726,54,20250318,170,3196,233,1,1,517.53,517.53,569.283,51.753,10.0
gid://shopify/LineItem/2156550979662,4016,20250321,266,3197,408,1,1,537.13,537.13,590.843,53.713,10.0
gid://shopify/LineItem/2157128384590,4408,20250322,271,3198,16,1,1,537.13,537.13,590.843,53.713,10.0
gid://shopify/LineItem/2154753294414,2571,20250320,215,2472,63,1,1,784.13,784.13,862.543,78.413,10.0
gid://shopify/LineItem/2155079630926,2927,20250320,219,2991,83,1,1,537.13,537.13,590.843,53.713,10.0
gid://shopify/LineItem/2159155740750,5746,20250323,219,2266,189,1,1,563.93,563.93,620.323,56.393,10.0
gid://shopify/LineItem/2152611381326,946,20250319,219,1548,252,1,1,635.13,635.13,698.643,63.513,10.0
gid://shopify/LineItem/2156206293070,3726,20250321,779,526,71,1,1,563.93,563.93,620.323,56.393,10.0
gid://shopify/LineItem/2156886261838,4166,20250322,219,3199,469,1,1,723.13,723.13,795.443,72.313,10.0
gid://shopify/LineItem/2159530999886,5997,20250323,280,3200,59,1,1,813.53,813.53,894.883,81.353,10.0
gid://shopify/LineItem/2153979510862,1982,20250319,217,3201,254,1,1,720.73,720.73,792.803,72.073,10.0
gid://shopify/LineItem/2157901807694,5092,20250322,224,1338,8,1,1,517.53,517.53,569.283,51.753,10.0
gid://shopify/LineItem/2151521189966,168,20250318,744,3202,150,1,1,666.33,666.33,732.963,66.633,10.0
gid://shopify/LineItem/2153545072718,1609,20250319,239,949,82,1,1,537.13,537.13,590.843,53.713,10.0
gid://shopify/LineItem/2159082864718,5692,20250323,780,2096,126,1,1,791.13,791.13,870.243,79.113,10.0
gid://shopify/LineItem/2154424041550,2204,20250320,20,3203,140,4,1,517.53,517.53,569.283,51.753,10.0
gid://shopify/LineItem/2156964085838,4178,20250322,20,3204,172,4,1,497.13,497.13,546.843,49.713,10.0
gid://shopify/LineItem/2160716906574,6861,20250324,490,375,26,4,1,527.13,527.13,579.843,52.713,10.0
gid://shopify/LineItem/2154123165774,2045,20250320,185,1300,10,4,1,563.93,563.93,620.323,56.393,10.0
gid://shopify/LineItem/2152051343438,608,20250318,343,3205,178,4,1,517.13,517.13,568.843,51.713,10.0
gid://shopify/LineItem/2155823333454,3399,20250321,294,3206,370,4,1,831.13,831.13,914.243,83.113,10.0
gid://shopify/LineItem/2154860838990,2677,20250320,294,304,173,4,1,587.93,587.93,646.723,58.793,10.0
gid://shopify/LineItem/2154810114126,2638,20250320,781,2928,123,4,1,658.33,658.33,724.163,65.833,10.0
gid://shopify/LineItem/2157082280014,4343,20250322,177,3207,450,4,1,575.13,575.13,632.643,57.513,10.0
gid://shopify/LineItem/2159793078350,6175,20250323,177,1186,19,4,1,517.13,517.13,568.843,51.713,10.0
gid://shopify/LineItem/2157735739470,4969,20250322,177,496,188,4,1,658.33,658.33,724.163,65.833,10.0
gid://shopify/LineItem/2160733913166,6875,20250324,673,3208,199,4,1,645.13,645.13,709.643,64.513,10.0
gid://shopify/LineItem/2151132856398,0,20250318,390,3209,119,4,1,505.13,505.13,555.643,50.513,10.0
gid://shopify/LineItem/2155052269646,2891,20250320,392,3190,109,4,1,650.13,650.13,715.143,65.013,10.0
gid://shopify/LineItem/2157266468942,4560,20250322,392,2134,318,4,1,464.13,464.13,510.543,46.413,10.0
gid://shopify/LineItem/2155758354510,3329,20250321,514,2503,27,4,1,585.13,585.13,643.643,58.513,10.0
gid://shopify/LineItem/2160334897230,6514,20250324,782,2962,19,4,1,505.13,505.13,555.643,50.513,10.0
gid://shopify/LineItem/2161402380366,7369,20250324,301,3210,272,4,1,517.13,517.13,568.843,51.713,10.0
gid://shopify/LineItem/2156564250702,4023,20250321,1,311,53,4,1,587.93,587.93,646.723,58.793,10.0
gid://shopify/LineItem/2157853966414,5041,20250322,1,2046,108,4,1,517.13,517.13,568.843,51.713,10.0
gid://shopify/LineItem/2160424583246,6589,20250324,21,1718,52,4,1,537.13,537.13,590.843,53.713,10.0
gid://shopify/LineItem/2155057021006,2897,20250320,177,384,128,4,1,555.93,555.93,611.523,55.593,10.0
gid://shopify/LineItem/2154518282318,2331,20250320,177,2046,115,4,1,485.53,485.53,534.083,48.553,10.0
gid://shopify/LineItem/2154614653006,2418,20250320,44,312,174,4,1,517.53,517.53,569.283,51.753,10.0
gid://shopify/LineItem/2151186104398,16,20250318,186,2890,3,4,1,527.13,527.13,579.843,52.713,10.0
gid://shopify/LineItem/2153904898126,1934,20250319,179,3211,259,4,1,587.93,587.93,646.723,58.793,10.0
gid://shopify/LineItem/2158816395342,5516,20250323,20,3212,50,4,1,485.53,485.53,534.083,48.553,10.0
gid://shopify/LineItem/2154973593678,2795,20250320,44,3213,103,4,1,595.93,595.93,655.523,59.593,10.0
gid://shopify/LineItem/2154888822862,2702,20250320,20,3214,62,4,1,497.13,497.13,546.843,49.713,10.0
gid://shopify/LineItem/2161339596878,7334,20250324,540,3215,469,4,1,509.53,509.53,560.483,50.953,10.0
gid://shopify/LineItem/2161206362190,7245,20250324,177,2439,19,4,1,497.13,497.13,546.843,49.713,10.0
gid://shopify/LineItem/2157204045902,4498,20250322,21,1624,148,4,1,537.13,537.13,590.843,53.713,10.0
gid://shopify/LineItem/2160505192526,6675,20250324,179,3216,118,4,1,635.13,635.13,698.643,63.513,10.0
gid://shopify/LineItem/2157568098382,4826,20250322,299,1140,338,4,1,811.13,811.13,892.243,81.113,10.0
gid://shopify/LineItem/2154562289742,2373,20250320,44,2544,118,4,1,733.13,733.13,806.443,73.313,10.0
gid://shopify/LineItem/2160714809422,6859,20250324,177,2505,33,4,1,555.13,555.13,610.643,55.513,10.0
gid://shopify/LineItem/2151793819726,419,20250318,301,168,55,4,1,821.13,821.13,903.243,82.113,10.0
gid://shopify/LineItem/2161476468814,7411,20250324,354,1350,390,4,1,727.13,727.13,799.843,72.713,10.0
gid://shopify/LineItem/2158844805198,5530,20250323,177,894,74,4,1,497.13,497.13,546.843,49.713,10.0
gid://shopify/LineItem/2151136329806,1,20250318,20,2503,362,4,1,579.93,579.93,637.923,57.993,10.0
gid://shopify/LineItem/2153430909006,1511,20250319,20,3217,451,4,1,527.13,527.13,579.843,52.713,10.0
gid://shopify/LineItem/2158272282702,5302,20250323,1,2609,19,4,1,555.13,555.13,610.643,55.513,10.0
gid://shopify/LineItem/2151173554254,12,20250318,405,2095,121,4,1,578.33,578.33,636.163,57.833,10.0
gid://shopify/LineItem/2160415047758,6581,20250324,44,3218,52,4,1,674.33,674.33,741.763,67.433,10.0
gid://shopify/LineItem/2157354877006,4649,20250322,21,1316,227,4,1,527.13,527.13,579.843,52.713,10.0
gid://shopify/LineItem/2156748374094,4137,20250322,20,3219,46,4,1,575.13,575.13,632.643,57.513,10.0
gid://shopify/LineItem/2151577911374,233,20250318,20,3220,34,4,1,585.13,585.13,643.643,58.513,10.0
gid://shopify/LineItem/2153420914766,1504,20250319,549,3221,141,4,1,497.13,497.13,546.843,49.713,10.0
gid://shopify/LineItem/2151679721550,321,20250318,408,107,26,4,1,625.13,625.13,687.643,62.513,10.0
gid://shopify/LineItem/2151629160526,282,20250318,20,3222,92,4,1,585.13,585.13,643.643,58.513,10.0
gid://shopify/LineItem/2153710911566,1775,20250319,1,3223,1,4,1,497.13,497.13,546.843,49.713,10.0
gid://shopify/LineItem/2158058963022,5212,20250322,477,1644,342,4,1,493.53,493.53,542.883,49.353,10.0
gid://shopify/LineItem/2157315457102,4606,20250322,20,3224,21,4,1,497.13,497.13,546.843,49.713,10.0
gid://shopify/LineItem/2157762969678,4986,20250322,20,3142,189,4,1,555.13,555.13,610.643,55.513,10.0
gid://shopify/LineItem/2157501743182,4773,20250322,558,375,9,4,1,635.13,635.13,698.643,63.513,10.0
gid://shopify/LineItem/2157507772494,4779,20250322,414,752,141,4,1,497.13,497.13,546.843,49.713,10.0
gid://shopify/LineItem/2153971384398,1976,20250319,179,3225,9,4,1,537.13,537.13,590.843,53.713,10.0
gid://shopify/LineItem/2157930414158,5115,20250322,20,3226,102,4,1,787.13,787.13,865.843,78.713,10.0
gid://shopify/LineItem/2154828431438,2653,20250320,177,1399,59,4,1,555.13,555.13,610.643,55.513,10.0
gid://shopify/LineItem/2152938766414,1060,20250319,1,773,304,4,1,497.13,497.13,546.843,49.713,10.0
gid://shopify/LineItem/2156366364750,3842,20250321,195,2083,441,4,1,537.13,537.13,590.843,53.713,10.0
gid://shopify/LineItem/2151594229838,258,20250318,1,3227,19,4,1,585.13,585.13,643.643,58.513,10.0
gid://shopify/LineItem/2154815520846,2645,20250320,358,1223,100,4,1,493.53,493.53,542.883,49.353,10.0
gid://shopify/LineItem/2156253511758,3768,20250321,420,3228,299,4,1,531.93,531.93,585.123,53.193,10.0
gid://shopify/LineItem/2156295979086,3800,20250321,421,2218,141,4,1,537.13,537.13,590.843,53.713,10.0
gid://shopify/LineItem/2155412258894,3176,20250321,568,2769,370,4,1,537.13,537.13,590.843,53.713,10.0
gid://shopify/LineItem/2153622863950,1687,20250319,422,2346,176,4,1,509.53,509.53,560.483,50.953,10.0
gid://shopify/LineItem/2159787114574,6173,20250323,20,2176,112,4,1,497.13,497.13,546.843,49.713,10.0
gid://shopify/LineItem/2154407526478,2179,20250320,573,3229,153,4,1,497.13,497.13,546.843,49.713,10.0
gid://shopify/LineItem/2155346296910,3149,20250320,1,882,8,4,1,563.93,563.93,620.323,56.393,10.0
gid://shopify/LineItem/2156067913806,3616,20250321,1,1292,204,4,1,987.13,987.13,1085.843,98.713,10.0
gid://shopify/LineItem/2160157884494,6286,20250324,691,3230,29,4,1,497.13,497.13,546.843,49.713,10.0
gid://shopify/LineItem/2154014834766,2001,20250319,313,3231,158,4,1,493.53,493.53,542.883,49.353,10.0
gid://shopify/LineItem/2156989087822,4195,20250322,313,1689,204,4,1,493.53,493.53,542.883,49.353,10.0
gid://shopify/LineItem/2159385018446,5901,20250323,20,3232,163,4,1,599.63,599.63,659.593,59.963,10.0
gid://shopify/LineItem/2157084475470,4345,20250322,668,1159,35,4,1,625.13,625.13,687.643,62.513,10.0
gid://shopify/LineItem/2160691413070,6830,20250324,1,3233,93,4,1,537.13,537.13,590.843,53.713,10.0
gid://shopify/LineItem/2154965762126,2788,20250320,427,3234,5,4,1,527.13,527.13,579.843,52.713,10.0
gid://shopify/LineItem/2155015045198,2843,20250320,1,3235,128,4,1,497.13,497.13,546.843,49.713,10.0
gid://shopify/LineItem/2158110965838,5237,20250322,783,3236,251,4,1,497.13,497.13,546.843,49.713,10.0
gid://shopify/LineItem/2153527705678,1593,20250319,1,166,340,4,1,497.13,497.13,546.843,49.713,10.0
gid://shopify/LineItem/2155896275022,3470,20250321,181,290,216,4,1,527.13,527.13,579.843,52.713,10.0
gid://shopify/LineItem/2153026879566,1144,20250319,700,1976,113,4,1,701.13,701.13,771.243,70.113,10.0
gid://shopify/LineItem/2155723161678,3294,20250321,670,3237,16,4,1,537.13,537.13,590.843,53.713,10.0
gid://shopify/LineItem/2159753560142,6152,20250323,188,787,16,4,1,625.13,625.13,687.643,62.513,10.0
gid://shopify/LineItem/2159155675214,5745,20250323,20,2939,87,4,1,595.13,595.13,654.643,59.513,10.0
gid://shopify/LineItem/2152081686606,636,20250318,784,3238,373,4,1,733.13,733.13,806.443,73.313,10.0
gid://shopify/LineItem/2160778018894,6912,20250324,785,3239,53,4,1,501.53,501.53,551.683,50.153,10.0
gid://shopify/LineItem/2151203602510,25,20250318,177,3240,325,4,1,497.13,497.13,546.843,49.713,10.0
gid://shopify/LineItem/2159553478734,6014,20250323,21,3241,422,4,1,509.53,509.53,560.483,50.953,10.0
gid://shopify/LineItem/2154375053390,2134,20250320,44,3242,175,4,1,517.53,517.53,569.283,51.753,10.0
gid://shopify/LineItem/2157135953998,4418,20250322,723,490,430,4,1,507.13,507.13,557.843,50.713,10.0
gid://shopify/LineItem/2155020681294,2853,20250320,594,3243,19,4,1,497.13,497.13,546.843,49.713,10.0
gid://shopify/LineItem/2157719257166,4956,20250322,726,22,16,4,1,473.93,473.93,521.323,47.393,10.0
gid://shopify/LineItem/2153654091854,1721,20250319,20,1179,16,4,1,563.93,563.93,620.323,56.393,10.0
gid://shopify/LineItem/2154485612622,2277,20250320,188,338,153,4,1,537.13,537.13,590.843,53.713,10.0
gid://shopify/LineItem/2154416570446,2195,20250320,317,3244,17,4,1,527.13,527.13,579.843,52.713,10.0
gid://shopify/LineItem/2155097391182,2941,20250320,174,3245,87,4,1,509.53,509.53,560.483,50.953,10.0
gid://shopify/LineItem/2159358935118,5880,20250323,174,3246,13,4,1,485.53,485.53,534.083,48.553,10.0
gid://shopify/LineItem/2161252892750,7287,20250324,179,1654,143,4,1,537.13,537.13,590.843,53.713,10.0
gid://shopify/LineItem/2157597982798,4851,20250322,179,3247,52,4,1,537.13,537.13,590.843,53.713,10.0
gid://shopify/LineItem/2154408837198,2181,20250320,607,212,20,4,1,537.13,537.13,590.843,53.713,10.0
gid://shopify/LineItem/2161170088014,7206,20250324,177,3248,156,4,1,563.93,563.93,620.323,56.393,10.0
gid://shopify/LineItem/2160973217870,7053,20250324,188,1724,209,4,1,537.13,537.13,590.843,53.713,10.0
gid://shopify/LineItem/2157059047502,4304,20250322,336,2469,434,4,1,587.93,587.93,646.723,58.793,10.0
gid://shopify/LineItem/2154483286094,2273,20250320,742,2798,16,4,1,537.13,537.13,590.843,53.713,10.0
gid://shopify/LineItem/2157060653134,4308,20250322,478,1614,260,4,1,527.13,527.13,579.843,52.713,10.0
gid://shopify/LineItem/2153953755214,1965,20250319,455,583,17,4,1,537.13,537.13,590.843,53.713,10.0
gid://shopify/LineItem/2153211920462,1327,20250319,617,3249,190,4,1,517.13,517.13,568.843,51.713,10.0
gid://shopify/LineItem/2155210735694,3048,20250320,20,3250,182,4,1,527.13,527.13,579.843,52.713,10.0
gid://shopify/LineItem/2157305200718,4596,20250322,1,1992,62,4,1,635.13,635.13,698.643,63.513,10.0
gid://shopify/LineItem/2160831594574,6952,20250324,1,3251,94,4,1,517.53,517.53,569.283,51.753,10.0
gid://shopify/LineItem/2153273458766,1389,20250319,177,2344,82,4,1,537.13,537.13,590.843,53.713,10.0
gid://shopify/LineItem/2160753410126,6896,20250324,1,21,46,4,1,517.53,517.53,569.283,51.753,10.0
gid://shopify/LineItem/2152217739342,718,20250318,20,3252,82,4,1,537.13,537.13,590.843,53.713,10.0
gid://shopify/LineItem/2154668851278,2473,20250320,177,734,45,4,1,537.13,537.13,590.843,53.713,10.0
gid://shopify/LineItem/2160925573198,7010,20250324,20,3253,16,4,1,537.13,537.13,590.843,53.713,10.0
gid://shopify/LineItem/2159052783694,5681,20250323,20,3254,163,4,1,537.13,537.13,590.843,53.713,10.0
gid://shopify/LineItem/2156634570830,4066,20250321,20,721,68,4,1,517.53,517.53,569.283,51.753,10.0
gid://shopify/LineItem/2158469185614,5337,20250323,1,286,175,4,1,537.13,537.13,590.843,53.713,10.0
gid://shopify/LineItem/2155476877390,3199,20250321,20,1999,39,4,1,567.13,567.13,623.843,56.713,10.0
gid://shopify/LineItem/2153485598798,1544,20250319,20,3255,424,4,1,555.13,555.13,610.643,55.513,10.0
gid://shopify/LineItem/2153019637838,1140,20250319,786,2015,33,4,1,547.93,547.93,602.723,54.793,10.0
gid://shopify/LineItem/2157003964494,4215,20250322,462,2661,236,4,1,517.13,517.13,568.843,51.713,10.0
gid://shopify/LineItem/2158036779086,5198,20250322,1,3256,50,4,1,595.13,595.13,654.643,59.513,10.0
gid://shopify/LineItem/2160568238158,6725,20250324,689,776,434,4,1,547.93,547.93,602.723,54.793,10.0
gid://shopify/LineItem/2157113311310,4388,20250322,787,3257,286,4,1,517.13,517.13,568.843,51.713,10.0
gid://shopify/LineItem/2160525934670,6692,20250324,301,1753,212,4,1,517.13,517.13,568.843,51.713,10.0
gid://shopify/LineItem/2153565749326,1641,20250319,174,3258,150,4,1,497.93,497.93,547.723,49.793,10.0
gid://shopify/LineItem/2157030342734,4260,20250322,371,3259,221,4,1,497.13,497.13,546.843,49.713,10.0
gid://shopify/LineItem/2158425538638,5324,20250323,46,3260,470,4,2,277.56,555.13,610.643,55.513,10.0
gid://shopify/LineItem/2154937974862,2757,20250320,20,2255,46,4,1,517.53,517.53,569.283,51.753,10.0
gid://shopify/LineItem/2161255546958,7290,20250324,177,1506,126,4,1,485.53,485.53,534.083,48.553,10.0
gid://shopify/LineItem/2161244569678,7278,20250324,788,3261,8,4,1,635.13,635.13,698.643,63.513,10.0
gid://shopify/LineItem/2158041858126,5203,20250322,20,3262,357,4,1,635.13,635.13,698.643,63.513,10.0
gid://shopify/LineItem/2159855992910,6206,20250323,174,1886,70,4,1,497.13,497.13,546.843,49.713,10.0
gid://shopify/LineItem/2160095232078,6265,20250324,44,92,247,4,2,317.56,635.13,698.643,63.513,10.0
gid://shopify/LineItem/2152432926798,852,20250318,494,3263,92,4,1,537.13,537.13,590.843,53.713,10.0
gid://shopify/LineItem/2158305476686,5312,20250323,294,1361,70,4,1,595.93,595.93,655.523,59.593,10.0
gid://shopify/LineItem/2156999704654,4207,20250322,20,3264,115,4,1,691.13,691.13,760.243,69.113,10.0
gid://shopify/LineItem/2153251569742,1365,20250319,177,3265,20,4,1,653.13,653.13,718.443,65.313,10.0
gid://shopify/LineItem/2155064655950,2907,20250320,177,2468,120,4,1,517.13,517.13,568.843,51.713,10.0
gid://shopify/LineItem/2152356380750,798,20250318,521,3266,82,4,1,591.93,591.93,651.123,59.193,10.0
gid://shopify/LineItem/2161243914318,7276,20250324,789,69,12,4,1,531.93,531.93,585.123,53.193,10.0
gid://shopify/LineItem/2151900151886,508,20250318,44,3267,1,4,1,615.13,615.13,676.643,61.513,10.0
gid://shopify/LineItem/2160914137166,7005,20250324,177,2991,16,4,1,563.93,563.93,620.323,56.393,10.0
gid://shopify/LineItem/2153628762190,1695,20250319,311,3268,252,4,1,605.13,605.13,665.643,60.513,10.0
gid://shopify/LineItem/2155474747470,3197,20250321,730,3269,66,4,1,673.13,673.13,740.443,67.313,10.0
gid://shopify/LineItem/2159297724494,5839,20250323,319,1670,63,4,1,635.13,635.13,698.643,63.513,10.0
gid://shopify/LineItem/2156528664654,4001,20250321,337,181,422,4,1,517.53,517.53,569.283,51.753,10.0
gid://shopify/LineItem/2151935606862,529,20250318,20,3270,189,4,1,537.13,537.13,590.843,53.713,10.0
gid://shopify/LineItem/2157435617358,4728,20250322,296,3271,325,4,1,977.13,977.13,1074.843,97.713,10.0
gid://shopify/LineItem/2157426147406,4717,20250322,20,2387,25,4,1,579.93,579.93,637.923,57.993,10.0
gid://shopify/LineItem/2152375812174,813,20250318,177,3272,153,4,1,661.13,661.13,727.243,66.113,10.0
gid://shopify/LineItem/2155842404430,3419,20250321,179,3273,92,4,1,625.13,625.13,687.643,62.513,10.0
gid://shopify/LineItem/2156713115726,4123,20250321,356,3274,41,4,1,642.33,642.33,706.563,64.233,10.0
gid://shopify/LineItem/2152540733518,907,20250318,311,3275,41,4,1,517.13,517.13,568.843,51.713,10.0
gid://shopify/LineItem/2155748917326,3322,20250321,191,3276,365,4,1,736.73,736.73,810.403,73.673,10.0
gid://shopify/LineItem/2153646915662,1711,20250319,497,2417,172,4,1,571.93,571.93,629.123,57.193,10.0
gid://shopify/LineItem/2155501092942,3205,20250321,177,3277,183,4,1,626.33,626.33,688.963,62.633,10.0
gid://shopify/LineItem/2155682365518,3255,20250321,482,3278,102,4,1,563.93,563.93,620.323,56.393,10.0
gid://shopify/LineItem/2161410768974,7374,20250324,609,3279,51,4,1,579.93,579.93,637.923,57.993,10.0
gid://shopify/LineItem/2159717646414,6123,20250323,790,803,89,4,1,509.53,509.53,560.483,50.953,10.0
gid://shopify/LineItem/2158655864910,5445,20250323,498,3280,380,5,1,517.13,517.13,568.843,51.713,10.0
gid://shopify/LineItem/2155338956878,3142,20250320,791,3281,342,5,1,517.13,517.13,568.843,51.713,10.0
gid://shopify/LineItem/2155916918862,3492,20250321,485,3282,20,5,1,595.13,595.13,654.643,59.513,10.0
gid://shopify/LineItem/2154756014158,2578,20250320,179,2233,215,5,1,517.53,517.53,569.283,51.753,10.0
gid://shopify/LineItem/2151671300174,313,20250318,188,3283,38,5,1,595.93,595.93,655.523,59.593,10.0
gid://shopify/LineItem/2156592169038,4042,20250321,21,7,281,5,1,537.13,537.13,590.843,53.713,10.0
gid://shopify/LineItem/2153318121550,1431,20250319,20,1853,220,5,1,497.13,497.13,546.843,49.713,10.0
gid://shopify/LineItem/2156404408398,3885,20250321,20,1973,33,5,1,485.53,485.53,534.083,48.553,10.0
gid://shopify/LineItem/2159639756878,6062,20250323,792,2384,156,5,1,497.13,497.13,546.843,49.713,10.0
gid://shopify/LineItem/2152605188174,943,20250318,177,3070,1,5,1,497.13,497.13,546.843,49.713,10.0
gid://shopify/LineItem/2159184937038,5767,20250323,20,3284,1,5,1,497.13,497.13,546.843,49.713,10.0
gid://shopify/LineItem/2153235546190,1349,20250319,363,3285,394,5,1,509.53,509.53,560.483,50.953,10.0
gid://shopify/LineItem/2156389761102,3872,20250321,179,1108,28,5,1,517.53,517.53,569.283,51.753,10.0
gid://shopify/LineItem/2156491440206,3969,20250321,1,550,13,5,1,537.13,537.13,590.843,53.713,10.0
gid://shopify/LineItem/2160611426382,6767,20250324,1,3286,27,5,1,439.13,439.13,483.043,43.913,10.0
gid://shopify/LineItem/2155905744974,3476,20250321,20,3287,376,5,1,595.93,595.93,655.523,59.593,10.0
gid://shopify/LineItem/2153183903822,1300,20250319,20,3288,77,5,1,537.13,537.13,590.843,53.713,10.0
gid://shopify/LineItem/2160275521614,6440,20250324,20,3289,33,5,1,485.53,485.53,534.083,48.553,10.0
gid://shopify/LineItem/2155126292558,2965,20250320,338,2456,150,5,1,517.13,517.13,568.843,51.713,10.0
gid://shopify/LineItem/2152984543310,1109,20250319,185,1778,160,5,1,595.93,595.93,655.523,59.593,10.0
gid://shopify/LineItem/2153545367630,1610,20250319,191,792,63,5,1,625.13,625.13,687.643,62.513,10.0
gid://shopify/LineItem/2153044246606,1166,20250319,1,3290,252,5,1,555.93,555.93,611.523,55.593,10.0
gid://shopify/LineItem/2157462257742,4746,20250322,340,3291,387,5,1,501.53,501.53,551.683,50.153,10.0
gid://shopify/LineItem/2161022992462,7093,20250324,384,749,148,5,1,791.13,791.13,870.243,79.113,10.0
gid://shopify/LineItem/2156420694094,3902,20250321,496,3292,33,5,1,537.13,537.13,590.843,53.713,10.0
gid://shopify/LineItem/2153446768718,1521,20250319,345,2288,355,5,1,517.13,517.13,568.843,51.713,10.0
gid://shopify/LineItem/2151846412366,465,20250318,507,3293,471,5,1,517.13,517.13,568.843,51.713,10.0
gid://shopify/LineItem/2155684921422,3258,20250321,507,277,94,5,1,517.13,517.13,568.843,51.713,10.0
gid://shopify/LineItem/2159717023822,6122,20250323,294,3294,74,5,1,625.13,625.13,687.643,62.513,10.0
gid://shopify/LineItem/2161047994446,7107,20250324,294,3295,66,5,1,517.53,517.53,569.283,51.753,10.0
gid://shopify/LineItem/2154561142862,2370,20250320,793,772,215,5,1,625.13,625.13,687.643,62.513,10.0
gid://shopify/LineItem/2160384442446,6565,20250324,177,3296,145,5,1,497.13,497.13,546.843,49.713,10.0
gid://shopify/LineItem/2157964001358,5143,20250322,177,3297,93,5,1,517.53,517.53,569.283,51.753,10.0
gid://shopify/LineItem/2161204822094,7244,20250324,177,3298,215,5,1,537.13,537.13,590.843,53.713,10.0
gid://shopify/LineItem/2154737860686,2551,20250320,1,3299,469,5,1,507.13,507.13,557.843,50.713,10.0
gid://shopify/LineItem/2158128726094,5247,20250322,20,3300,76,5,1,587.93,587.93,646.723,58.793,10.0
gid://shopify/LineItem/2158517485646,5363,20250323,20,3301,409,5,1,509.53,509.53,560.483,50.953,10.0
gid://shopify/LineItem/2154131652686,2052,20250320,20,3171,119,5,1,567.13,567.13,623.843,56.713,10.0
gid://shopify/LineItem/2155167252558,3002,20250320,1,1112,311,5,1,507.13,507.13,557.843,50.713,10.0
gid://shopify/LineItem/2151414988878,76,20250318,299,3302,89,5,1,619.93,619.93,681.923,61.993,10.0
gid://shopify/LineItem/2153105653838,1231,20250319,1,3303,61,5,1,517.13,517.13,568.843,51.713,10.0
gid://shopify/LineItem/2154685431886,2485,20250320,301,3304,347,5,1,532.13,532.13,585.343,53.213,10.0
gid://shopify/LineItem/2151516241998,160,20250318,520,3305,179,5,1,468.13,468.13,514.943,46.813,10.0
gid://shopify/LineItem/2152331214926,781,20250318,1,3306,141,5,1,488.13,488.13,536.943,48.813,10.0
gid://shopify/LineItem/2157013139534,4232,20250322,794,447,61,5,1,475.13,475.13,522.643,47.513,10.0
gid://shopify/LineItem/2153817374798,1875,20250319,1,1839,59,5,1,517.13,517.13,568.843,51.713,10.0
gid://shopify/LineItem/2157031817294,4262,20250322,46,3307,29,5,1,497.13,497.13,546.843,49.713,10.0
gid://shopify/LineItem/2154889347150,2703,20250320,1,2594,30,5,1,535.13,535.13,588.643,53.513,10.0
gid://shopify/LineItem/2157364019278,4661,20250322,179,867,206,5,1,517.53,517.53,569.283,51.753,10.0
gid://shopify/LineItem/2157985726542,5158,20250322,188,1126,28,5,1,537.13,537.13,590.843,53.713,10.0
gid://shopify/LineItem/2157438206030,4730,20250322,21,1438,54,5,1,527.13,527.13,579.843,52.713,10.0
gid://shopify/LineItem/2153737060430,1806,20250319,44,3308,87,5,1,517.53,517.53,569.283,51.753,10.0
gid://shopify/LineItem/2153245868110,1358,20250319,795,3309,16,5,1,493.53,493.53,542.883,49.353,10.0
gid://shopify/LineItem/2151705837646,335,20250318,1,2937,20,5,1,497.13,497.13,546.843,49.713,10.0
gid://shopify/LineItem/2159375089742,5893,20250323,20,2360,143,5,1,531.93,531.93,585.123,53.193,10.0
gid://shopify/LineItem/2154693558350,2498,20250320,20,3310,229,5,1,497.13,497.13,546.843,49.713,10.0
gid://shopify/LineItem/2154683760718,2484,20250320,44,3311,463,5,1,517.53,517.53,569.283,51.753,10.0
gid://shopify/LineItem/2157632684110,4881,20250322,44,1107,122,5,1,595.93,595.93,655.523,59.593,10.0
gid://shopify/LineItem/2160256385102,6412,20250324,179,3312,152,5,1,537.13,537.13,590.843,53.713,10.0
gid://shopify/LineItem/2156224053326,3743,20250321,1,3313,75,5,1,517.13,517.13,568.843,51.713,10.0
gid://shopify/LineItem/2159098560590,5706,20250323,404,3053,19,5,1,497.13,497.13,546.843,49.713,10.0
gid://shopify/LineItem/2156540756046,4011,20250321,21,889,417,5,1,517.53,517.53,569.283,51.753,10.0
gid://shopify/LineItem/2159375908942,5896,20250323,188,2758,247,5,1,537.13,537.13,590.843,53.713,10.0
gid://shopify/LineItem/2153314910286,1424,20250319,177,3106,145,5,1,485.53,485.53,534.083,48.553,10.0
gid://shopify/LineItem/2161192599630,7234,20250324,177,2026,73,5,1,531.93,531.93,585.123,53.193,10.0
gid://shopify/LineItem/2154086006862,2036,20250320,188,3078,79,5,1,537.13,537.13,590.843,53.713,10.0
gid://shopify/LineItem/2153636626510,1701,20250319,20,1840,129,5,1,497.13,497.13,546.843,49.713,10.0
gid://shopify/LineItem/2157718175822,4955,20250322,796,3314,160,5,1,517.13,517.13,568.843,51.713,10.0
gid://shopify/LineItem/2157593067598,4846,20250322,305,2987,3,5,1,563.93,563.93,620.323,56.393,10.0
gid://shopify/LineItem/2155171905614,3007,20250320,355,3315,49,5,1,642.33,642.33,706.563,64.233,10.0
gid://shopify/LineItem/2157272236110,4570,20250322,414,2495,369,5,1,497.13,497.13,546.843,49.713,10.0
gid://shopify/LineItem/2159501803598,5979,20250323,356,2521,24,5,1,507.13,507.13,557.843,50.713,10.0
gid://shopify/LineItem/2159586476110,6032,20250323,306,3316,18,5,1,501.53,501.53,551.683,50.153,10.0
gid://shopify/LineItem/2160709173326,6851,20250324,195,1587,83,5,1,733.13,733.13,806.443,73.313,10.0
gid://shopify/LineItem/2155944837198,3513,20250321,308,2215,454,5,1,527.13,527.13,579.843,52.713,10.0
gid://shopify/LineItem/2155913609294,3484,20250321,1,3317,16,5,1,505.13,505.13,555.643,50.513,10.0
gid://shopify/LineItem/2151559364686,213,20250318,188,3318,1,5,1,537.13,537.13,590.843,53.713,10.0
gid://shopify/LineItem/2152460222542,868,20250318,797,2451,24,5,1,507.13,507.13,557.843,50.713,10.0
gid://shopify/LineItem/2159082930254,5693,20250323,797,3319,108,5,1,507.13,507.13,557.843,50.713,10.0
gid://shopify/LineItem/2154490167374,2285,20250320,20,2538,356,5,1,497.13,497.13,546.843,49.713,10.0
gid://shopify/LineItem/2154463821902,2254,20250320,567,3320,178,5,1,517.53,517.53,569.283,51.753,10.0
gid://shopify/LineItem/2153085501518,1210,20250319,1,1670,290,5,1,537.13,537.13,590.843,53.713,10.0
gid://shopify/LineItem/2159641591886,6063,20250323,312,1836,20,5,1,531.93,531.93,585.123,53.193,10.0
gid://shopify/LineItem/2152192311374,708,20250318,1,61,13,5,1,517.13,517.13,568.843,51.713,10.0
gid://shopify/LineItem/2158507327566,5352,20250323,20,1879,29,5,1,509.53,509.53,560.483,50.953,10.0
gid://shopify/LineItem/2159216951374,5782,20250323,669,1459,237,5,1,527.13,527.13,579.843,52.713,10.0
gid://shopify/LineItem/2157799309390,5001,20250322,428,1598,85,5,1,537.13,537.13,590.843,53.713,10.0
gid://shopify/LineItem/2157271056462,4567,20250322,429,1487,16,5,1,531.93,531.93,585.123,53.193,10.0
gid://shopify/LineItem/2151753121870,370,20250318,580,3321,100,5,1,507.13,507.13,557.843,50.713,10.0
gid://shopify/LineItem/2156300992590,3802,20250321,314,3322,62,5,1,509.53,509.53,560.483,50.953,10.0
gid://shopify/LineItem/2155221942350,3061,20250320,179,2873,25,5,1,517.53,517.53,569.283,51.753,10.0
gid://shopify/LineItem/2155873271886,3442,20250321,435,1358,46,5,1,507.13,507.13,557.843,50.713,10.0
gid://shopify/LineItem/2151526924366,175,20250318,437,960,402,5,1,485.53,485.53,534.083,48.553,10.0
gid://shopify/LineItem/2151511031886,156,20250318,1,2845,43,5,1,517.53,517.53,569.283,51.753,10.0
gid://shopify/LineItem/2154630316110,2432,20250320,482,3323,344,5,1,517.13,517.13,568.843,51.713,10.0
gid://shopify/LineItem/2151972536398,550,20250318,482,3324,106,5,1,487.56,487.56,536.316,48.756,10.0
gid://shopify/LineItem/2152381382734,817,20250318,188,423,391,5,1,537.13,537.13,590.843,53.713,10.0
gid://shopify/LineItem/2161293754446,7311,20250324,21,3325,324,5,1,509.53,509.53,560.483,50.953,10.0
gid://shopify/LineItem/2154777182286,2601,20250320,179,3326,74,5,1,537.13,537.13,590.843,53.713,10.0
gid://shopify/LineItem/2151390838862,59,20250318,798,2833,58,5,1,507.13,507.13,557.843,50.713,10.0
gid://shopify/LineItem/2160480157774,6650,20250324,1,3327,8,5,1,517.53,517.53,569.283,51.753,10.0
gid://shopify/LineItem/2152088993870,642,20250318,20,2739,121,5,1,497.13,497.13,546.843,49.713,10.0
gid://shopify/LineItem/2160224600142,6357,20250324,179,2965,39,5,1,537.13,537.13,590.843,53.713,10.0
gid://shopify/LineItem/2156444188750,3923,20250321,449,2491,55,5,1,517.53,517.53,569.283,51.753,10.0
gid://shopify/LineItem/2156425969742,3909,20250321,364,3328,300,5,1,527.13,527.13,579.843,52.713,10.0
gid://shopify/LineItem/2152210464846,717,20250318,364,3329,315,5,1,509.53,509.53,560.483,50.953,10.0
gid://shopify/LineItem/2155393220686,3167,20250320,179,1380,133,5,1,537.13,537.13,590.843,53.713,10.0
gid://shopify/LineItem/2157649789006,4895,20250322,179,3330,58,5,1,517.53,517.53,569.283,51.753,10.0
gid://shopify/LineItem/2151948550222,536,20250318,179,3331,44,5,1,537.13,537.13,590.843,53.713,10.0
gid://shopify/LineItem/2151579975758,236,20250318,179,3332,19,5,1,537.13,537.13,590.843,53.713,10.0
gid://shopify/LineItem/2151520960590,167,20250318,20,3333,80,5,1,532.13,532.13,585.343,53.213,10.0
gid://shopify/LineItem/2158818558030,5518,20250323,174,3334,446,5,1,527.13,527.13,579.843,52.713,10.0
gid://shopify/LineItem/2159346286670,5874,20250323,365,295,360,5,1,513.93,513.93,565.323,51.393,10.0
gid://shopify/LineItem/2151761248334,382,20250318,365,3335,103,5,1,509.53,509.53,560.483,50.953,10.0
gid://shopify/LineItem/2156136431694,3665,20250321,799,250,179,5,1,537.13,537.13,590.843,53.713,10.0
gid://shopify/LineItem/2160466788430,6633,20250324,611,3336,252,5,1,527.13,527.13,579.843,52.713,10.0
gid://shopify/LineItem/2157102530638,4365,20250322,800,2694,35,5,1,527.13,527.13,579.843,52.713,10.0
gid://shopify/LineItem/2153542811726,1607,20250319,800,1054,59,5,1,509.53,509.53,560.483,50.953,10.0
gid://shopify/LineItem/2157329154126,4622,20250322,801,3337,72,5,1,537.13,537.13,590.843,53.713,10.0
gid://shopify/LineItem/2156202065998,3721,20250321,188,3338,102,5,1,635.13,635.13,698.643,63.513,10.0
gid://shopify/LineItem/2153854468174,1904,20250319,320,3339,51,5,1,537.13,537.13,590.843,53.713,10.0
gid://shopify/LineItem/2156228771918,3744,20250321,455,1370,41,5,1,517.53,517.53,569.283,51.753,10.0
gid://shopify/LineItem/2154335699022,2079,20250320,1,2625,209,5,1,517.13,517.13,568.843,51.713,10.0
gid://shopify/LineItem/2152478801998,879,20250318,20,2510,291,5,1,527.13,527.13,579.843,52.713,10.0
gid://shopify/LineItem/2156049334350,3604,20250321,20,3340,121,5,1,509.53,509.53,560.483,50.953,10.0
gid://shopify/LineItem/2153076785230,1194,20250319,321,3341,160,5,1,527.13,527.13,579.843,52.713,10.0
gid://shopify/LineItem/2157918584910,5105,20250322,1,3342,105,5,1,537.13,537.13,590.843,53.713,10.0
gid://shopify/LineItem/2153460531278,1530,20250319,20,2666,356,5,1,493.53,493.53,542.883,49.353,10.0
gid://shopify/LineItem/2154590502990,2390,20250320,1,3343,53,5,1,507.13,507.13,557.843,50.713,10.0
gid://shopify/LineItem/2156381208654,3862,20250321,1,3344,323,5,1,490.13,490.13,539.143,49.013,10.0
gid://shopify/LineItem/2154846289998,2668,20250320,1,2582,200,5,1,511.16,511.16,562.276,51.116,10.0
gid://shopify/LineItem/2151906246734,511,20250318,20,3345,119,5,1,642.33,642.33,706.563,64.233,10.0
gid://shopify/LineItem/2152022835278,583,20250318,20,654,472,5,1,517.53,517.53,569.283,51.753,10.0
gid://shopify/LineItem/2158042579022,5204,20250322,1,2688,237,5,1,537.13,537.13,590.843,53.713,10.0
gid://shopify/LineItem/2159519793230,5990,20250323,331,742,252,5,1,517.53,517.53,569.283,51.753,10.0
gid://shopify/LineItem/2155696586830,3272,20250321,20,3346,14,5,1,537.13,537.13,590.843,53.713,10.0
gid://shopify/LineItem/2161433018446,7385,20250324,177,3347,342,5,1,517.53,517.53,569.283,51.753,10.0
gid://shopify/LineItem/2152397406286,826,20250318,177,3348,192,5,1,517.53,517.53,569.283,51.753,10.0
gid://shopify/LineItem/2159769059406,6160,20250323,802,3349,94,5,1,527.13,527.13,579.843,52.713,10.0
gid://shopify/LineItem/2154573791310,2381,20250320,622,3350,16,5,1,517.13,517.13,568.843,51.713,10.0
gid://shopify/LineItem/2155892179022,3464,20250321,1,3351,204,5,1,517.53,517.53,569.283,51.753,10.0
gid://shopify/LineItem/2161102159950,7157,20250324,1,2399,1,5,1,517.53,517.53,569.283,51.753,10.0
gid://shopify/LineItem/2153133310030,1255,20250319,174,3352,100,5,1,517.53,517.53,569.283,51.753,10.0
gid://shopify/LineItem/2154978771022,2798,20250320,20,3353,68,5,1,537.13,537.13,590.843,53.713,10.0
gid://shopify/LineItem/2157414645838,4705,20250322,20,1776,79,5,1,537.13,537.13,590.843,53.713,10.0
gid://shopify/LineItem/2152158134350,688,20250318,174,2415,16,5,1,510.59,510.59,561.649,51.059,10.0
gid://shopify/LineItem/2155999625294,3549,20250321,1,2229,145,5,1,517.53,517.53,569.283,51.753,10.0
gid://shopify/LineItem/2153552248910,1619,20250319,20,1049,216,5,1,537.13,537.13,590.843,53.713,10.0
gid://shopify/LineItem/2153827205198,1887,20250319,20,3354,381,5,1,512.63,512.63,563.893,51.263,10.0
gid://shopify/LineItem/2157021167694,4244,20250322,803,3355,162,5,1,497.63,497.63,547.393,49.763,10.0
gid://shopify/LineItem/2158336409678,5315,20250323,301,11,295,5,1,501.53,501.53,551.683,50.153,10.0
gid://shopify/LineItem/2157653655630,4903,20250322,20,3356,104,5,1,567.13,567.13,623.843,56.713,10.0
gid://shopify/LineItem/2155790237774,3367,20250321,20,2806,105,5,1,497.13,497.13,546.843,49.713,10.0
gid://shopify/LineItem/2153720348750,1787,20250319,179,134,191,5,1,517.53,517.53,569.283,51.753,10.0
gid://shopify/LineItem/2155002134606,2828,20250320,20,505,190,5,1,509.53,509.53,560.483,50.953,10.0
gid://shopify/LineItem/2159363391566,5886,20250323,535,1160,188,5,1,537.13,537.13,590.843,53.713,10.0
gid://shopify/LineItem/2159719383118,6126,20250323,568,3263,16,5,1,537.13,537.13,590.843,53.713,10.0
gid://shopify/LineItem/2157784596558,4995,20250322,804,865,29,5,1,595.13,595.13,654.643,59.513,10.0
gid://shopify/LineItem/2159806382158,6179,20250323,1,668,19,5,1,537.13,537.13,590.843,53.713,10.0
gid://shopify/LineItem/2153701212238,1764,20250319,471,2568,33,5,1,517.13,517.13,568.843,51.713,10.0
gid://shopify/LineItem/2153679454286,1742,20250319,341,3357,109,5,1,517.13,517.13,568.843,51.713,10.0
gid://shopify/LineItem/2153625124942,1689,20250319,387,3358,172,5,1,517.13,517.13,568.843,51.713,10.0
gid://shopify/LineItem/2152265351246,737,20250318,294,3359,92,5,1,831.13,831.13,914.243,83.113,10.0
gid://shopify/LineItem/2160786538574,6915,20250324,805,2967,39,5,1,585.13,585.13,643.643,58.513,10.0
gid://shopify/LineItem/2157342359630,4641,20250322,20,1358,109,5,1,497.13,497.13,546.843,49.713,10.0
gid://shopify/LineItem/2157221183566,4511,20250322,199,3188,51,5,1,527.13,527.13,579.843,52.713,10.0
gid://shopify/LineItem/2155065606222,2908,20250320,806,3360,141,5,1,497.63,497.63,547.393,49.763,10.0
gid://shopify/LineItem/2154997547086,2823,20250320,622,3361,148,5,1,501.53,501.53,551.683,50.153,10.0
gid://shopify/LineItem/2153494675534,1553,20250319,20,2002,20,3,1,849.13,849.13,934.043,84.913,10.0
gid://shopify/LineItem/2154057007182,2018,20250319,20,1239,365,3,1,675.93,675.93,743.523,67.593,10.0
gid://shopify/LineItem/2156704497742,4117,20250321,20,2649,286,3,1,537.13,537.13,590.843,53.713,10.0
gid://shopify/LineItem/2152363851854,805,20250318,20,3362,121,3,1,517.53,517.53,569.283,51.753,10.0
gid://shopify/LineItem/2154362699854,2119,20250320,20,3363,16,3,1,656.73,656.73,722.403,65.673,10.0
gid://shopify/LineItem/2153348956238,1447,20250319,20,1684,92,3,1,603.13,603.13,663.443,60.313,10.0
gid://shopify/LineItem/2158302986318,5311,20250323,20,1143,3,3,1,723.13,723.13,795.443,72.313,10.0
gid://shopify/LineItem/2153559949390,1632,20250319,20,739,121,3,1,567.13,567.13,623.843,56.713,10.0
gid://shopify/LineItem/2154375610446,2136,20250320,20,885,87,3,1,497.13,497.13,546.843,49.713,10.0
gid://shopify/LineItem/2153856729166,1905,20250319,20,3344,203,3,1,531.93,531.93,585.123,53.193,10.0
gid://shopify/LineItem/2154866901070,2684,20250320,20,3364,3,3,1,575.13,575.13,632.643,57.513,10.0
gid://shopify/LineItem/2151919583310,519,20250318,20,1926,20,3,1,555.93,555.93,611.523,55.593,10.0
gid://shopify/LineItem/2153444147278,1517,20250319,20,2420,28,3,1,618.33,618.33,680.163,61.833,10.0
gid://shopify/LineItem/2157056589902,4299,20250322,807,3334,1,3,1,537.13,537.13,590.843,53.713,10.0
gid://shopify/LineItem/2159011233870,5654,20250323,326,2488,189,3,1,565.13,565.13,621.643,56.513,10.0
gid://shopify/LineItem/2153392013390,1472,20250319,490,1750,288,3,1,733.13,733.13,806.443,73.313,10.0
gid://shopify/LineItem/2152794357838,976,20250319,1,2942,19,3,1,595.13,595.13,654.643,59.513,10.0
gid://shopify/LineItem/2153777266766,1846,20250319,665,3365,423,3,1,501.53,501.53,551.683,50.153,10.0
gid://shopify/LineItem/2157180092494,4470,20250322,492,3366,150,3,1,509.53,509.53,560.483,50.953,10.0
gid://shopify/LineItem/2159584280654,6030,20250323,493,2438,82,3,1,879.13,879.13,967.043,87.913,10.0
gid://shopify/LineItem/2155293442126,3112,20250320,383,2362,317,3,1,537.13,537.13,590.843,53.713,10.0
gid://shopify/LineItem/2156626935886,4060,20250321,383,1472,15,3,1,674.33,674.33,741.763,67.433,10.0
gid://shopify/LineItem/2154702798926,2506,20250320,494,3367,372,3,1,586.13,586.13,644.743,58.613,10.0
gid://shopify/LineItem/2152614002766,950,20250319,191,3368,176,3,1,509.53,509.53,560.483,50.953,10.0
gid://shopify/LineItem/2154360373326,2114,20250320,191,3369,16,3,1,509.53,509.53,560.483,50.953,10.0
gid://shopify/LineItem/2152604237902,942,20250318,495,600,83,3,1,587.93,587.93,646.723,58.793,10.0
gid://shopify/LineItem/2158114013262,5238,20250322,495,3370,252,3,1,579.93,579.93,637.923,57.993,10.0
gid://shopify/LineItem/2151188201550,20,20250318,339,245,218,3,1,517.13,517.13,568.843,51.713,10.0
gid://shopify/LineItem/2155025301582,2859,20250320,339,3371,148,3,1,501.53,501.53,551.683,50.153,10.0
gid://shopify/LineItem/2154388389966,2150,20250320,340,1465,79,3,1,643.13,643.13,707.443,64.313,10.0
gid://shopify/LineItem/2161503305806,7424,20250324,340,3372,39,3,1,658.33,658.33,724.163,65.833,10.0
gid://shopify/LineItem/2154971693134,2791,20250320,485,3373,61,3,1,563.93,563.93,620.323,56.393,10.0
gid://shopify/LineItem/2155968135246,3523,20250321,343,1898,331,3,1,505.43,505.43,555.973,50.543,10.0
gid://shopify/LineItem/2159586410574,6031,20250323,292,3374,50,3,1,579.93,579.93,637.923,57.993,10.0
gid://shopify/LineItem/2160177578062,6302,20250324,292,1146,457,3,1,509.53,509.53,560.483,50.953,10.0
gid://shopify/LineItem/2161176936526,7217,20250324,450,2395,94,3,1,517.13,517.13,568.843,51.713,10.0
gid://shopify/LineItem/2157818478670,5017,20250322,504,3375,39,3,1,517.13,517.13,568.843,51.713,10.0
gid://shopify/LineItem/2160695967822,6837,20250324,506,2708,266,3,1,527.13,527.13,579.843,52.713,10.0
gid://shopify/LineItem/2158951006286,5605,20250323,506,2368,172,3,1,642.33,642.33,706.563,64.233,10.0
gid://shopify/LineItem/2157831127118,5025,20250322,294,3376,207,3,1,537.13,537.13,590.843,53.713,10.0
gid://shopify/LineItem/2154384982094,2142,20250320,294,3377,122,3,1,517.53,517.53,569.283,51.753,10.0
gid://shopify/LineItem/2155209097294,3047,20250320,294,2206,23,3,1,713.13,713.13,784.443,71.313,10.0
gid://shopify/LineItem/2160319889486,6497,20250324,294,3378,213,3,1,595.93,595.93,655.523,59.593,10.0
gid://shopify/LineItem/2153408036942,1485,20250319,1,3379,245,3,1,517.13,517.13,568.843,51.713,10.0
gid://shopify/LineItem/2152417951822,843,20250318,294,1063,24,3,1,595.93,595.93,655.523,59.593,10.0
gid://shopify/LineItem/2154758766670,2581,20250320,294,3380,69,3,1,517.53,517.53,569.283,51.753,10.0
gid://shopify/LineItem/2158567424078,5388,20250323,20,3381,458,3,1,602.33,602.33,662.563,60.233,10.0
gid://shopify/LineItem/2154725441614,2533,20250320,20,3382,212,3,1,497.13,497.13,546.843,49.713,10.0
gid://shopify/LineItem/2155907383374,3480,20250321,20,647,39,3,1,586.33,586.33,644.963,58.633,10.0
gid://shopify/LineItem/2153519743054,1583,20250319,20,3258,9,3,1,497.13,497.13,546.843,49.713,10.0
gid://shopify/LineItem/2157033488462,4267,20250322,177,3383,69,3,1,801.13,801.13,881.243,80.113,10.0
gid://shopify/LineItem/2157166755918,4455,20250322,177,3245,26,3,1,566.13,566.13,622.743,56.613,10.0
gid://shopify/LineItem/2158955200590,5610,20250323,177,3081,288,3,1,763.13,763.13,839.443,76.313,10.0
gid://shopify/LineItem/2155480809550,3200,20250321,177,747,156,3,1,595.13,595.13,654.643,59.513,10.0
gid://shopify/LineItem/2155937792078,3508,20250321,179,1106,194,3,1,537.13,537.13,590.843,53.713,10.0
gid://shopify/LineItem/2152184414286,704,20250318,179,3307,1,3,1,634.33,634.33,697.763,63.433,10.0
gid://shopify/LineItem/2157073825870,4327,20250322,808,3219,82,3,1,547.13,547.13,601.843,54.713,10.0
gid://shopify/LineItem/2157965148238,5144,20250322,809,3384,119,3,1,615.13,615.13,676.643,61.513,10.0
gid://shopify/LineItem/2156525715534,3999,20250321,810,3385,174,3,1,623.13,623.13,685.443,62.313,10.0
gid://shopify/LineItem/2160280076366,6447,20250324,177,1667,189,3,1,537.13,537.13,590.843,53.713,10.0
gid://shopify/LineItem/2152038301774,596,20250318,20,3386,92,3,1,605.13,605.13,665.643,60.513,10.0
gid://shopify/LineItem/2156977979470,4185,20250322,513,46,16,3,1,547.13,547.13,601.843,54.713,10.0
gid://shopify/LineItem/2159489384526,5968,20250323,513,2511,57,3,1,525.53,525.53,578.083,52.553,10.0
gid://shopify/LineItem/2161375412302,7348,20250324,811,3189,149,3,1,507.13,507.13,557.843,50.713,10.0
gid://shopify/LineItem/2158907818062,5582,20250323,514,3387,19,3,1,517.13,517.13,568.843,51.713,10.0
gid://shopify/LineItem/2156087246926,3626,20250321,1,3388,27,3,1,575.13,575.13,632.643,57.513,10.0
gid://shopify/LineItem/2154462806094,2252,20250320,710,621,220,3,1,509.53,509.53,560.483,50.953,10.0
gid://shopify/LineItem/2153040576590,1161,20250319,812,3389,13,3,1,737.13,737.13,810.843,73.713,10.0
gid://shopify/LineItem/2152308408398,766,20250318,380,3390,102,3,1,557.53,557.53,613.283,55.753,10.0
gid://shopify/LineItem/2160212148302,6338,20250324,380,1735,44,3,1,587.13,587.13,645.843,58.713,10.0
gid://shopify/LineItem/2156263309390,3776,20250321,1,3391,355,3,1,540.73,540.73,594.803,54.073,10.0
gid://shopify/LineItem/2153266118734,1375,20250319,519,3392,113,3,1,459.13,459.13,505.043,45.913,10.0
gid://shopify/LineItem/2160863182926,6971,20250324,301,3393,237,3,1,517.13,517.13,568.843,51.713,10.0
gid://shopify/LineItem/2154085875790,2035,20250320,521,3394,154,3,1,464.13,464.13,510.543,46.413,10.0
gid://shopify/LineItem/2151373897806,51,20250318,2,407,222,3,1,615.13,615.13,676.643,61.513,10.0
gid://shopify/LineItem/2157230391374,4522,20250322,1,2989,20,3,1,548.73,548.73,603.603,54.873,10.0
gid://shopify/LineItem/2154923917390,2739,20250320,20,3395,182,3,1,517.13,517.13,568.843,51.713,10.0
gid://shopify/LineItem/2157095747662,4357,20250322,1,3396,92,3,1,579.93,579.93,637.923,57.993,10.0
gid://shopify/LineItem/2154602037326,2404,20250320,177,533,150,3,1,693.13,693.13,762.443,69.313,10.0
gid://shopify/LineItem/2158672543822,5451,20250323,395,2891,361,3,1,493.53,493.53,542.883,49.353,10.0
gid://shopify/LineItem/2153411870798,1493,20250319,1,3397,237,3,1,469.53,469.53,516.483,46.953,10.0
gid://shopify/LineItem/2157248413774,4545,20250322,302,715,95,3,1,531.93,531.93,585.123,53.193,10.0
gid://shopify/LineItem/2160844505166,6956,20250324,21,3398,465,3,1,537.13,537.13,590.843,53.713,10.0
gid://shopify/LineItem/2153850175566,1901,20250319,188,3399,46,3,1,653.13,653.13,718.443,65.313,10.0
gid://shopify/LineItem/2156473057358,3950,20250321,182,3400,359,3,1,587.93,587.93,646.723,58.793,10.0
gid://shopify/LineItem/2154798088270,2623,20250320,351,820,173,3,1,537.13,537.13,590.843,53.713,10.0
gid://shopify/LineItem/2155313627214,3124,20250320,20,3401,11,3,1,595.13,595.13,654.643,59.513,10.0
gid://shopify/LineItem/2159487746126,5966,20250323,179,2272,106,3,1,517.53,517.53,569.283,51.753,10.0
gid://shopify/LineItem/2154064019534,2023,20250319,177,2336,80,3,1,613.13,613.13,674.443,61.313,10.0
gid://shopify/LineItem/2160403873870,6573,20250324,177,3402,127,3,1,571.93,571.93,629.123,57.193,10.0
gid://shopify/LineItem/2160167419982,6293,20250324,186,2681,76,3,1,666.33,666.33,732.963,66.633,10.0
gid://shopify/LineItem/2160523903054,6691,20250324,1,2633,369,3,1,497.13,497.13,546.843,49.713,10.0
gid://shopify/LineItem/2159096627278,5705,20250323,21,3403,12,3,1,635.13,635.13,698.643,63.513,10.0
gid://shopify/LineItem/2151775141966,397,20250318,188,2425,424,3,1,579.93,579.93,637.923,57.993,10.0
gid://shopify/LineItem/2158867480654,5549,20250323,182,2905,218,3,1,761.13,761.13,837.243,76.113,10.0
gid://shopify/LineItem/2160213033038,6340,20250324,21,3404,270,3,1,861.13,861.13,947.243,86.113,10.0
gid://shopify/LineItem/2161036689486,7099,20250324,21,189,269,3,1,595.93,595.93,655.523,59.593,10.0
gid://shopify/LineItem/2157571473486,4828,20250322,179,1414,145,3,1,625.13,625.13,687.643,62.513,10.0
gid://shopify/LineItem/2157249232974,4547,20250322,188,2171,21,3,1,537.13,537.13,590.843,53.713,10.0
gid://shopify/LineItem/2159907602510,6229,20250324,177,3405,149,3,1,595.13,595.13,654.643,59.513,10.0
gid://shopify/LineItem/2160427532366,6592,20250324,179,1958,142,3,1,733.13,733.13,806.443,73.313,10.0
gid://shopify/LineItem/2153537699918,1602,20250319,188,3406,463,3,1,635.13,635.13,698.643,63.513,10.0
gid://shopify/LineItem/2156495044686,3973,20250321,21,1883,50,3,1,527.13,527.13,579.843,52.713,10.0
gid://shopify/LineItem/2152907898958,1027,20250319,398,3407,53,3,1,688.73,688.73,757.603,68.873,10.0
gid://shopify/LineItem/2156530597966,4002,20250321,177,305,1,3,1,497.13,497.13,546.843,49.713,10.0
gid://shopify/LineItem/2160370843726,6554,20250324,177,869,35,3,1,531.93,531.93,585.123,53.193,10.0
gid://shopify/LineItem/2154410606670,2185,20250320,44,3408,4,3,1,537.13,537.13,590.843,53.713,10.0
gid://shopify/LineItem/2152412348494,839,20250318,20,3409,42,3,1,485.53,485.53,534.083,48.553,10.0
gid://shopify/LineItem/2161051435086,7108,20250324,1,3410,339,3,1,527.13,527.13,579.843,52.713,10.0
gid://shopify/LineItem/2155442602062,3189,20250321,813,2334,46,3,1,497.13,497.13,546.843,49.713,10.0
gid://shopify/LineItem/2161019617358,7089,20250324,179,3411,13,3,1,537.13,537.13,590.843,53.713,10.0
gid://shopify/LineItem/2154485186638,2276,20250320,1,3412,119,3,1,605.13,605.13,665.643,60.513,10.0
gid://shopify/LineItem/2156118147150,3650,20250321,20,2682,19,3,1,635.13,635.13,698.643,63.513,10.0
gid://shopify/LineItem/2154484564046,2275,20250320,44,2306,431,3,1,635.13,635.13,698.643,63.513,10.0
gid://shopify/LineItem/2160480190542,6651,20250324,44,824,147,3,1,517.53,517.53,569.283,51.753,10.0
gid://shopify/LineItem/2160489922638,6660,20250324,21,3413,106,3,1,537.13,537.13,590.843,53.713,10.0
gid://shopify/LineItem/2153002860622,1125,20250319,1,3414,181,3,1,497.13,497.13,546.843,49.713,10.0
gid://shopify/LineItem/2154958291022,2779,20250320,182,3415,222,3,1,595.93,595.93,655.523,59.593,10.0
gid://shopify/LineItem/2154979917902,2799,20250320,179,3061,8,3,1,517.53,517.53,569.283,51.753,10.0
gid://shopify/LineItem/2160411836494,6578,20250324,401,3416,70,3,1,723.13,723.13,795.443,72.313,10.0
gid://shopify/LineItem/2155038343246,2874,20250320,814,2648,428,3,1,517.13,517.13,568.843,51.713,10.0
gid://shopify/LineItem/2157592445006,4844,20250322,402,693,252,3,1,537.13,537.13,590.843,53.713,10.0
gid://shopify/LineItem/2155381915726,3163,20250320,1,3417,40,3,1,555.13,555.13,610.643,55.513,10.0
gid://shopify/LineItem/2157085884494,4347,20250322,1,365,178,3,1,555.13,555.13,610.643,55.513,10.0
gid://shopify/LineItem/2154613440590,2416,20250320,20,2775,419,3,1,497.13,497.13,546.843,49.713,10.0
gid://shopify/LineItem/2158369701966,5319,20250323,20,2775,150,3,1,485.53,485.53,534.083,48.553,10.0
gid://shopify/LineItem/2153262121038,1370,20250319,179,3418,32,3,1,537.13,537.13,590.843,53.713,10.0
gid://shopify/LineItem/2156515885134,3988,20250321,177,3419,179,3,1,497.13,497.13,546.843,49.713,10.0
gid://shopify/LineItem/2159012610126,5657,20250323,177,2124,244,3,1,497.13,497.13,546.843,49.713,10.0
gid://shopify/LineItem/2161032560718,7097,20250324,177,3420,41,3,1,497.13,497.13,546.843,49.713,10.0
gid://shopify/LineItem/2152312733774,772,20250318,1,3421,76,3,1,497.13,497.13,546.843,49.713,10.0
gid://shopify/LineItem/2153522462798,1585,20250319,20,700,28,3,1,613.13,613.13,674.443,61.313,10.0
gid://shopify/LineItem/2155052367950,2892,20250320,20,855,74,3,1,497.13,497.13,546.843,49.713,10.0
gid://shopify/LineItem/2154422272078,2199,20250320,44,3422,57,3,1,595.93,595.93,655.523,59.593,10.0
gid://shopify/LineItem/2156493340750,3970,20250321,20,1650,182,3,1,497.13,497.13,546.843,49.713,10.0
gid://shopify/LineItem/2153927213134,1944,20250319,1,650,145,3,1,537.13,537.13,590.843,53.713,10.0
gid://shopify/LineItem/2151788806222,417,20250318,179,3423,134,3,1,666.33,666.33,732.963,66.633,10.0
gid://shopify/LineItem/2161085055054,7143,20250324,546,2122,359,3,1,497.13,497.13,546.843,49.713,10.0
gid://shopify/LineItem/2158953955406,5608,20250323,20,1346,119,3,1,733.13,733.13,806.443,73.313,10.0
gid://shopify/LineItem/2151669956686,311,20250318,20,939,16,3,1,527.13,527.13,579.843,52.713,10.0
gid://shopify/LineItem/2153563127886,1635,20250319,20,818,4,3,1,527.13,527.13,579.843,52.713,10.0
gid://shopify/LineItem/2156179128398,3700,20250321,20,3424,52,3,1,781.13,781.13,859.243,78.113,10.0
gid://shopify/LineItem/2159666561102,6081,20250323,20,3139,315,3,1,563.93,563.93,620.323,56.393,10.0
gid://shopify/LineItem/2160122560590,6271,20250324,471,3425,106,3,1,517.13,517.13,568.843,51.713,10.0
gid://shopify/LineItem/2160276406350,6443,20250324,178,3426,311,3,1,674.33,674.33,741.763,67.433,10.0
gid://shopify/LineItem/2156988629070,4194,20250322,21,1895,173,3,1,517.53,517.53,569.283,51.753,10.0
gid://shopify/LineItem/2157390954574,4688,20250322,21,3427,254,3,1,595.93,595.93,655.523,59.593,10.0
gid://shopify/LineItem/2152962261070,1080,20250319,1,3428,296,3,1,497.13,497.13,546.843,49.713,10.0
gid://shopify/LineItem/2155857051726,3430,20250321,1,3429,72,3,1,497.13,497.13,546.843,49.713,10.0
gid://shopify/LineItem/2151468531790,120,20250318,177,3430,209,3,1,517.53,517.53,569.283,51.753,10.0
gid://shopify/LineItem/2160306815054,6477,20250324,815,2495,160,3,1,527.13,527.13,579.843,52.713,10.0
gid://shopify/LineItem/2152421261390,846,20250318,179,3431,3,3,1,537.13,537.13,590.843,53.713,10.0
gid://shopify/LineItem/2152434139214,853,20250318,179,3432,358,3,1,537.13,537.13,590.843,53.713,10.0
gid://shopify/LineItem/2160252977230,6407,20250324,377,3433,373,3,1,674.33,674.33,741.763,67.433,10.0
gid://shopify/LineItem/2160463478862,6628,20250324,328,3434,266,3,1,537.13,537.13,590.843,53.713,10.0
gid://shopify/LineItem/2161444618318,7391,20250324,328,2865,76,3,1,537.13,537.13,590.843,53.713,10.0
gid://shopify/LineItem/2155726438478,3298,20250321,1,2927,3,3,1,527.13,527.13,579.843,52.713,10.0
gid://shopify/LineItem/2160928882766,7014,20250324,177,3435,68,3,1,781.13,781.13,859.243,78.113,10.0
gid://shopify/LineItem/2161238212686,7271,20250324,177,3436,53,3,1,497.13,497.13,546.843,49.713,10.0
gid://shopify/LineItem/2158514864206,5361,20250323,548,873,148,3,1,507.13,507.13,557.843,50.713,10.0
gid://shopify/LineItem/2153509224526,1568,20250319,550,3437,202,3,1,703.13,703.13,773.443,70.313,10.0
gid://shopify/LineItem/2157565870158,4822,20250322,550,3438,288,3,1,507.13,507.13,557.843,50.713,10.0
gid://shopify/LineItem/2155809407054,3385,20250321,660,1338,20,3,1,497.13,497.13,546.843,49.713,10.0
gid://shopify/LineItem/2160424550478,6588,20250324,187,105,72,3,1,595.93,595.93,655.523,59.593,10.0
gid://shopify/LineItem/2160332374094,6513,20250324,20,193,19,3,1,693.13,693.13,762.443,69.313,10.0
gid://shopify/LineItem/2157842301006,5036,20250322,21,3439,313,3,1,537.13,537.13,590.843,53.713,10.0
gid://shopify/LineItem/2160436969550,6603,20250324,21,1260,146,3,1,704.73,704.73,775.203,70.473,10.0
gid://shopify/LineItem/2153344237646,1444,20250319,1,614,66,3,1,497.13,497.13,546.843,49.713,10.0
gid://shopify/LineItem/2153515155534,1579,20250319,1,3440,229,3,1,497.13,497.13,546.843,49.713,10.0
gid://shopify/LineItem/2153939861582,1952,20250319,1,581,65,3,1,497.13,497.13,546.843,49.713,10.0
gid://shopify/LineItem/2158894284878,5570,20250323,378,3441,269,3,1,527.13,527.13,579.843,52.713,10.0
gid://shopify/LineItem/2159930114126,6235,20250324,188,3442,288,3,1,571.13,571.13,628.243,57.113,10.0
gid://shopify/LineItem/2154864050254,2681,20250320,411,2477,119,3,1,517.13,517.13,568.843,51.713,10.0
gid://shopify/LineItem/2157204111438,4499,20250322,412,3443,153,3,1,507.13,507.13,557.843,50.713,10.0
gid://shopify/LineItem/2155866193998,3438,20250321,413,3444,443,3,1,555.93,555.93,611.523,55.593,10.0
gid://shopify/LineItem/2161244176462,7277,20250324,20,3445,87,3,1,485.53,485.53,534.083,48.553,10.0
gid://shopify/LineItem/2161403494478,7370,20250324,21,3446,464,3,1,517.53,517.53,569.283,51.753,10.0
gid://shopify/LineItem/2158040940622,5201,20250322,414,3036,20,3,1,497.13,497.13,546.843,49.713,10.0
gid://shopify/LineItem/2155779555406,3351,20250321,174,3447,84,3,1,509.53,509.53,560.483,50.953,10.0
gid://shopify/LineItem/2153043853390,1165,20250319,1,3448,99,3,1,1129.13,1129.13,1242.043,112.913,10.0
gid://shopify/LineItem/2154752737358,2569,20250320,177,502,92,3,1,497.13,497.13,546.843,49.713,10.0
gid://shopify/LineItem/2154019160142,2004,20250319,20,65,473,3,1,497.13,497.13,546.843,49.713,10.0
gid://shopify/LineItem/2151998783566,568,20250318,20,2241,53,3,1,683.13,683.13,751.443,68.313,10.0
gid://shopify/LineItem/2154614227022,2417,20250320,694,3449,57,3,1,625.13,625.13,687.643,62.513,10.0
gid://shopify/LineItem/2154695524430,2502,20250320,562,3450,100,3,1,531.93,531.93,585.123,53.193,10.0
gid://shopify/LineItem/2157034864718,4270,20250322,306,3451,12,3,1,517.13,517.13,568.843,51.713,10.0
gid://shopify/LineItem/2153147138126,1263,20250319,307,3452,40,3,1,527.13,527.13,579.843,52.713,10.0
gid://shopify/LineItem/2151502676046,143,20250318,307,3260,275,3,1,509.53,509.53,560.483,50.953,10.0
gid://shopify/LineItem/2161013948494,7086,20250324,307,3453,254,3,1,615.13,615.13,676.643,61.513,10.0
gid://shopify/LineItem/2152964390990,1083,20250319,417,3454,1,3,1,537.13,537.13,590.843,53.713,10.0
gid://shopify/LineItem/2152917401678,1037,20250319,1,3455,79,3,1,497.13,497.13,546.843,49.713,10.0
gid://shopify/LineItem/2154749100110,2567,20250320,182,827,58,3,1,733.13,733.13,806.443,73.313,10.0
gid://shopify/LineItem/2160730079310,6870,20250324,179,1358,3,3,1,537.13,537.13,590.843,53.713,10.0
gid://shopify/LineItem/2154103832654,2042,20250320,308,3456,151,3,1,505.13,505.13,555.643,50.513,10.0
gid://shopify/LineItem/2151640236110,293,20250318,357,308,206,3,1,595.13,595.13,654.643,59.513,10.0
gid://shopify/LineItem/2159450423374,5943,20250323,357,1711,19,3,1,517.53,517.53,569.283,51.753,10.0
gid://shopify/LineItem/2152025489486,586,20250318,357,3457,118,3,1,458.13,458.13,503.943,45.813,10.0
gid://shopify/LineItem/2155888214094,3460,20250321,418,3340,80,3,1,501.53,501.53,551.683,50.153,10.0
gid://shopify/LineItem/2158119518286,5242,20250322,1,3458,79,3,1,655.13,655.13,720.643,65.513,10.0
gid://shopify/LineItem/2157158596686,4445,20250322,419,3459,298,3,1,497.13,497.13,546.843,49.713,10.0
gid://shopify/LineItem/2157481197646,4758,20250322,419,2962,215,3,1,485.53,485.53,534.083,48.553,10.0
gid://shopify/LineItem/2153501196366,1561,20250319,188,3345,62,3,1,587.93,587.93,646.723,58.793,10.0
gid://shopify/LineItem/2153173942350,1294,20250319,20,3460,209,3,1,497.13,497.13,546.843,49.713,10.0
gid://shopify/LineItem/2153743941710,1816,20250319,20,224,3,3,1,485.53,485.53,534.083,48.553,10.0
gid://shopify/LineItem/2156279332942,3788,20250321,816,3461,451,3,1,507.13,507.13,557.843,50.713,10.0
gid://shopify/LineItem/2158833926222,5525,20250323,309,3462,216,3,1,531.93,531.93,585.123,53.193,10.0
gid://shopify/LineItem/2160909582414,6999,20250324,309,3463,430,3,1,497.13,497.13,546.843,49.713,10.0
gid://shopify/LineItem/2154474766414,2267,20250320,420,3464,83,3,1,555.13,555.13,610.643,55.513,10.0
gid://shopify/LineItem/2154089840718,2038,20250320,565,3465,153,3,1,485.53,485.53,534.083,48.553,10.0
gid://shopify/LineItem/2161260068942,7292,20250324,565,3466,68,3,1,555.13,555.13,610.643,55.513,10.0
gid://shopify/LineItem/2159390654542,5908,20250323,566,3467,16,3,1,497.13,497.13,546.843,49.713,10.0
gid://shopify/LineItem/2160454467662,6618,20250324,177,3468,59,3,1,485.53,485.53,534.083,48.553,10.0
gid://shopify/LineItem/2160251600974,6403,20250324,20,1225,300,3,1,507.13,507.13,557.843,50.713,10.0
gid://shopify/LineItem/2152611840078,947,20250319,1,3469,292,3,1,744.73,744.73,819.203,74.473,10.0
gid://shopify/LineItem/2153704783950,1769,20250319,1,2176,143,3,1,497.13,497.13,546.843,49.713,10.0
gid://shopify/LineItem/2153119973454,1243,20250319,422,3470,197,3,1,527.13,527.13,579.843,52.713,10.0
gid://shopify/LineItem/2157629112398,4872,20250322,422,3471,403,3,1,527.13,527.13,579.843,52.713,10.0
gid://shopify/LineItem/2158759706702,5481,20250323,422,3459,237,3,1,509.53,509.53,560.483,50.953,10.0
gid://shopify/LineItem/2154367221838,2125,20250320,179,3472,20,3,1,517.53,517.53,569.283,51.753,10.0
gid://shopify/LineItem/2154623565902,2426,20250320,311,1742,161,3,1,517.13,517.13,568.843,51.713,10.0
gid://shopify/LineItem/2159365161038,5887,20250323,817,2532,157,3,1,497.13,497.13,546.843,49.713,10.0
gid://shopify/LineItem/2155719983182,3289,20250321,1,2005,272,3,1,497.63,497.63,547.393,49.763,10.0
gid://shopify/LineItem/2160676339790,6816,20250324,570,292,342,3,1,565.13,565.13,621.643,56.513,10.0
gid://shopify/LineItem/2160674209870,6812,20250324,570,3473,136,3,1,493.53,493.53,542.883,49.353,10.0
gid://shopify/LineItem/2160904241230,6997,20250324,570,3474,455,3,1,539.93,539.93,593.923,53.993,10.0
gid://shopify/LineItem/2153186852942,1306,20250319,312,3475,166,3,1,497.13,497.13,546.843,49.713,10.0
gid://shopify/LineItem/2160256417870,6413,20250324,312,218,3,3,1,595.13,595.13,654.643,59.513,10.0
gid://shopify/LineItem/2161171857486,7208,20250324,312,3476,16,3,1,613.13,613.13,674.443,61.313,10.0
gid://shopify/LineItem/2151859060814,473,20250318,425,360,121,3,1,537.13,537.13,590.843,53.713,10.0
gid://shopify/LineItem/2157019725902,4240,20250322,425,3236,29,3,1,713.13,713.13,784.443,71.313,10.0
gid://shopify/LineItem/2151163887694,11,20250318,716,3477,159,3,1,497.13,497.13,546.843,49.713,10.0
gid://shopify/LineItem/2151538327630,192,20250318,472,1606,119,3,1,497.13,497.13,546.843,49.713,10.0
gid://shopify/LineItem/2154465919054,2256,20250320,426,3478,121,3,1,497.13,497.13,546.843,49.713,10.0
gid://shopify/LineItem/2157111869518,4386,20250322,426,2636,227,3,1,497.13,497.13,546.843,49.713,10.0
gid://shopify/LineItem/2156345065550,3830,20250321,473,1879,112,3,1,625.13,625.13,687.643,62.513,10.0
gid://shopify/LineItem/2152573599822,927,20250318,473,3270,152,3,1,517.53,517.53,569.283,51.753,10.0
gid://shopify/LineItem/2156157272142,3680,20250321,177,1719,70,3,1,485.53,485.53,534.083,48.553,10.0
gid://shopify/LineItem/2157906526286,5094,20250322,313,3479,351,3,1,493.53,493.53,542.883,49.353,10.0
gid://shopify/LineItem/2159553413198,6013,20250323,313,2334,192,3,1,493.53,493.53,542.883,49.353,10.0
gid://shopify/LineItem/2160742694990,6885,20250324,20,182,35,3,1,493.53,493.53,542.883,49.353,10.0
gid://shopify/LineItem/2151774978126,396,20250318,668,2951,19,3,1,509.53,509.53,560.483,50.953,10.0
gid://shopify/LineItem/2160677584974,6818,20250324,668,3480,204,3,1,509.53,509.53,560.483,50.953,10.0
gid://shopify/LineItem/2152824307790,980,20250319,718,1804,150,3,1,517.53,517.53,569.283,51.753,10.0
gid://shopify/LineItem/2153712812110,1779,20250319,718,1715,92,3,1,595.93,595.93,655.523,59.593,10.0
gid://shopify/LineItem/2160242196558,6383,20250324,575,3420,1,3,1,501.53,501.53,551.683,50.153,10.0
gid://shopify/LineItem/2154578706510,2383,20250320,427,3481,172,3,1,595.13,595.13,654.643,59.513,10.0
gid://shopify/LineItem/2159595651150,6038,20250323,188,3482,163,3,1,595.93,595.93,655.523,59.593,10.0
gid://shopify/LineItem/2154373447758,2132,20250320,428,354,16,3,1,537.13,537.13,590.843,53.713,10.0
gid://shopify/LineItem/2156915261518,4170,20250322,429,653,16,3,1,497.13,497.13,546.843,49.713,10.0
gid://shopify/LineItem/2160983933006,7067,20250324,21,3483,59,3,1,635.13,635.13,698.643,63.513,10.0
gid://shopify/LineItem/2155634294862,3225,20250321,818,3484,87,3,1,497.13,497.13,546.843,49.713,10.0
gid://shopify/LineItem/2161017421902,7088,20250324,21,2667,45,3,1,517.53,517.53,569.283,51.753,10.0
gid://shopify/LineItem/2160963977294,7048,20250324,1,3485,258,3,1,595.93,595.93,655.523,59.593,10.0
gid://shopify/LineItem/2157208797262,4502,20250322,582,1856,26,3,1,485.53,485.53,534.083,48.553,10.0
gid://shopify/LineItem/2151194361934,23,20250318,361,3486,28,3,1,517.53,517.53,569.283,51.753,10.0
gid://shopify/LineItem/2155203887182,3044,20250320,181,3487,398,3,1,527.13,527.13,579.843,52.713,10.0
gid://shopify/LineItem/2159915892814,6234,20250324,181,1594,402,3,1,527.13,527.13,579.843,52.713,10.0
gid://shopify/LineItem/2152110751822,652,20250318,181,3488,62,3,1,587.93,587.93,646.723,58.793,10.0
gid://shopify/LineItem/2157506101326,4777,20250322,181,188,232,3,1,509.53,509.53,560.483,50.953,10.0
gid://shopify/LineItem/2160495820878,6667,20250324,181,979,35,3,1,509.53,509.53,560.483,50.953,10.0
gid://shopify/LineItem/2153577840718,1652,20250319,314,345,172,3,1,509.53,509.53,560.483,50.953,10.0
gid://shopify/LineItem/2156715311182,4125,20250321,314,2188,341,3,1,650.33,650.33,715.363,65.033,10.0
gid://shopify/LineItem/2160347578446,6528,20250324,314,3489,414,3,1,509.53,509.53,560.483,50.953,10.0
gid://shopify/LineItem/2152280686670,749,20250318,700,3490,449,3,1,507.13,507.13,557.843,50.713,10.0
gid://shopify/LineItem/2158139834446,5254,20250322,436,3491,213,3,1,683.13,683.13,751.443,68.313,10.0
gid://shopify/LineItem/2158990426190,5639,20250323,20,2744,164,3,1,578.33,578.33,636.163,57.833,10.0
gid://shopify/LineItem/2151385694286,56,20250318,438,1557,84,3,1,537.13,537.13,590.843,53.713,10.0
gid://shopify/LineItem/2157413204046,4703,20250322,179,3335,188,3,1,723.13,723.13,795.443,72.313,10.0
gid://shopify/LineItem/2158996258894,5642,20250323,21,2701,50,3,1,595.93,595.93,655.523,59.593,10.0
gid://shopify/LineItem/2158856339534,5537,20250323,21,1211,3,3,1,517.53,517.53,569.283,51.753,10.0
gid://shopify/LineItem/2151250690126,34,20250318,177,2561,127,3,1,485.53,485.53,534.083,48.553,10.0
gid://shopify/LineItem/2158257242190,5300,20250323,177,1733,418,3,1,485.53,485.53,534.083,48.553,10.0
gid://shopify/LineItem/2153041330254,1163,20250319,1,3492,150,3,1,497.13,497.13,546.843,49.713,10.0
gid://shopify/LineItem/2154542170190,2348,20250320,182,888,149,3,1,537.13,537.13,590.843,53.713,10.0
gid://shopify/LineItem/2156490457166,3968,20250321,179,3493,279,3,1,537.13,537.13,590.843,53.713,10.0
gid://shopify/LineItem/2157910327374,5095,20250322,179,2638,83,3,1,517.53,517.53,569.283,51.753,10.0
gid://shopify/LineItem/2157050462286,4290,20250322,441,1647,83,3,1,579.93,579.93,637.923,57.993,10.0
gid://shopify/LineItem/2160359178318,6538,20250324,819,86,26,3,1,821.13,821.13,903.243,82.113,10.0
gid://shopify/LineItem/2154661412942,2461,20250320,174,2009,20,3,1,509.53,509.53,560.483,50.953,10.0
gid://shopify/LineItem/2153558212686,1629,20250319,177,1780,79,3,1,712.73,712.73,784.003,71.273,10.0
gid://shopify/LineItem/2157074415694,4330,20250322,21,3494,268,3,1,579.93,579.93,637.923,57.993,10.0
gid://shopify/LineItem/2157052133454,4293,20250322,21,3495,389,3,1,527.13,527.13,579.843,52.713,10.0
gid://shopify/LineItem/2154478501966,2270,20250320,20,3496,273,3,1,509.53,509.53,560.483,50.953,10.0
gid://shopify/LineItem/2160180953166,6305,20250324,44,3497,17,3,1,595.93,595.93,655.523,59.593,10.0
gid://shopify/LineItem/2152477163598,878,20250318,723,3498,217,3,1,618.33,618.33,680.163,61.833,10.0
gid://shopify/LineItem/2154772529230,2593,20250320,1,3499,29,3,1,517.13,517.13,568.843,51.713,10.0
gid://shopify/LineItem/2155645239374,3234,20250321,179,3500,16,3,1,537.13,537.13,590.843,53.713,10.0
gid://shopify/LineItem/2157481230414,4759,20250322,315,3252,10,3,1,585.13,585.13,643.643,58.513,10.0
gid://shopify/LineItem/2152652603470,959,20250319,182,3501,27,3,1,537.13,537.13,590.843,53.713,10.0
gid://shopify/LineItem/2153271492686,1383,20250319,363,3502,99,3,1,509.53,509.53,560.483,50.953,10.0
gid://shopify/LineItem/2155071766606,2918,20250320,363,3503,50,3,1,509.53,509.53,560.483,50.953,10.0
gid://shopify/LineItem/2153165160526,1283,20250319,179,1653,18,3,1,537.13,537.13,590.843,53.713,10.0
gid://shopify/LineItem/2154052714574,2016,20250319,179,132,102,3,1,635.13,635.13,698.643,63.513,10.0
gid://shopify/LineItem/2159549775950,6010,20250323,820,3504,83,3,1,585.13,585.13,643.643,58.513,10.0
gid://shopify/LineItem/2156182601806,3702,20250321,443,3505,172,3,1,595.13,595.13,654.643,59.513,10.0
gid://shopify/LineItem/2159683043406,6097,20250323,1,624,68,3,1,595.13,595.13,654.643,59.513,10.0
gid://shopify/LineItem/2154651287630,2451,20250320,726,2492,93,3,1,653.13,653.13,718.443,65.313,10.0
gid://shopify/LineItem/2153413443662,1496,20250319,727,3506,190,3,1,635.13,635.13,698.643,63.513,10.0
gid://shopify/LineItem/2153209036878,1322,20250319,177,2652,91,3,1,485.53,485.53,534.083,48.553,10.0
gid://shopify/LineItem/2155071635534,2915,20250320,177,3507,262,3,1,485.53,485.53,534.083,48.553,10.0
gid://shopify/LineItem/2157189922894,4479,20250322,21,213,266,3,1,509.53,509.53,560.483,50.953,10.0
gid://shopify/LineItem/2155840897102,3418,20250321,179,2415,473,3,1,512.63,512.63,563.893,51.263,10.0
gid://shopify/LineItem/2156437438542,3916,20250321,20,3508,167,3,1,733.13,733.13,806.443,73.313,10.0
gid://shopify/LineItem/2160738271310,6880,20250324,20,3509,16,3,1,635.13,635.13,698.643,63.513,10.0
gid://shopify/LineItem/2156141215822,3669,20250321,601,772,474,3,1,507.13,507.13,557.843,50.713,10.0
gid://shopify/LineItem/2160495624270,6666,20250324,20,3510,369,3,1,693.13,693.13,762.443,69.313,10.0
gid://shopify/LineItem/2156242042958,3758,20250321,179,693,154,3,1,517.53,517.53,569.283,51.753,10.0
gid://shopify/LineItem/2153690300494,1750,20250319,20,52,19,3,1,563.93,563.93,620.323,56.393,10.0
gid://shopify/LineItem/2152928280654,1052,20250319,179,506,285,3,1,595.13,595.13,654.643,59.513,10.0
gid://shopify/LineItem/2154440360014,2224,20250320,179,1197,62,3,1,517.53,517.53,569.283,51.753,10.0
gid://shopify/LineItem/2152337539150,785,20250318,317,1997,63,3,1,527.13,527.13,579.843,52.713,10.0
gid://shopify/LineItem/2160527507534,6694,20250324,317,3511,61,3,1,625.13,625.13,687.643,62.513,10.0
gid://shopify/LineItem/2152049180750,606,20250318,449,2718,19,3,1,537.13,537.13,590.843,53.713,10.0
gid://shopify/LineItem/2155826348110,3403,20250321,364,3512,92,3,1,643.13,643.13,707.443,64.313,10.0
gid://shopify/LineItem/2161080139854,7137,20250324,364,3513,145,3,1,527.13,527.13,579.843,52.713,10.0
gid://shopify/LineItem/2153584263246,1656,20250319,188,3514,14,3,1,665.13,665.13,731.643,66.513,10.0
gid://shopify/LineItem/2159233695822,5800,20250323,179,281,107,3,1,635.13,635.13,698.643,63.513,10.0
gid://shopify/LineItem/2154445701198,2231,20250320,179,3515,89,3,1,537.13,537.13,590.843,53.713,10.0
gid://shopify/LineItem/2154726654030,2535,20250320,179,3516,94,3,1,517.53,517.53,569.283,51.753,10.0
gid://shopify/LineItem/2157726105678,4960,20250322,188,216,165,3,1,537.13,537.13,590.843,53.713,10.0
gid://shopify/LineItem/2157686685774,4933,20250322,20,2387,113,3,1,615.13,615.13,676.643,61.513,10.0
gid://shopify/LineItem/2154964615246,2785,20250320,179,2297,109,3,1,537.13,537.13,590.843,53.713,10.0
gid://shopify/LineItem/2157098139726,4359,20250322,179,1597,107,3,1,635.13,635.13,698.643,63.513,10.0
gid://shopify/LineItem/2152543715406,909,20250318,451,514,17,3,1,527.13,527.13,579.843,52.713,10.0
gid://shopify/LineItem/2157050855502,4291,20250322,179,219,89,3,1,625.13,625.13,687.643,62.513,10.0
gid://shopify/LineItem/2160559489102,6719,20250324,179,2364,223,3,1,595.93,595.93,655.523,59.593,10.0
gid://shopify/LineItem/2159427878990,5932,20250323,177,2763,282,3,1,565.13,565.13,621.643,56.513,10.0
gid://shopify/LineItem/2157623017550,4869,20250322,452,3517,102,3,1,537.13,537.13,590.843,53.713,10.0
gid://shopify/LineItem/2154671997006,2474,20250320,20,2747,5,3,1,517.53,517.53,569.283,51.753,10.0
gid://shopify/LineItem/2154774495310,2600,20250320,317,1282,62,3,1,509.53,509.53,560.483,50.953,10.0
gid://shopify/LineItem/2153873113166,1917,20250319,332,3518,14,3,1,501.53,501.53,551.683,50.153,10.0
gid://shopify/LineItem/2154397859918,2167,20250320,188,1116,92,3,1,517.53,517.53,569.283,51.753,10.0
gid://shopify/LineItem/2158626144334,5420,20250323,20,1816,108,3,1,509.53,509.53,560.483,50.953,10.0
gid://shopify/LineItem/2155331616846,3136,20250320,611,783,105,3,1,509.53,509.53,560.483,50.953,10.0
gid://shopify/LineItem/2159222620238,5792,20250323,336,3519,1,3,1,527.13,527.13,579.843,52.713,10.0
gid://shopify/LineItem/2157197099086,4485,20250322,188,3520,3,3,1,517.53,517.53,569.283,51.753,10.0
gid://shopify/LineItem/2153409478734,1489,20250319,821,3367,218,3,1,733.13,733.13,806.443,73.313,10.0
gid://shopify/LineItem/2153151463502,1268,20250319,454,3521,216,3,1,527.13,527.13,579.843,52.713,10.0
gid://shopify/LineItem/2155080384590,2931,20250320,454,3522,43,3,1,595.13,595.13,654.643,59.513,10.0
gid://shopify/LineItem/2155182784590,3017,20250320,478,2928,77,3,1,509.53,509.53,560.483,50.953,10.0
gid://shopify/LineItem/2154349527118,2101,20250320,174,3523,16,3,1,527.13,527.13,579.843,52.713,10.0
gid://shopify/LineItem/2159060418638,5684,20250323,1,3524,95,3,1,517.13,517.13,568.843,51.713,10.0
gid://shopify/LineItem/2161346117710,7337,20250324,21,3525,35,3,1,527.13,527.13,579.843,52.713,10.0
gid://shopify/LineItem/2160798761038,6921,20250324,20,1815,1,3,1,509.53,509.53,560.483,50.953,10.0
gid://shopify/LineItem/2161242767438,7275,20250324,806,310,3,3,1,517.13,517.13,568.843,51.713,10.0
gid://shopify/LineItem/2160358293582,6536,20250324,20,2474,204,3,1,517.53,517.53,569.283,51.753,10.0
gid://shopify/LineItem/2160315465806,6488,20250324,617,3526,149,3,1,517.13,517.13,568.843,51.713,10.0
gid://shopify/LineItem/2160439099470,6607,20250324,617,2546,15,3,1,501.53,501.53,551.683,50.153,10.0
gid://shopify/LineItem/2157628325966,4871,20250322,20,3527,41,3,1,517.53,517.53,569.283,51.753,10.0
gid://shopify/LineItem/2155129602126,2966,20250320,321,3528,2,3,1,605.13,605.13,665.643,60.513,10.0
gid://shopify/LineItem/2157091291214,4353,20250322,321,3529,16,3,1,509.53,509.53,560.483,50.953,10.0
gid://shopify/LineItem/2160332013646,6511,20250324,20,2726,136,3,1,587.93,587.93,646.723,58.793,10.0
gid://shopify/LineItem/2160326836302,6504,20250324,198,2579,95,3,1,493.53,493.53,542.883,49.353,10.0
gid://shopify/LineItem/2153721659470,1788,20250319,1,2622,200,3,1,517.53,517.53,569.283,51.753,10.0
gid://shopify/LineItem/2153428222030,1508,20250319,1,2655,224,3,1,537.13,537.13,590.843,53.713,10.0
gid://shopify/LineItem/2160273686606,6437,20250324,450,3028,197,3,1,507.13,507.13,557.843,50.713,10.0
gid://shopify/LineItem/2159667150926,6082,20250323,1,3530,141,3,1,507.13,507.13,557.843,50.713,10.0
gid://shopify/LineItem/2153559752782,1631,20250319,20,3236,20,3,1,527.13,527.13,579.843,52.713,10.0
gid://shopify/LineItem/2160242458702,6384,20250324,198,3531,121,3,1,493.53,493.53,542.883,49.353,10.0
gid://shopify/LineItem/2160359899214,6539,20250324,450,3532,19,3,1,493.53,493.53,542.883,49.353,10.0
gid://shopify/LineItem/2153778380878,1848,20250319,177,3533,137,3,1,537.13,537.13,590.843,53.713,10.0
gid://shopify/LineItem/2154171039822,2058,20250320,177,3534,20,3,1,537.13,537.13,590.843,53.713,10.0
gid://shopify/LineItem/2158081081422,5222,20250322,177,1864,82,3,1,537.13,537.13,590.843,53.713,10.0
gid://shopify/LineItem/2157138903118,4424,20250322,21,3535,237,3,1,537.13,537.13,590.843,53.713,10.0
gid://shopify/LineItem/2157835255886,5028,20250322,177,2094,76,3,1,537.13,537.13,590.843,53.713,10.0
gid://shopify/LineItem/2161004314702,7079,20250324,1,1985,462,3,1,517.53,517.53,569.283,51.753,10.0
gid://shopify/LineItem/2153305014350,1418,20250319,177,3192,13,3,1,517.53,517.53,569.283,51.753,10.0
gid://shopify/LineItem/2157109674062,4380,20250322,1,3536,143,3,1,635.13,635.13,698.643,63.513,10.0
gid://shopify/LineItem/2157748912206,4975,20250322,1,3332,173,3,1,537.13,537.13,590.843,53.713,10.0
gid://shopify/LineItem/2158075641934,5218,20250322,1,675,223,3,1,537.13,537.13,590.843,53.713,10.0
gid://shopify/LineItem/2156481413198,3958,20250321,1,1144,188,3,1,537.13,537.13,590.843,53.713,10.0
gid://shopify/LineItem/2158260748366,5301,20250323,822,9,379,3,1,527.13,527.13,579.843,52.713,10.0
gid://shopify/LineItem/2153710878798,1774,20250319,823,2917,162,3,1,527.13,527.13,579.843,52.713,10.0
gid://shopify/LineItem/2157816250446,5013,20250322,1,3537,76,3,1,517.53,517.53,569.283,51.753,10.0
gid://shopify/LineItem/2153759834190,1828,20250319,177,3538,34,3,1,537.13,537.13,590.843,53.713,10.0
gid://shopify/LineItem/2160179675214,6304,20250324,1,1111,13,3,1,517.53,517.53,569.283,51.753,10.0
gid://shopify/LineItem/2153395519566,1476,20250319,368,3539,29,3,1,517.13,517.13,568.843,51.713,10.0
gid://shopify/LineItem/2160819535950,6941,20250324,368,1683,350,3,1,501.53,501.53,551.683,50.153,10.0
gid://shopify/LineItem/2151419576398,80,20250318,624,3540,212,3,1,517.13,517.13,568.843,51.713,10.0
gid://shopify/LineItem/2154994991182,2819,20250320,20,3541,50,3,1,497.13,497.13,546.843,49.713,10.0
gid://shopify/LineItem/2156734709838,4131,20250321,747,3542,35,3,1,517.53,517.53,569.283,51.753,10.0
gid://shopify/LineItem/2152352841806,796,20250318,1,3315,88,3,1,517.53,517.53,569.283,51.753,10.0
gid://shopify/LineItem/2156444811342,3925,20250321,824,3543,33,3,1,517.13,517.13,568.843,51.713,10.0
gid://shopify/LineItem/2158285160526,5307,20250323,20,2035,237,3,1,517.53,517.53,569.283,51.753,10.0
gid://shopify/LineItem/2152202043470,713,20250318,20,2289,63,3,1,537.13,537.13,590.843,53.713,10.0
gid://shopify/LineItem/2159219015758,5786,20250323,20,1640,119,3,1,537.13,537.13,590.843,53.713,10.0
gid://shopify/LineItem/2151397032014,64,20250318,1,3544,19,3,1,537.13,537.13,590.843,53.713,10.0
gid://shopify/LineItem/2160187834446,6311,20250324,825,2755,23,3,1,517.53,517.53,569.283,51.753,10.0
gid://shopify/LineItem/2160172531790,6295,20250324,1,3114,115,3,1,537.13,537.13,590.843,53.713,10.0
gid://shopify/LineItem/2158031667278,5195,20250322,322,2326,176,3,1,517.53,517.53,569.283,51.753,10.0
gid://shopify/LineItem/2159106490446,5715,20250323,322,3545,183,3,1,517.53,517.53,569.283,51.753,10.0
gid://shopify/LineItem/2155286233166,3107,20250320,1,3546,16,3,1,512.63,512.63,563.893,51.263,10.0
gid://shopify/LineItem/2157762478158,4985,20250322,460,3547,263,3,1,537.13,537.13,590.843,53.713,10.0
gid://shopify/LineItem/2152259747918,734,20250318,1,3548,74,3,1,537.13,537.13,590.843,53.713,10.0
gid://shopify/LineItem/2152094793806,645,20250318,1,2728,16,3,1,567.13,567.13,623.843,56.713,10.0
gid://shopify/LineItem/2153495035982,1554,20250319,20,1750,367,3,1,567.13,567.13,623.843,56.713,10.0
gid://shopify/LineItem/2155772706894,3345,20250321,44,3070,94,3,1,517.13,517.13,568.843,51.713,10.0
gid://shopify/LineItem/2155374575694,3162,20250320,20,523,405,3,1,539.93,539.93,593.923,53.993,10.0
gid://shopify/LineItem/2152073822286,628,20250318,826,2264,49,3,1,517.13,517.13,568.843,51.713,10.0
gid://shopify/LineItem/2155383914574,3165,20250320,827,1495,266,3,1,517.13,517.13,568.843,51.713,10.0
gid://shopify/LineItem/2160733847630,6874,20250324,1,3549,188,3,1,497.13,497.13,546.843,49.713,10.0
gid://shopify/LineItem/2158792769614,5501,20250323,828,2001,13,3,1,485.53,485.53,534.083,48.553,10.0
gid://shopify/LineItem/2154932633678,2754,20250320,20,993,118,3,1,563.93,563.93,620.323,56.393,10.0
gid://shopify/LineItem/2157002883150,4211,20250322,829,3550,40,3,1,531.93,531.93,585.123,53.193,10.0
gid://shopify/LineItem/2152602828878,939,20250318,20,3028,1,3,1,527.13,527.13,579.843,52.713,10.0
gid://shopify/LineItem/2156670681166,4094,20250321,20,2457,1,3,1,527.13,527.13,579.843,52.713,10.0
gid://shopify/LineItem/2158718222414,5469,20250323,830,3349,99,3,1,610.33,610.33,671.363,61.033,10.0
gid://shopify/LineItem/2153786998862,1854,20250319,20,3377,182,3,1,537.13,537.13,590.843,53.713,10.0
gid://shopify/LineItem/2157239926862,4535,20250322,325,3551,270,3,1,497.13,497.13,546.843,49.713,10.0
gid://shopify/LineItem/2155238424654,3077,20250320,325,437,62,3,1,485.53,485.53,534.083,48.553,10.0
gid://shopify/LineItem/2156238438478,3752,20250321,325,3552,21,3,1,485.53,485.53,534.083,48.553,10.0
gid://shopify/LineItem/2159286911054,5835,20250323,325,1133,109,3,1,485.53,485.53,534.083,48.553,10.0
gid://shopify/LineItem/2158498054222,5348,20250323,831,3553,215,3,1,485.53,485.53,534.083,48.553,10.0
gid://shopify/LineItem/2160777658446,6910,20250324,831,2980,238,3,1,497.13,497.13,546.843,49.713,10.0
gid://shopify/LineItem/2154150297678,2057,20250320,653,3554,82,3,1,485.53,485.53,534.083,48.553,10.0
gid://shopify/LineItem/2161002971214,7077,20250324,832,1142,3,3,1,497.13,497.13,546.843,49.713,10.0
gid://shopify/LineItem/2154016604238,2002,20250319,833,1560,26,3,1,474.13,474.13,521.543,47.413,10.0
gid://shopify/LineItem/2158352760910,5316,20250323,708,3555,127,3,2,239.56,479.13,527.043,47.913,10.0
gid://shopify/LineItem/2153077637198,1195,20250319,304,1132,3,3,2,265.96,531.93,585.123,53.193,10.0
gid://shopify/LineItem/2161474633806,7408,20250324,583,3556,119,3,2,278.06,556.13,611.743,55.613,10.0
gid://shopify/LineItem/2156989546574,4196,20250322,834,3557,11,3,2,277.56,555.13,610.643,55.513,10.0
gid://shopify/LineItem/2152377352270,814,20250318,20,965,82,3,1,517.53,517.53,569.283,51.753,10.0
gid://shopify/LineItem/2156671402062,4095,20250321,835,1044,70,3,1,507.13,507.13,557.843,50.713,10.0
gid://shopify/LineItem/2160456663118,6620,20250324,1,3558,149,3,1,605.13,605.13,665.643,60.513,10.0
gid://shopify/LineItem/2156240437326,3756,20250321,708,3559,53,3,1,459.13,459.13,505.043,45.913,10.0
gid://shopify/LineItem/2152473067598,873,20250318,836,3560,176,3,1,478.13,478.13,525.943,47.813,10.0
gid://shopify/LineItem/2160104144974,6267,20250324,20,167,1,3,1,497.13,497.13,546.843,49.713,10.0
gid://shopify/LineItem/2157680918606,4930,20250322,532,600,20,3,1,497.13,497.13,546.843,49.713,10.0
gid://shopify/LineItem/2160765698126,6901,20250324,20,3561,232,3,1,497.13,497.13,546.843,49.713,10.0
gid://shopify/LineItem/2156458311758,3941,20250321,177,3562,298,3,1,497.13,497.13,546.843,49.713,10.0
gid://shopify/LineItem/2161204527182,7243,20250324,422,789,3,3,1,625.13,625.13,687.643,62.513,10.0
gid://shopify/LineItem/2161203150926,7242,20250324,426,3563,350,3,1,482.63,482.63,530.893,48.263,10.0
gid://shopify/LineItem/2155080253518,2930,20250320,188,3564,56,3,1,563.63,563.63,619.993,56.363,10.0
gid://shopify/LineItem/2156689391694,4109,20250321,316,3565,16,3,1,527.13,527.13,579.843,52.713,10.0
gid://shopify/LineItem/2157006291022,4220,20250322,21,3566,24,3,1,527.13,527.13,579.843,52.713,10.0
gid://shopify/LineItem/2153387982926,1467,20250319,450,3567,69,3,1,517.13,517.13,568.843,51.713,10.0
gid://shopify/LineItem/2160389849166,6568,20250324,392,632,133,3,1,489.13,489.13,538.043,48.913,10.0
gid://shopify/LineItem/2156540690510,4009,20250321,20,2078,133,3,1,537.13,537.13,590.843,53.713,10.0
gid://shopify/LineItem/2151995146318,565,20250318,665,3568,87,3,1,658.33,658.33,724.163,65.833,10.0
gid://shopify/LineItem/2160238985294,6379,20250324,506,3569,57,3,1,693.13,693.13,762.443,69.313,10.0
gid://shopify/LineItem/2152000520270,570,20250318,177,3570,233,3,1,566.13,566.13,622.743,56.613,10.0
gid://shopify/LineItem/2160412524622,6579,20250324,177,3400,204,3,1,595.13,595.13,654.643,59.513,10.0
gid://shopify/LineItem/2156606259278,4052,20250321,21,2030,89,3,1,693.13,693.13,762.443,69.313,10.0
gid://shopify/LineItem/2159538896974,6006,20250323,20,3571,16,3,1,555.13,555.13,610.643,55.513,10.0
gid://shopify/LineItem/2159675703374,6089,20250323,21,505,119,3,1,723.13,723.13,795.443,72.313,10.0
gid://shopify/LineItem/2158467678286,5333,20250323,1,1350,16,3,1,497.13,497.13,546.843,49.713,10.0
gid://shopify/LineItem/2155685052494,3259,20250321,179,3572,286,3,1,537.13,537.13,590.843,53.713,10.0
gid://shopify/LineItem/2156101894222,3635,20250321,20,3573,105,3,1,485.53,485.53,534.083,48.553,10.0
gid://shopify/LineItem/2154099015758,2041,20250320,188,3574,1,3,1,595.93,595.93,655.523,59.593,10.0
gid://shopify/LineItem/2155793481806,3371,20250321,546,3308,57,3,1,595.13,595.13,654.643,59.513,10.0
gid://shopify/LineItem/2151943176270,534,20250318,374,3575,437,3,1,527.13,527.13,579.843,52.713,10.0
gid://shopify/LineItem/2157585924174,4841,20250322,477,2174,304,3,1,493.53,493.53,542.883,49.353,10.0
gid://shopify/LineItem/2155325849678,3132,20250320,564,1601,293,3,1,733.13,733.13,806.443,73.313,10.0
gid://shopify/LineItem/2159499673678,5976,20250323,1,2277,408,3,1,635.13,635.13,698.643,63.513,10.0
gid://shopify/LineItem/2161155014734,7193,20250324,20,3576,304,3,1,595.13,595.13,654.643,59.513,10.0
gid://shopify/LineItem/2151472332878,128,20250318,837,3377,117,3,1,605.13,605.13,665.643,60.513,10.0
gid://shopify/LineItem/2153149235278,1267,20250319,179,1511,72,3,1,537.13,537.13,590.843,53.713,10.0
gid://shopify/LineItem/2159678062670,6092,20250323,21,3577,8,3,1,713.13,713.13,784.443,71.313,10.0
gid://shopify/LineItem/2156950093902,4175,20250322,482,983,38,3,1,585.13,585.13,643.643,58.513,10.0
gid://shopify/LineItem/2154931421262,2750,20250320,838,3578,199,3,1,497.13,497.13,546.843,49.713,10.0
gid://shopify/LineItem/2151443234894,99,20250318,20,3354,21,3,1,650.33,650.33,715.363,65.033,10.0
gid://shopify/LineItem/2155672076366,3248,20250321,177,523,16,3,1,497.13,497.13,546.843,49.713,10.0
gid://shopify/LineItem/2160362258510,6544,20250324,1,2293,332,3,1,517.53,517.53,569.283,51.753,10.0
gid://shopify/LineItem/2154798547022,2625,20250320,622,1658,266,3,1,501.53,501.53,551.683,50.153,10.0
gid://shopify/LineItem/2160131407950,6275,20250324,20,3579,475,3,1,537.13,537.13,590.843,53.713,10.0
gid://shopify/LineItem/2152894267470,1015,20250319,658,3580,149,3,1,467.13,467.13,513.843,46.713,10.0
gid://shopify/LineItem/2152408154190,835,20250318,335,2542,83,3,2,464.56,929.13,1022.043,92.913,10.0
gid://shopify/LineItem/2159692021838,6106,20250323,429,607,469,3,1,633.13,633.13,696.443,63.313,10.0
gid://shopify/LineItem/2155972427854,3527,20250321,486,2335,24,3,2,281.96,563.93,620.323,56.393,10.0
gid://shopify/LineItem/2161485217870,7417,20250324,338,2428,29,3,1,658.33,658.33,724.163,65.833,10.0
gid://shopify/LineItem/2161200889934,7240,20250324,177,1103,13,3,1,640.73,640.73,704.803,64.073,10.0
gid://shopify/LineItem/2161054810190,7110,20250324,419,3581,99,3,1,485.53,485.53,534.083,48.553,10.0
gid://shopify/LineItem/2156164218958,3690,20250321,670,3582,20,3,1,635.13,635.13,698.643,63.513,10.0
gid://shopify/LineItem/2159856222286,6207,20250323,188,3583,134,3,1,674.33,674.33,741.763,67.433,10.0
gid://shopify/LineItem/2156718882894,4128,20250321,1,3584,175,3,1,635.13,635.13,698.643,63.513,10.0
gid://shopify/LineItem/2159418277966,5923,20250323,20,3585,109,3,1,517.53,517.53,569.283,51.753,10.0
gid://shopify/LineItem/2158573486158,5392,20250323,825,3586,431,3,1,537.13,537.13,590.843,53.713,10.0
gid://shopify/LineItem/2156656066638,4084,20250321,44,3587,464,3,1,563.93,563.93,620.323,56.393,10.0
gid://shopify/LineItem/2160916758606,7007,20250324,20,1821,108,3,2,307.56,615.13,676.643,61.513,10.0
gid://shopify/LineItem/2159214231630,5780,20250323,177,1556,374,3,1,517.53,517.53,569.283,51.753,10.0
gid://shopify/LineItem/2157679542350,4928,20250322,177,3588,127,3,1,693.13,693.13,762.443,69.313,10.0
gid://shopify/LineItem/2151634436174,287,20250318,1,3457,17,3,1,693.13,693.13,762.443,69.313,10.0
gid://shopify/LineItem/2157064912974,4313,20250322,188,259,145,3,1,650.33,650.33,715.363,65.033,10.0
gid://shopify/LineItem/2156990365774,4197,20250322,20,3589,9,3,1,563.23,563.23,619.553,56.323,10.0
gid://shopify/LineItem/2157475725390,4752,20250322,199,388,360,3,1,791.13,791.13,870.243,79.113,10.0
gid://shopify/LineItem/2161121525838,7167,20250324,331,3590,80,3,1,537.13,537.13,590.843,53.713,10.0
gid://shopify/LineItem/2156396150862,3877,20250321,1,2386,99,3,1,658.33,658.33,724.163,65.833,10.0
gid://shopify/LineItem/2161415913550,7378,20250324,179,2640,22,3,1,635.13,635.13,698.643,63.513,10.0
gid://shopify/LineItem/2152311980110,771,20250318,20,234,18,3,1,595.13,595.13,654.643,59.513,10.0
gid://shopify/LineItem/2156702171214,4115,20250321,360,2765,32,3,1,527.13,527.13,579.843,52.713,10.0
gid://shopify/LineItem/2157916029006,5103,20250322,486,622,272,3,1,517.13,517.13,568.843,51.713,10.0
gid://shopify/LineItem/2161375903822,7349,20250324,177,3591,143,3,1,1173.13,1173.13,1290.443,117.313,10.0
gid://shopify/LineItem/2158616150094,5416,20250323,356,3592,29,3,1,751.13,751.13,826.243,75.113,10.0
gid://shopify/LineItem/2161056579662,7112,20250324,179,3593,100,3,1,733.13,733.13,806.443,73.313,10.0
gid://shopify/LineItem/2154810933326,2641,20250320,20,1090,121,1,1,871.13,871.13,958.243,87.113,10.0
gid://shopify/LineItem/2155071668302,2916,20250320,20,286,55,1,1,537.13,537.13,590.843,53.713,10.0
gid://shopify/LineItem/2159901048910,6228,20250324,20,3594,50,1,1,537.13,537.13,590.843,53.713,10.0
gid://shopify/LineItem/2153127182414,1247,20250319,20,3595,136,1,1,595.93,595.93,655.523,59.593,10.0
gid://shopify/LineItem/2157629997134,4874,20250322,20,2907,26,1,1,517.53,517.53,569.283,51.753,10.0
gid://shopify/LineItem/2151438024782,92,20250318,20,2704,282,1,1,537.13,537.13,590.843,53.713,10.0
gid://shopify/LineItem/2153445195854,1519,20250319,20,3596,325,1,1,537.13,537.13,590.843,53.713,10.0
gid://shopify/LineItem/2154336813134,2080,20250320,20,3597,118,1,1,537.13,537.13,590.843,53.713,10.0
gid://shopify/LineItem/2154623762510,2427,20250320,20,1833,154,1,1,711.13,711.13,782.243,71.113,10.0
gid://shopify/LineItem/2157043122254,4281,20250322,20,1638,134,1,1,537.13,537.13,590.843,53.713,10.0
gid://shopify/LineItem/2156035899470,3591,20250321,20,3598,160,1,1,517.53,517.53,569.283,51.753,10.0
gid://shopify/LineItem/2160743252046,6886,20250324,20,3599,213,1,1,537.13,537.13,590.843,53.713,10.0
gid://shopify/LineItem/2153231679566,1346,20250319,20,3600,74,1,1,537.13,537.13,590.843,53.713,10.0
gid://shopify/LineItem/2153798860878,1865,20250319,20,3601,439,1,1,635.13,635.13,698.643,63.513,10.0
gid://shopify/LineItem/2158910406734,5585,20250323,20,3602,51,1,1,537.13,537.13,590.843,53.713,10.0
gid://shopify/LineItem/2157731807310,4967,20250322,20,3564,237,1,1,517.53,517.53,569.283,51.753,10.0
gid://shopify/LineItem/2161233559630,7265,20250324,20,3603,100,1,1,585.13,585.13,643.643,58.513,10.0
gid://shopify/LineItem/2153137504334,1260,20250319,20,3604,151,1,1,643.13,643.13,707.443,64.313,10.0
gid://shopify/LineItem/2153862529102,1912,20250319,20,2509,46,1,1,497.13,497.13,546.843,49.713,10.0
gid://shopify/LineItem/2156520407118,3993,20250321,20,3605,87,1,1,497.13,497.13,546.843,49.713,10.0
gid://shopify/LineItem/2160647569486,6793,20250324,20,2180,69,1,1,555.13,555.13,610.643,55.513,10.0
gid://shopify/LineItem/2158786314318,5497,20250323,20,2708,133,1,1,555.13,555.13,610.643,55.513,10.0
gid://shopify/LineItem/2160268410958,6427,20250324,20,3606,64,1,1,671.13,671.13,738.243,67.113,10.0
gid://shopify/LineItem/2154068869198,2028,20250319,20,1099,90,1,1,671.13,671.13,738.243,67.113,10.0
gid://shopify/LineItem/2156240633934,3757,20250321,20,3607,100,1,1,497.13,497.13,546.843,49.713,10.0
gid://shopify/LineItem/2161329143886,7328,20250324,20,3201,16,1,1,531.93,531.93,585.123,53.193,10.0
gid://shopify/LineItem/2154490232910,2286,20250320,20,1223,282,1,1,531.93,531.93,585.123,53.193,10.0
gid://shopify/LineItem/2155636097102,3228,20250321,326,355,235,1,1,605.13,605.13,665.643,60.513,10.0
gid://shopify/LineItem/2157106921550,4378,20250322,490,3454,4,1,1,527.13,527.13,579.843,52.713,10.0
gid://shopify/LineItem/2152979300430,1102,20250319,491,3608,201,1,1,635.13,635.13,698.643,63.513,10.0
gid://shopify/LineItem/2153732735054,1802,20250319,491,3258,189,1,1,517.53,517.53,569.283,51.753,10.0
gid://shopify/LineItem/2154695032910,2500,20250320,382,3609,50,1,1,527.13,527.13,579.843,52.713,10.0
gid://shopify/LineItem/2160201793614,6328,20250324,382,3610,17,1,1,801.13,801.13,881.243,80.113,10.0
gid://shopify/LineItem/2151982760014,556,20250318,382,228,133,1,1,579.93,579.93,637.923,57.993,10.0
gid://shopify/LineItem/2153107062862,1233,20250319,382,3611,424,1,1,579.93,579.93,637.923,57.993,10.0
gid://shopify/LineItem/2155143037006,2980,20250320,665,3612,29,1,1,615.13,615.13,676.643,61.513,10.0
gid://shopify/LineItem/2157305430094,4598,20250322,665,2981,148,1,1,517.13,517.13,568.843,51.713,10.0
gid://shopify/LineItem/2157972750414,5152,20250322,665,3613,68,1,1,517.13,517.13,568.843,51.713,10.0
gid://shopify/LineItem/2154020929614,2006,20250319,665,1498,175,1,1,627.93,627.93,690.723,62.793,10.0
gid://shopify/LineItem/2154932305998,2753,20250320,1,1268,121,1,1,517.13,517.13,568.843,51.713,10.0
gid://shopify/LineItem/2154635296846,2439,20250320,492,3614,182,1,1,517.13,517.13,568.843,51.713,10.0
gid://shopify/LineItem/2156084854862,3622,20250321,492,3615,238,1,1,575.13,575.13,632.643,57.513,10.0
gid://shopify/LineItem/2157463437390,4747,20250322,492,1148,115,1,1,517.13,517.13,568.843,51.713,10.0
gid://shopify/LineItem/2153601597518,1673,20250319,492,3616,61,1,1,603.93,603.93,664.323,60.393,10.0
gid://shopify/LineItem/2153892085838,1928,20250319,493,951,68,1,1,587.93,587.93,646.723,58.793,10.0
gid://shopify/LineItem/2161248960590,7282,20250324,839,1085,182,1,1,527.13,527.13,579.843,52.713,10.0
gid://shopify/LineItem/2154731176014,2543,20250320,383,3053,52,1,1,635.13,635.13,698.643,63.513,10.0
gid://shopify/LineItem/2155182620750,3015,20250320,383,3617,50,1,1,537.13,537.13,590.843,53.713,10.0
gid://shopify/LineItem/2155892703310,3465,20250321,383,3033,87,1,1,713.13,713.13,784.443,71.313,10.0
gid://shopify/LineItem/2156630212686,4061,20250321,383,3618,20,1,1,615.13,615.13,676.643,61.513,10.0
gid://shopify/LineItem/2157597065294,4850,20250322,383,3527,121,1,1,635.13,635.13,698.643,63.513,10.0
gid://shopify/LineItem/2151862960206,479,20250318,383,3619,151,1,1,517.53,517.53,569.283,51.753,10.0
gid://shopify/LineItem/2154690838606,2496,20250320,383,3620,83,1,1,517.53,517.53,569.283,51.753,10.0
gid://shopify/LineItem/2160963223630,7045,20250324,383,2327,209,1,1,517.53,517.53,569.283,51.753,10.0
gid://shopify/LineItem/2155160797262,2999,20250320,338,3621,119,1,1,811.13,811.13,892.243,81.113,10.0
gid://shopify/LineItem/2155782996046,3356,20250321,338,1302,92,1,1,501.53,501.53,551.683,50.153,10.0
gid://shopify/LineItem/2156129550414,3660,20250321,338,3622,105,1,1,501.53,501.53,551.683,50.153,10.0
gid://shopify/LineItem/2158291189838,5308,20250323,494,2634,90,1,1,517.53,517.53,569.283,51.753,10.0
gid://shopify/LineItem/2157139329102,4425,20250322,185,2086,59,1,1,537.13,537.13,590.843,53.713,10.0
gid://shopify/LineItem/2152055078990,612,20250318,185,1449,163,1,1,752.73,752.73,828.003,75.273,10.0
gid://shopify/LineItem/2155016618062,2846,20250320,191,1749,18,1,1,552.13,552.13,607.343,55.213,10.0
gid://shopify/LineItem/2158128103502,5246,20250322,191,2608,13,1,1,585.13,585.13,643.643,58.513,10.0
gid://shopify/LineItem/2160185999438,6309,20250324,191,3623,308,1,1,587.93,587.93,646.723,58.793,10.0
gid://shopify/LineItem/2153788604494,1858,20250319,1,3228,79,1,1,595.13,595.13,654.643,59.513,10.0
gid://shopify/LineItem/2154643456078,2443,20250320,1,979,119,1,1,595.13,595.13,654.643,59.513,10.0
gid://shopify/LineItem/2152091680846,644,20250318,495,693,44,1,1,743.13,743.13,817.443,74.313,10.0
gid://shopify/LineItem/2161127915598,7173,20250324,495,2845,16,1,1,605.13,605.13,665.643,60.513,10.0
gid://shopify/LineItem/2161254727758,7289,20250324,495,3539,237,1,1,579.93,579.93,637.923,57.993,10.0
gid://shopify/LineItem/2154713022542,2518,20250320,339,786,16,1,1,517.13,517.13,568.843,51.713,10.0
gid://shopify/LineItem/2161421942862,7381,20250324,339,3624,1,1,1,501.53,501.53,551.683,50.153,10.0
gid://shopify/LineItem/2155797774414,3375,20250321,1,3144,3,1,1,517.13,517.13,568.843,51.713,10.0
gid://shopify/LineItem/2153650847822,1717,20250319,340,3625,143,1,1,615.13,615.13,676.643,61.513,10.0
gid://shopify/LineItem/2155603787854,3214,20250321,340,3524,89,1,1,517.13,517.13,568.843,51.713,10.0
gid://shopify/LineItem/2159387476046,5902,20250323,340,3626,463,1,1,615.13,615.13,676.643,61.513,10.0
gid://shopify/LineItem/2160269983822,6429,20250324,340,3627,185,1,1,517.13,517.13,568.843,51.713,10.0
gid://shopify/LineItem/2151842840654,464,20250318,340,3628,84,1,1,501.53,501.53,551.683,50.153,10.0
gid://shopify/LineItem/2152344944718,790,20250318,340,3629,252,1,1,571.93,571.93,629.123,57.193,10.0
gid://shopify/LineItem/2153425469518,1506,20250319,340,128,439,1,1,571.13,571.13,628.243,57.113,10.0
gid://shopify/LineItem/2154357227598,2109,20250320,340,821,342,1,1,501.53,501.53,551.683,50.153,10.0
gid://shopify/LineItem/2156832981070,4159,20250322,340,3630,26,1,1,563.93,563.93,620.323,56.393,10.0
gid://shopify/LineItem/2160285122638,6458,20250324,340,53,31,1,1,501.53,501.53,551.683,50.153,10.0
gid://shopify/LineItem/2152978448462,1101,20250319,674,3631,445,1,1,517.53,517.53,569.283,51.753,10.0
gid://shopify/LineItem/2161233002574,7263,20250324,674,3632,16,1,1,537.13,537.13,590.843,53.713,10.0
gid://shopify/LineItem/2152484569166,880,20250318,384,2169,189,1,1,625.13,625.13,687.643,62.513,10.0
gid://shopify/LineItem/2159961604174,6243,20250324,384,3633,206,1,1,615.13,615.13,676.643,61.513,10.0
gid://shopify/LineItem/2152060911694,616,20250318,384,2883,108,1,1,563.93,563.93,620.323,56.393,10.0
gid://shopify/LineItem/2155171119182,3006,20250320,384,3634,134,1,1,571.93,571.93,629.123,57.193,10.0
gid://shopify/LineItem/2155251990606,3090,20250320,384,1035,72,1,1,509.53,509.53,560.483,50.953,10.0
gid://shopify/LineItem/2156619497550,4057,20250321,384,3635,113,1,1,587.93,587.93,646.723,58.793,10.0
gid://shopify/LineItem/2153874325582,1918,20250319,385,308,143,1,1,501.53,501.53,551.683,50.153,10.0
gid://shopify/LineItem/2161038295118,7101,20250324,385,3636,202,1,1,585.13,585.13,643.643,58.513,10.0
gid://shopify/LineItem/2155481301070,3201,20250321,1,3637,104,1,1,585.13,585.13,643.643,58.513,10.0
gid://shopify/LineItem/2152048033870,603,20250318,497,1547,87,1,1,674.33,674.33,741.763,67.433,10.0
gid://shopify/LineItem/2157327286350,4620,20250322,497,3638,269,1,1,595.93,595.93,655.523,59.593,10.0
gid://shopify/LineItem/2151634501710,288,20250318,498,344,122,1,1,517.13,517.13,568.843,51.713,10.0
gid://shopify/LineItem/2152000159822,569,20250318,498,1904,163,1,1,517.13,517.13,568.843,51.713,10.0
gid://shopify/LineItem/2151150583886,7,20250318,498,3639,38,1,1,579.93,579.93,637.923,57.993,10.0
gid://shopify/LineItem/2156327796814,3813,20250321,485,3640,69,1,1,693.13,693.13,762.443,69.313,10.0
gid://shopify/LineItem/2160337551438,6517,20250324,485,3641,239,1,1,527.13,527.13,579.843,52.713,10.0
gid://shopify/LineItem/2153933537358,1949,20250319,499,3642,70,1,1,527.13,527.13,579.843,52.713,10.0
gid://shopify/LineItem/2155973115982,3528,20250321,499,1476,3,1,1,615.13,615.13,676.643,61.513,10.0
gid://shopify/LineItem/2157320470606,4612,20250322,341,3093,245,1,1,579.93,579.93,637.923,57.993,10.0
gid://shopify/LineItem/2159308505166,5844,20250323,343,1457,170,1,1,517.13,517.13,568.843,51.713,10.0
gid://shopify/LineItem/2152230518862,724,20250318,343,3643,106,1,1,643.93,643.93,708.323,64.393,10.0
gid://shopify/LineItem/2154923229262,2736,20250320,343,1128,13,1,1,501.53,501.53,551.683,50.153,10.0
gid://shopify/LineItem/2153367273550,1454,20250319,386,683,216,1,1,713.13,713.13,784.443,71.313,10.0
gid://shopify/LineItem/2153299214414,1412,20250319,386,1437,16,1,1,517.53,517.53,569.283,51.753,10.0
gid://shopify/LineItem/2154772660302,2594,20250320,292,1688,359,1,1,527.13,527.13,579.843,52.713,10.0
gid://shopify/LineItem/2152944402510,1065,20250319,344,737,198,1,1,517.53,517.53,569.283,51.753,10.0
gid://shopify/LineItem/2156267077710,3779,20250321,345,1158,204,1,1,595.13,595.13,654.643,59.513,10.0
gid://shopify/LineItem/2157690585166,4940,20250322,840,1559,180,1,1,571.93,571.93,629.123,57.193,10.0
gid://shopify/LineItem/2157017563214,4236,20250322,474,3378,39,1,1,625.13,625.13,687.643,62.513,10.0
gid://shopify/LineItem/2160961716302,7044,20250324,502,2392,53,1,1,517.13,517.13,568.843,51.713,10.0
gid://shopify/LineItem/2154957668430,2778,20250320,503,283,8,1,1,537.13,537.13,590.843,53.713,10.0
gid://shopify/LineItem/2153514565710,1578,20250319,504,3644,139,1,1,605.13,605.13,665.643,60.513,10.0
gid://shopify/LineItem/2156568772686,4027,20250321,504,3645,90,1,1,605.13,605.13,665.643,60.513,10.0
gid://shopify/LineItem/2161162944590,7199,20250324,504,3646,395,1,1,517.13,517.13,568.843,51.713,10.0
gid://shopify/LineItem/2154679730254,2482,20250320,506,1610,390,1,1,527.13,527.13,579.843,52.713,10.0
gid://shopify/LineItem/2153653829710,1720,20250319,506,3647,80,1,1,571.93,571.93,629.123,57.193,10.0
gid://shopify/LineItem/2153766879310,1838,20250319,507,1797,38,1,1,579.93,579.93,637.923,57.993,10.0
gid://shopify/LineItem/2155091296334,2936,20250320,841,2011,55,1,1,527.13,527.13,579.843,52.713,10.0
gid://shopify/LineItem/2153645277262,1707,20250319,294,2275,126,1,1,831.13,831.13,914.243,83.113,10.0
gid://shopify/LineItem/2152865792078,994,20250319,294,3648,102,1,1,517.53,517.53,569.283,51.753,10.0
gid://shopify/LineItem/2153017737294,1138,20250319,294,3140,388,1,1,517.53,517.53,569.283,51.753,10.0
gid://shopify/LineItem/2151854243918,472,20250318,294,2320,163,1,1,537.13,537.13,590.843,53.713,10.0
gid://shopify/LineItem/2156271075406,3783,20250321,294,2816,17,1,1,733.13,733.13,806.443,73.313,10.0
gid://shopify/LineItem/2157334888526,4628,20250322,294,3649,204,1,1,635.13,635.13,698.643,63.513,10.0
gid://shopify/LineItem/2153215852622,1331,20250319,294,3650,5,1,1,595.93,595.93,655.523,59.593,10.0
gid://shopify/LineItem/2157084442702,4344,20250322,294,3651,61,1,1,517.53,517.53,569.283,51.753,10.0
gid://shopify/LineItem/2158000635982,5169,20250322,294,3652,39,1,1,517.53,517.53,569.283,51.753,10.0
gid://shopify/LineItem/2156642402382,4078,20250321,294,3653,105,1,1,659.63,659.63,725.593,65.963,10.0
gid://shopify/LineItem/2160817176654,6940,20250324,294,836,145,1,1,517.53,517.53,569.283,51.753,10.0
gid://shopify/LineItem/2155165581390,3001,20250320,842,2047,87,1,1,713.13,713.13,784.443,71.313,10.0
gid://shopify/LineItem/2153817899086,1877,20250319,475,852,19,1,1,548.73,548.73,603.603,54.873,10.0
gid://shopify/LineItem/2154339270734,2086,20250320,294,294,282,1,1,537.13,537.13,590.843,53.713,10.0
gid://shopify/LineItem/2154667901006,2472,20250320,294,601,45,1,1,537.13,537.13,590.843,53.713,10.0
gid://shopify/LineItem/2158095827022,5230,20250322,294,2625,40,1,1,537.13,537.13,590.843,53.713,10.0
gid://shopify/LineItem/2153266184270,1376,20250319,294,3654,279,1,1,634.33,634.33,697.763,63.433,10.0
gid://shopify/LineItem/2153656025166,1724,20250319,294,2018,133,1,1,517.53,517.53,569.283,51.753,10.0
gid://shopify/LineItem/2154983718990,2805,20250320,294,2174,69,1,1,658.33,658.33,724.163,65.833,10.0
gid://shopify/LineItem/2155720114254,3290,20250321,294,2086,462,1,1,595.93,595.93,655.523,59.593,10.0
gid://shopify/LineItem/2158624702542,5419,20250323,294,2863,146,1,1,517.53,517.53,569.283,51.753,10.0
gid://shopify/LineItem/2159464448078,5950,20250323,294,3655,99,1,1,578.63,578.63,636.493,57.863,10.0
gid://shopify/LineItem/2160836706382,6955,20250324,294,3656,3,1,1,625.13,625.13,687.643,62.513,10.0
gid://shopify/LineItem/2160198877262,6323,20250324,388,3657,59,1,1,579.93,579.93,637.923,57.993,10.0
gid://shopify/LineItem/2157018841166,4237,20250322,1,3658,145,1,1,693.13,693.13,762.443,69.313,10.0
gid://shopify/LineItem/2159271411790,5828,20250323,509,3659,159,1,1,605.13,605.13,665.643,60.513,10.0
gid://shopify/LineItem/2153160474702,1277,20250319,294,1223,424,1,1,635.13,635.13,698.643,63.513,10.0
gid://shopify/LineItem/2158581547086,5399,20250323,294,32,218,1,1,666.33,666.33,732.963,66.633,10.0
gid://shopify/LineItem/2159667937358,6083,20250323,793,3660,55,1,1,625.13,625.13,687.643,62.513,10.0
gid://shopify/LineItem/2152933785678,1053,20250319,843,977,129,1,1,517.53,517.53,569.283,51.753,10.0
gid://shopify/LineItem/2151909949518,512,20250318,20,3661,16,1,1,497.13,497.13,546.843,49.713,10.0
gid://shopify/LineItem/2154461528142,2250,20250320,20,2250,189,1,1,497.13,497.13,546.843,49.713,10.0
gid://shopify/LineItem/2156000444494,3551,20250321,20,1831,60,1,1,497.13,497.13,546.843,49.713,10.0
gid://shopify/LineItem/2160844570702,6957,20250324,177,226,451,1,1,907.13,907.13,997.843,90.713,10.0
gid://shopify/LineItem/2153166602318,1286,20250319,20,1565,339,1,1,586.33,586.33,644.963,58.633,10.0
gid://shopify/LineItem/2155113676878,2955,20250320,20,2986,176,1,1,531.93,531.93,585.123,53.193,10.0
gid://shopify/LineItem/2160435691598,6600,20250324,177,1768,32,1,1,497.13,497.13,546.843,49.713,10.0
gid://shopify/LineItem/2157491454030,4767,20250322,177,3662,87,1,1,578.33,578.33,636.163,57.833,10.0
gid://shopify/LineItem/2153727426638,1796,20250319,177,3631,197,1,1,497.13,497.13,546.843,49.713,10.0
gid://shopify/LineItem/2155797610574,3374,20250321,20,3663,29,1,1,555.13,555.13,610.643,55.513,10.0
gid://shopify/LineItem/2155886215246,3454,20250321,510,2687,50,1,1,509.53,509.53,560.483,50.953,10.0
gid://shopify/LineItem/2155475796046,3198,20250321,177,2661,33,1,1,531.93,531.93,585.123,53.193,10.0
gid://shopify/LineItem/2160204644430,6333,20250324,346,3664,141,1,1,625.13,625.13,687.643,62.513,10.0
gid://shopify/LineItem/2160993337422,7071,20250324,20,1241,11,1,1,485.53,485.53,534.083,48.553,10.0
gid://shopify/LineItem/2155733188686,3304,20250321,844,3665,306,1,1,605.13,605.13,665.643,60.513,10.0
gid://shopify/LineItem/2157220069454,4510,20250322,177,1159,476,1,1,517.13,517.13,568.843,51.713,10.0
gid://shopify/LineItem/2154542825550,2349,20250320,177,810,100,1,1,517.13,517.13,568.843,51.713,10.0
gid://shopify/LineItem/2157067763790,4316,20250322,177,3666,299,1,1,517.13,517.13,568.843,51.713,10.0
gid://shopify/LineItem/2159549349966,6009,20250323,177,2051,59,1,1,517.13,517.13,568.843,51.713,10.0
gid://shopify/LineItem/2153384214606,1465,20250319,177,283,232,1,1,579.93,579.93,637.923,57.993,10.0
gid://shopify/LineItem/2154946461774,2764,20250320,177,3100,42,1,1,540.73,540.73,594.803,54.073,10.0
gid://shopify/LineItem/2157193101390,4482,20250322,177,248,252,1,1,517.13,517.13,568.843,51.713,10.0
gid://shopify/LineItem/2158668349518,5448,20250323,177,3667,114,1,1,575.13,575.13,632.643,57.513,10.0
gid://shopify/LineItem/2159005302862,5647,20250323,177,856,16,1,1,615.13,615.13,676.643,61.513,10.0
gid://shopify/LineItem/2159716827214,6121,20250323,177,219,271,1,1,893.53,893.53,982.883,89.353,10.0
gid://shopify/LineItem/2154409001038,2182,20250320,177,2434,174,1,1,517.13,517.13,568.843,51.713,10.0
gid://shopify/LineItem/2157670662222,4921,20250322,177,3668,8,1,1,713.13,713.13,784.443,71.313,10.0
gid://shopify/LineItem/2160379691086,6561,20250324,179,3669,173,1,1,522.43,522.43,574.673,52.243,10.0
gid://shopify/LineItem/2153759866958,1829,20250319,179,3670,173,1,1,537.13,537.13,590.843,53.713,10.0
gid://shopify/LineItem/2151825571918,445,20250318,179,3070,54,1,1,595.93,595.93,655.523,59.593,10.0
gid://shopify/LineItem/2154814111822,2644,20250320,179,2548,58,1,1,595.93,595.93,655.523,59.593,10.0
gid://shopify/LineItem/2159011856462,5655,20250323,179,3671,108,1,1,595.93,595.93,655.523,59.593,10.0
gid://shopify/LineItem/2155932483662,3503,20250321,179,3672,93,1,1,537.13,537.13,590.843,53.713,10.0
gid://shopify/LineItem/2151560249422,216,20250318,179,609,11,1,1,586.13,586.13,644.743,58.613,10.0
gid://shopify/LineItem/2155970625614,3525,20250321,20,3673,43,1,1,547.13,547.13,601.843,54.713,10.0
gid://shopify/LineItem/2158787690574,5498,20250323,20,2054,215,1,1,723.13,723.13,795.443,72.313,10.0
gid://shopify/LineItem/2151375142990,52,20250318,673,115,74,1,1,791.13,791.13,870.243,79.113,10.0
gid://shopify/LineItem/2157335576654,4630,20250322,673,3413,40,1,1,733.13,733.13,806.443,73.313,10.0
gid://shopify/LineItem/2155002363982,2829,20250320,673,3674,194,1,1,712.73,712.73,784.003,71.273,10.0
gid://shopify/LineItem/2154460741710,2248,20250320,390,3675,191,1,1,671.13,671.13,738.243,67.113,10.0
gid://shopify/LineItem/2159548792910,6008,20250323,392,3676,115,1,1,464.13,464.13,510.543,46.413,10.0
gid://shopify/LineItem/2158854766670,5535,20250323,392,1348,200,1,1,571.13,571.13,628.243,57.113,10.0
gid://shopify/LineItem/2157292388430,4587,20250322,392,3677,83,1,1,679.13,679.13,747.043,67.913,10.0
gid://shopify/LineItem/2153727393870,1795,20250319,20,3678,121,1,1,567.13,567.13,623.843,56.713,10.0
gid://shopify/LineItem/2155918295118,3493,20250321,20,3679,1,1,1,541.53,541.53,595.683,54.153,10.0
gid://shopify/LineItem/2153904832590,1933,20250319,1,3680,19,1,1,483.33,483.33,531.663,48.333,10.0
gid://shopify/LineItem/2158940815438,5599,20250323,177,3681,24,1,1,869.53,869.53,956.483,86.953,10.0
gid://shopify/LineItem/2156415221838,3898,20250321,2,3528,69,1,1,618.33,618.33,680.163,61.833,10.0
gid://shopify/LineItem/2161386651726,7354,20250324,1,3682,475,1,1,585.13,585.13,643.643,58.513,10.0
gid://shopify/LineItem/2153027534926,1146,20250319,20,552,405,1,1,625.13,625.13,687.643,62.513,10.0
gid://shopify/LineItem/2160464887886,6631,20250324,20,2911,315,1,1,571.93,571.93,629.123,57.193,10.0
gid://shopify/LineItem/2159696183374,6110,20250323,513,3683,326,1,1,547.13,547.13,601.843,54.713,10.0
gid://shopify/LineItem/2160224665678,6358,20250324,513,3684,59,1,1,525.53,525.53,578.083,52.553,10.0
gid://shopify/LineItem/2160277553230,6445,20250324,513,3685,216,1,1,525.53,525.53,578.083,52.553,10.0
gid://shopify/LineItem/2153989734478,1990,20250319,1,2247,87,1,1,611.93,611.93,673.123,61.193,10.0
gid://shopify/LineItem/2154351820878,2104,20250320,514,3686,204,1,1,517.13,517.13,568.843,51.713,10.0
gid://shopify/LineItem/2159832203342,6193,20250323,514,3687,32,1,1,517.13,517.13,568.843,51.713,10.0
gid://shopify/LineItem/2160648585294,6796,20250324,845,1634,84,1,1,547.13,547.13,601.843,54.713,10.0
gid://shopify/LineItem/2160644554830,6790,20250324,845,1221,136,1,1,525.53,525.53,578.083,52.553,10.0
gid://shopify/LineItem/2160639180878,6784,20250324,177,1340,336,1,1,586.13,586.13,644.743,58.613,10.0
gid://shopify/LineItem/2154548363342,2357,20250320,846,2961,258,1,1,615.13,615.13,676.643,61.513,10.0
gid://shopify/LineItem/2156269535310,3782,20250321,20,3688,8,1,1,567.13,567.13,623.843,56.713,10.0
gid://shopify/LineItem/2160348856398,6530,20250324,516,874,422,1,1,572.63,572.63,629.893,57.263,10.0
gid://shopify/LineItem/2161073258574,7129,20250324,1,3689,222,1,1,643.93,643.93,708.323,64.393,10.0
gid://shopify/LineItem/2153488646222,1549,20250319,1,3690,294,1,1,597.13,597.13,656.843,59.713,10.0
gid://shopify/LineItem/2155691507790,3269,20250321,380,3691,31,1,1,685.13,685.13,753.643,68.513,10.0
gid://shopify/LineItem/2151772684366,395,20250318,380,2960,122,1,1,587.13,587.13,645.843,58.713,10.0
gid://shopify/LineItem/2157175308366,4466,20250322,380,2069,100,1,1,683.93,683.93,752.323,68.393,10.0
gid://shopify/LineItem/2161173626958,7211,20250324,1,1319,50,1,1,565.53,565.53,622.083,56.553,10.0
gid://shopify/LineItem/2160961585230,7043,20250324,380,3692,74,1,1,655.13,655.13,720.643,65.513,10.0
gid://shopify/LineItem/2156439470158,3918,20250321,301,3693,453,1,1,604.13,604.13,664.543,60.413,10.0
gid://shopify/LineItem/2156445368398,3926,20250321,301,3694,278,1,1,571.93,571.93,629.123,57.193,10.0
gid://shopify/LineItem/2151820886094,441,20250318,1,3695,11,1,1,556.13,556.13,611.743,55.613,10.0
gid://shopify/LineItem/2154556260430,2367,20250320,301,3696,76,1,1,556.13,556.13,611.743,55.613,10.0
gid://shopify/LineItem/2153606905934,1674,20250319,1,1369,70,1,1,527.13,527.13,579.843,52.713,10.0
gid://shopify/LineItem/2157965574222,5145,20250322,177,3697,88,1,1,566.13,566.13,622.743,56.613,10.0
gid://shopify/LineItem/2160931209294,7018,20250324,177,2429,145,1,1,501.53,501.53,551.683,50.153,10.0
gid://shopify/LineItem/2154877452366,2688,20250320,20,217,192,1,1,517.13,517.13,568.843,51.713,10.0
gid://shopify/LineItem/2155094573134,2938,20250320,20,3698,18,1,1,566.13,566.13,622.743,56.613,10.0
gid://shopify/LineItem/2152207908942,716,20250318,177,2520,16,1,1,517.13,517.13,568.843,51.713,10.0
gid://shopify/LineItem/2157583073358,4835,20250322,847,3651,127,1,1,603.93,603.93,664.323,60.393,10.0
gid://shopify/LineItem/2158930821198,5596,20250323,663,3699,85,1,1,556.13,556.13,611.743,55.613,10.0
gid://shopify/LineItem/2154413391950,2187,20250320,1,397,57,1,1,615.13,615.13,676.643,61.513,10.0
gid://shopify/LineItem/2155154505806,2994,20250320,1,3700,446,1,1,576.13,576.13,633.743,57.613,10.0
gid://shopify/LineItem/2153921249358,1941,20250319,848,3701,446,1,1,536.13,536.13,589.743,53.613,10.0
gid://shopify/LineItem/2155110826062,2952,20250320,301,2168,59,1,1,478.13,478.13,525.943,47.813,10.0
gid://shopify/LineItem/2152977236046,1098,20250319,836,1318,52,1,1,536.13,536.13,589.743,53.613,10.0
gid://shopify/LineItem/2152865988686,995,20250319,521,3702,224,1,1,522.13,522.13,574.343,52.213,10.0
gid://shopify/LineItem/2156370067534,3846,20250321,849,2385,16,1,1,537.13,537.13,590.843,53.713,10.0
gid://shopify/LineItem/2157508558926,4780,20250322,850,2743,44,1,1,482.63,482.63,530.893,48.263,10.0
gid://shopify/LineItem/2158861680718,5542,20250323,1,1090,32,1,1,576.13,576.13,633.743,57.613,10.0
gid://shopify/LineItem/2154707255374,2512,20250320,1,2087,347,1,1,548.73,548.73,603.603,54.873,10.0
gid://shopify/LineItem/2154735665230,2550,20250320,20,337,158,1,1,517.13,517.13,568.843,51.713,10.0
gid://shopify/LineItem/2153945333838,1956,20250319,20,332,106,1,1,517.13,517.13,568.843,51.713,10.0
gid://shopify/LineItem/2154960158798,2782,20250320,1,3703,23,1,1,477.13,477.13,524.843,47.713,10.0
gid://shopify/LineItem/2157030080590,4258,20250322,46,3292,46,1,1,497.13,497.13,546.843,49.713,10.0
gid://shopify/LineItem/2156998787150,4205,20250322,301,2485,119,1,1,683.13,683.13,751.443,68.313,10.0
gid://shopify/LineItem/2161113759822,7161,20250324,177,2264,252,1,1,605.13,605.13,665.643,60.513,10.0
gid://shopify/LineItem/2155131404366,2967,20250320,177,3704,29,1,1,688.13,688.13,756.943,68.813,10.0
gid://shopify/LineItem/2153455452238,1526,20250319,1,3705,411,1,1,615.13,615.13,676.643,61.513,10.0
gid://shopify/LineItem/2155237179470,3076,20250320,177,1495,50,1,1,688.73,688.73,757.603,68.873,10.0
gid://shopify/LineItem/2159421587534,5926,20250323,1,3706,145,1,1,571.13,571.13,628.243,57.113,10.0
gid://shopify/LineItem/2154526244942,2338,20250320,1,1512,92,1,1,517.13,517.13,568.843,51.713,10.0
gid://shopify/LineItem/2160428286030,6594,20250324,1,248,207,1,1,477.13,477.13,524.843,47.713,10.0
gid://shopify/LineItem/2157474447438,4751,20250322,46,2338,8,1,1,497.13,497.13,546.843,49.713,10.0
gid://shopify/LineItem/2153380020302,1460,20250319,395,3707,224,1,1,593.13,593.13,652.443,59.313,10.0
gid://shopify/LineItem/2160493527118,6664,20250324,177,961,53,1,1,615.13,615.13,676.643,61.513,10.0
gid://shopify/LineItem/2158102347854,5235,20250322,1,3707,40,1,1,501.53,501.53,551.683,50.153,10.0
gid://shopify/LineItem/2156946948174,4174,20250322,1,3708,8,1,1,517.13,517.13,568.843,51.713,10.0
gid://shopify/LineItem/2157650608206,4896,20250322,1,3709,193,1,1,497.13,497.13,546.843,49.713,10.0
gid://shopify/LineItem/2157070188622,4321,20250322,1,3710,53,1,1,563.93,563.93,620.323,56.393,10.0
gid://shopify/LineItem/2153398337614,1478,20250319,1,2218,16,1,1,555.13,555.13,610.643,55.513,10.0
gid://shopify/LineItem/2153789521998,1860,20250319,1,2599,16,1,1,477.13,477.13,524.843,47.713,10.0
gid://shopify/LineItem/2153125609550,1246,20250319,301,119,417,1,1,555.13,555.13,610.643,55.513,10.0
gid://shopify/LineItem/2156105859150,3638,20250321,1,3711,274,1,1,535.13,535.13,588.643,53.513,10.0
gid://shopify/LineItem/2153984753742,1986,20250319,179,3712,173,1,1,537.13,537.13,590.843,53.713,10.0
gid://shopify/LineItem/2158116962382,5241,20250322,528,3713,151,1,1,493.53,493.53,542.883,49.353,10.0
gid://shopify/LineItem/2151538065486,191,20250318,20,3714,179,1,1,537.13,537.13,590.843,53.713,10.0
gid://shopify/LineItem/2160317399118,6490,20250324,21,3135,1,1,1,517.53,517.53,569.283,51.753,10.0
gid://shopify/LineItem/2153515679822,1580,20250319,530,3715,342,1,1,527.13,527.13,579.843,52.713,10.0
gid://shopify/LineItem/2155687018574,3262,20250321,1,3716,19,1,1,555.13,555.13,610.643,55.513,10.0
gid://shopify/LineItem/2160418029646,6584,20250324,21,3717,233,1,1,537.13,537.13,590.843,53.713,10.0
gid://shopify/LineItem/2158704230478,5462,20250323,21,2197,46,1,1,595.93,595.93,655.523,59.593,10.0
gid://shopify/LineItem/2157021102158,4242,20250322,188,3718,100,1,1,537.13,537.13,590.843,53.713,10.0
gid://shopify/LineItem/2156025544782,3580,20250321,182,3551,105,1,1,527.13,527.13,579.843,52.713,10.0
gid://shopify/LineItem/2161392877646,7361,20250324,20,3719,17,1,1,497.13,497.13,546.843,49.713,10.0
gid://shopify/LineItem/2157928054862,5111,20250322,20,146,19,1,1,485.53,485.53,534.083,48.553,10.0
gid://shopify/LineItem/2160788570190,6917,20250324,20,3720,1,1,1,497.13,497.13,546.843,49.713,10.0
gid://shopify/LineItem/2152475263054,877,20250318,179,327,204,1,1,537.13,537.13,590.843,53.713,10.0
gid://shopify/LineItem/2155915739214,3489,20250321,179,3721,308,1,1,723.13,723.13,795.443,72.313,10.0
gid://shopify/LineItem/2154038034510,2009,20250319,179,3722,35,1,1,666.33,666.33,732.963,66.633,10.0
gid://shopify/LineItem/2156870336590,4164,20250322,179,1841,83,1,1,595.93,595.93,655.523,59.593,10.0
gid://shopify/LineItem/2159752413262,6150,20250323,177,3460,224,1,1,485.53,485.53,534.083,48.553,10.0
gid://shopify/LineItem/2153557393486,1626,20250319,188,3723,73,1,1,537.13,537.13,590.843,53.713,10.0
gid://shopify/LineItem/2157401407566,4694,20250322,21,2813,87,1,1,625.13,625.13,687.643,62.513,10.0
gid://shopify/LineItem/2157644841038,4893,20250322,21,1021,163,1,1,527.13,527.13,579.843,52.713,10.0
gid://shopify/LineItem/2154548920398,2358,20250320,177,2473,215,1,1,497.13,497.13,546.843,49.713,10.0
gid://shopify/LineItem/2155223154766,3062,20250320,20,3724,5,1,1,497.13,497.13,546.843,49.713,10.0
gid://shopify/LineItem/2155215290446,3055,20250320,20,822,107,1,1,485.53,485.53,534.083,48.553,10.0
gid://shopify/LineItem/2160577740878,6734,20250324,851,266,215,1,1,563.93,563.93,620.323,56.393,10.0
gid://shopify/LineItem/2155147067470,2984,20250320,174,3725,145,1,1,571.13,571.13,628.243,57.113,10.0
gid://shopify/LineItem/2156037537870,3593,20250321,20,208,477,1,1,493.53,493.53,542.883,49.353,10.0
gid://shopify/LineItem/2157514489934,4784,20250322,179,3726,44,1,1,579.93,579.93,637.923,57.993,10.0
gid://shopify/LineItem/2160286105678,6461,20250324,20,3727,102,1,1,509.53,509.53,560.483,50.953,10.0
gid://shopify/LineItem/2160540319822,6706,20250324,20,3728,347,1,1,509.53,509.53,560.483,50.953,10.0
gid://shopify/LineItem/2159638020174,6059,20250323,21,388,26,1,1,537.13,537.13,590.843,53.713,10.0
gid://shopify/LineItem/2151572471886,230,20250318,44,3729,240,1,1,537.13,537.13,590.843,53.713,10.0
gid://shopify/LineItem/2160669163598,6810,20250324,44,3730,401,1,1,517.53,517.53,569.283,51.753,10.0
gid://shopify/LineItem/2157078675534,4339,20250322,1,1624,182,1,1,497.13,497.13,546.843,49.713,10.0
gid://shopify/LineItem/2151502544974,142,20250318,182,3731,215,1,1,537.13,537.13,590.843,53.713,10.0
gid://shopify/LineItem/2154050256974,2013,20250319,182,720,145,1,1,517.53,517.53,569.283,51.753,10.0
gid://shopify/LineItem/2154905632846,2718,20250320,182,3556,17,1,1,517.53,517.53,569.283,51.753,10.0
gid://shopify/LineItem/2159737667662,6137,20250323,182,3732,364,1,1,517.53,517.53,569.283,51.753,10.0
gid://shopify/LineItem/2152320532558,777,20250318,179,1049,145,1,1,595.93,595.93,655.523,59.593,10.0
gid://shopify/LineItem/2161215144014,7249,20250324,179,3733,290,1,1,517.53,517.53,569.283,51.753,10.0
gid://shopify/LineItem/2160594518094,6749,20250324,20,3716,193,1,1,635.13,635.13,698.643,63.513,10.0
gid://shopify/LineItem/2153862332494,1911,20250319,1,612,26,1,1,497.13,497.13,546.843,49.713,10.0
gid://shopify/LineItem/2160684564558,6822,20250324,1,830,10,1,1,485.53,485.53,534.083,48.553,10.0
gid://shopify/LineItem/2153081438286,1205,20250319,44,3734,218,1,1,571.93,571.93,629.123,57.193,10.0
gid://shopify/LineItem/2161079910478,7136,20250324,21,2042,346,1,1,537.13,537.13,590.843,53.713,10.0
gid://shopify/LineItem/2161236967502,7270,20250324,21,467,122,1,1,665.13,665.13,731.643,66.513,10.0
gid://shopify/LineItem/2159445278798,5940,20250323,21,3462,178,1,1,517.53,517.53,569.283,51.753,10.0
gid://shopify/LineItem/2157033390158,4266,20250322,188,3735,19,1,1,537.13,537.13,590.843,53.713,10.0
gid://shopify/LineItem/2155158306894,2997,20250320,188,1159,123,1,1,517.53,517.53,569.283,51.753,10.0
gid://shopify/LineItem/2158716780622,5466,20250323,21,3736,57,1,1,635.13,635.13,698.643,63.513,10.0
gid://shopify/LineItem/2159448621134,5941,20250323,21,3438,364,1,1,579.93,579.93,637.923,57.993,10.0
gid://shopify/LineItem/2159198896206,5775,20250323,179,1781,76,1,1,517.53,517.53,569.283,51.753,10.0
gid://shopify/LineItem/2161155768398,7194,20250324,179,1809,306,1,1,959.13,959.13,1055.043,95.913,10.0
gid://shopify/LineItem/2155321884750,3128,20250320,188,251,53,1,1,763.13,763.13,839.443,76.313,10.0
gid://shopify/LineItem/2155779915854,3352,20250321,188,2630,200,1,1,537.13,537.13,590.843,53.713,10.0
gid://shopify/LineItem/2154772824142,2595,20250320,188,3737,37,1,1,517.53,517.53,569.283,51.753,10.0
gid://shopify/LineItem/2157651394638,4899,20250322,20,164,43,1,1,485.53,485.53,534.083,48.553,10.0
gid://shopify/LineItem/2157654016078,4905,20250322,20,3738,16,1,1,497.13,497.13,546.843,49.713,10.0
gid://shopify/LineItem/2151461814350,114,20250318,179,848,360,1,1,537.13,537.13,590.843,53.713,10.0
gid://shopify/LineItem/2154473750606,2262,20250320,179,2388,80,1,1,587.93,587.93,646.723,58.793,10.0
gid://shopify/LineItem/2161147773006,7183,20250324,177,3739,43,1,1,577.13,577.13,634.843,57.713,10.0
gid://shopify/LineItem/2158948974670,5604,20250323,299,3740,41,1,1,517.53,517.53,569.283,51.753,10.0
gid://shopify/LineItem/2161225171022,7257,20250324,299,2866,244,1,1,537.13,537.13,590.843,53.713,10.0
gid://shopify/LineItem/2157608599630,4861,20250322,188,3741,81,1,1,635.13,635.13,698.643,63.513,10.0
gid://shopify/LineItem/2159500755022,5978,20250323,188,3297,156,1,1,517.53,517.53,569.283,51.753,10.0
gid://shopify/LineItem/2160628531278,6778,20250324,188,3742,15,1,1,517.53,517.53,569.283,51.753,10.0
gid://shopify/LineItem/2158041202766,5202,20250322,852,3743,41,1,1,555.13,555.13,610.643,55.513,10.0
gid://shopify/LineItem/2160291020878,6469,20250324,20,3744,39,1,1,497.13,497.13,546.843,49.713,10.0
gid://shopify/LineItem/2151545929806,203,20250318,20,3745,77,1,1,625.13,625.13,687.643,62.513,10.0
gid://shopify/LineItem/2151825244238,444,20250318,20,3746,478,1,1,605.13,605.13,665.643,60.513,10.0
gid://shopify/LineItem/2157231341646,4523,20250322,20,3747,172,1,1,575.13,575.13,632.643,57.513,10.0
gid://shopify/LineItem/2157846888526,5037,20250322,20,656,27,1,1,595.13,595.13,654.643,59.513,10.0
gid://shopify/LineItem/2153563652174,1636,20250319,20,495,19,1,1,618.33,618.33,680.163,61.833,10.0
gid://shopify/LineItem/2153673097294,1739,20250319,20,2041,154,1,1,642.33,642.33,706.563,64.233,10.0
gid://shopify/LineItem/2154077519950,2032,20250319,20,3748,105,1,1,664.73,664.73,731.203,66.473,10.0
gid://shopify/LineItem/2154752802894,2570,20250320,398,3222,173,1,1,555.13,555.13,610.643,55.513,10.0
gid://shopify/LineItem/2151984496718,559,20250318,44,3749,216,1,1,674.33,674.33,741.763,67.433,10.0
gid://shopify/LineItem/2153763110990,1834,20250319,44,3750,479,1,1,674.33,674.33,741.763,67.433,10.0
gid://shopify/LineItem/2153323692110,1432,20250319,301,3751,232,1,1,861.13,861.13,947.243,86.113,10.0
gid://shopify/LineItem/2156370985038,3850,20250321,21,3752,1,1,1,517.53,517.53,569.283,51.753,10.0
gid://shopify/LineItem/2161349427278,7338,20250324,21,2219,10,1,1,537.13,537.13,590.843,53.713,10.0
gid://shopify/LineItem/2155652546638,3237,20250321,44,2299,21,1,1,537.13,537.13,590.843,53.713,10.0
gid://shopify/LineItem/2155277615182,3101,20250320,177,2818,118,1,1,689.03,689.03,757.933,68.903,10.0
gid://shopify/LineItem/2152308441166,767,20250318,1,3275,92,1,1,527.13,527.13,579.843,52.713,10.0
gid://shopify/LineItem/2154986274894,2809,20250320,536,3753,16,1,1,497.13,497.13,546.843,49.713,10.0
gid://shopify/LineItem/2157105709134,4374,20250322,21,896,369,1,1,659.63,659.63,725.593,65.963,10.0
gid://shopify/LineItem/2153278210126,1399,20250319,179,824,53,1,1,517.53,517.53,569.283,51.753,10.0
gid://shopify/LineItem/2153525641294,1591,20250319,179,3555,291,1,1,537.13,537.13,590.843,53.713,10.0
gid://shopify/LineItem/2153691021390,1751,20250319,179,1734,133,1,1,713.13,713.13,784.443,71.313,10.0
gid://shopify/LineItem/2154877943886,2690,20250320,179,857,80,1,1,537.13,537.13,590.843,53.713,10.0
gid://shopify/LineItem/2154965631054,2787,20250320,179,3436,8,1,1,517.53,517.53,569.283,51.753,10.0
gid://shopify/LineItem/2155286560846,3108,20250320,179,901,114,1,1,563.93,563.93,620.323,56.393,10.0
gid://shopify/LineItem/2156178899022,3699,20250321,399,2539,163,1,1,497.13,497.13,546.843,49.713,10.0
gid://shopify/LineItem/2157165936718,4453,20250322,1,3754,101,1,1,517.13,517.13,568.843,51.713,10.0
gid://shopify/LineItem/2159206170702,5776,20250323,177,1926,471,1,1,625.13,625.13,687.643,62.513,10.0
gid://shopify/LineItem/2160328179790,6508,20250324,177,3755,286,1,1,509.53,509.53,560.483,50.953,10.0
gid://shopify/LineItem/2157226360910,4517,20250322,20,5,386,1,1,595.13,595.13,654.643,59.513,10.0
gid://shopify/LineItem/2153281421390,1401,20250319,20,73,200,1,1,579.93,579.93,637.923,57.993,10.0
gid://shopify/LineItem/2157020676174,4241,20250322,20,3161,238,1,1,509.53,509.53,560.483,50.953,10.0
gid://shopify/LineItem/2154511302734,2323,20250320,20,2409,58,1,1,746.63,746.63,821.293,74.663,10.0
gid://shopify/LineItem/2159696805966,6111,20250323,21,3756,24,1,1,537.13,537.13,590.843,53.713,10.0
gid://shopify/LineItem/2153699082318,1761,20250319,44,1334,27,1,1,733.13,733.13,806.443,73.313,10.0
gid://shopify/LineItem/2157156040782,4441,20250322,21,3595,286,1,1,537.13,537.13,590.843,53.713,10.0
gid://shopify/LineItem/2159242674254,5805,20250323,21,948,224,1,1,537.13,537.13,590.843,53.713,10.0
gid://shopify/LineItem/2152981200974,1106,20250319,1,3713,232,1,1,497.13,497.13,546.843,49.713,10.0
gid://shopify/LineItem/2152994013262,1119,20250319,1,3757,5,1,1,497.13,497.13,546.843,49.713,10.0
gid://shopify/LineItem/2153888055374,1927,20250319,182,1226,163,1,1,635.13,635.13,698.643,63.513,10.0
gid://shopify/LineItem/2152984903758,1110,20250319,182,1966,197,1,1,587.93,587.93,646.723,58.793,10.0
gid://shopify/LineItem/2154611572814,2414,20250320,179,3235,2,1,1,537.13,537.13,590.843,53.713,10.0
gid://shopify/LineItem/2155610832974,3217,20250321,179,3758,41,1,1,537.13,537.13,590.843,53.713,10.0
gid://shopify/LineItem/2153165946958,1284,20250319,179,3552,108,1,1,595.93,595.93,655.523,59.593,10.0
gid://shopify/LineItem/2159726002254,6130,20250323,179,1680,100,1,1,595.93,595.93,655.523,59.593,10.0
gid://shopify/LineItem/2160588783694,6743,20250324,179,3759,448,1,1,674.33,674.33,741.763,67.433,10.0
gid://shopify/LineItem/2156607504462,4054,20250321,540,1362,49,1,1,605.13,605.13,665.643,60.513,10.0
gid://shopify/LineItem/2155831656526,3412,20250321,540,3720,114,1,1,587.93,587.93,646.723,58.793,10.0
gid://shopify/LineItem/2155046764622,2885,20250320,401,3760,63,1,1,509.53,509.53,560.483,50.953,10.0
gid://shopify/LineItem/2155896668238,3471,20250321,814,3121,102,1,1,501.53,501.53,551.683,50.153,10.0
gid://shopify/LineItem/2157578780750,4830,20250322,541,2209,63,1,1,507.13,507.13,557.843,50.713,10.0
gid://shopify/LineItem/2159007367246,5651,20250323,542,3487,61,1,1,485.53,485.53,534.083,48.553,10.0
gid://shopify/LineItem/2158360002638,5318,20250323,402,3761,464,1,1,563.93,563.93,620.323,56.393,10.0
gid://shopify/LineItem/2157880836174,5073,20250322,403,3220,16,1,1,497.13,497.13,546.843,49.713,10.0
gid://shopify/LineItem/2157305266254,4597,20250322,404,1771,136,1,1,497.13,497.13,546.843,49.713,10.0
gid://shopify/LineItem/2157887553614,5080,20250322,404,2595,2,1,1,555.13,555.13,610.643,55.513,10.0
gid://shopify/LineItem/2160175743054,6300,20250324,1,1484,250,1,1,517.53,517.53,569.283,51.753,10.0
gid://shopify/LineItem/2160882810958,6990,20250324,177,3762,1,1,1,497.13,497.13,546.843,49.713,10.0
gid://shopify/LineItem/2157878509646,5070,20250322,21,3763,92,1,1,733.13,733.13,806.443,73.313,10.0
gid://shopify/LineItem/2160583835726,6739,20250324,21,3764,41,1,1,517.53,517.53,569.283,51.753,10.0
gid://shopify/LineItem/2157933756494,5116,20250322,21,3765,17,1,1,891.13,891.13,980.243,89.113,10.0
gid://shopify/LineItem/2156119097422,3651,20250321,188,3641,17,1,1,635.13,635.13,698.643,63.513,10.0
gid://shopify/LineItem/2158011351118,5178,20250322,188,3617,148,1,1,537.13,537.13,590.843,53.713,10.0
gid://shopify/LineItem/2160342564942,6520,20250324,188,116,163,1,1,625.13,625.13,687.643,62.513,10.0
gid://shopify/LineItem/2161044324430,7105,20250324,188,2109,302,1,1,537.13,537.13,590.843,53.713,10.0
gid://shopify/LineItem/2154443833422,2227,20250320,1,3766,40,1,1,497.13,497.13,546.843,49.713,10.0
gid://shopify/LineItem/2157105512526,4373,20250322,1,1543,1,1,1,578.33,578.33,636.163,57.833,10.0
gid://shopify/LineItem/2157690912846,4941,20250322,1,391,58,1,1,656.73,656.73,722.403,65.673,10.0
gid://shopify/LineItem/2151890813006,497,20250318,20,973,227,1,1,626.33,626.33,688.963,62.633,10.0
gid://shopify/LineItem/2154347593806,2097,20250320,20,3767,121,1,1,626.33,626.33,688.963,62.633,10.0
gid://shopify/LineItem/2161395007566,7364,20250324,20,3541,19,1,1,917.13,917.13,1008.843,91.713,10.0
gid://shopify/LineItem/2155672666190,3249,20250321,177,411,3,1,1,555.13,555.13,610.643,55.513,10.0
gid://shopify/LineItem/2156046549070,3600,20250321,177,2677,43,1,1,485.53,485.53,534.083,48.553,10.0
gid://shopify/LineItem/2157937229902,5118,20250322,177,2099,3,1,1,531.93,531.93,585.123,53.193,10.0
gid://shopify/LineItem/2153416130638,1499,20250319,299,924,83,1,1,537.13,537.13,590.843,53.713,10.0
gid://shopify/LineItem/2153236627534,1350,20250319,299,3768,282,1,1,517.53,517.53,569.283,51.753,10.0
gid://shopify/LineItem/2153646227534,1710,20250319,188,3769,92,1,1,733.13,733.13,806.443,73.313,10.0
gid://shopify/LineItem/2157430800462,4721,20250322,188,3770,244,1,1,625.13,625.13,687.643,62.513,10.0
gid://shopify/LineItem/2161370431566,7347,20250324,188,2908,145,1,1,537.13,537.13,590.843,53.713,10.0
gid://shopify/LineItem/2160220274766,6352,20250324,543,3771,68,1,1,555.13,555.13,610.643,55.513,10.0
gid://shopify/LineItem/2160249667662,6396,20250324,20,3772,173,1,1,671.13,671.13,738.243,67.113,10.0
gid://shopify/LineItem/2161319739470,7320,20250324,20,3525,150,1,1,531.93,531.93,585.123,53.193,10.0
gid://shopify/LineItem/2152446394446,858,20250318,20,1549,56,1,1,555.13,555.13,610.643,55.513,10.0
gid://shopify/LineItem/2160693018702,6833,20250324,20,3773,170,1,1,497.13,497.13,546.843,49.713,10.0
gid://shopify/LineItem/2154426564686,2210,20250320,20,1930,173,1,1,531.93,531.93,585.123,53.193,10.0
gid://shopify/LineItem/2159500329038,5977,20250323,21,1805,16,1,1,527.13,527.13,579.843,52.713,10.0
gid://shopify/LineItem/2153267855438,1380,20250319,44,970,163,1,1,563.93,563.93,620.323,56.393,10.0
gid://shopify/LineItem/2160487923790,6657,20250324,177,3774,28,1,1,531.93,531.93,585.123,53.193,10.0
gid://shopify/LineItem/2157371031630,4665,20250322,1,1406,70,1,1,497.13,497.13,546.843,49.713,10.0
gid://shopify/LineItem/2155783815246,3358,20250321,1,3775,197,1,1,648.73,648.73,713.603,64.873,10.0
gid://shopify/LineItem/2160505552974,6676,20250324,1,3776,4,1,1,531.93,531.93,585.123,53.193,10.0
gid://shopify/LineItem/2161126015054,7170,20250324,1,3132,89,1,1,485.53,485.53,534.083,48.553,10.0
gid://shopify/LineItem/2153144680526,1262,20250319,301,3777,92,1,1,693.13,693.13,762.443,69.313,10.0
gid://shopify/LineItem/2156173164622,3693,20250321,20,3778,218,1,1,555.13,555.13,610.643,55.513,10.0
gid://shopify/LineItem/2156178473038,3698,20250321,354,560,456,1,1,485.53,485.53,534.083,48.553,10.0
gid://shopify/LineItem/2156279136334,3787,20250321,354,2600,119,1,1,485.53,485.53,534.083,48.553,10.0
gid://shopify/LineItem/2153555984462,1625,20250319,20,1642,262,1,1,497.13,497.13,546.843,49.713,10.0
gid://shopify/LineItem/2157229146190,4521,20250322,20,354,178,1,1,671.13,671.13,738.243,67.113,10.0
gid://shopify/LineItem/2160370417742,6553,20250324,20,3779,219,1,1,497.13,497.13,546.843,49.713,10.0
gid://shopify/LineItem/2154927325262,2747,20250320,20,3780,160,1,1,485.53,485.53,534.083,48.553,10.0
gid://shopify/LineItem/2153523544142,1587,20250319,20,3781,347,1,1,625.13,625.13,687.643,62.513,10.0
gid://shopify/LineItem/2157338722382,4635,20250322,20,3102,244,1,1,713.13,713.13,784.443,71.313,10.0
gid://shopify/LineItem/2154699391054,2505,20250320,20,3782,176,1,1,650.33,650.33,715.363,65.033,10.0
gid://shopify/LineItem/2153776545870,1844,20250319,789,2531,399,1,1,497.13,497.13,546.843,49.713,10.0
gid://shopify/LineItem/2151402799182,68,20250318,1,3783,163,1,1,625.13,625.13,687.643,62.513,10.0
gid://shopify/LineItem/2153743810638,1815,20250319,352,2202,204,1,1,539.93,539.93,593.923,53.993,10.0
gid://shopify/LineItem/2151871578190,485,20250318,204,3097,182,1,1,507.13,507.13,557.843,50.713,10.0
gid://shopify/LineItem/2151508475982,152,20250318,204,3784,118,1,1,571.93,571.93,629.123,57.193,10.0
gid://shopify/LineItem/2154961371214,2783,20250320,20,3380,145,1,1,493.53,493.53,542.883,49.353,10.0
gid://shopify/LineItem/2155273191502,3098,20250320,545,345,288,1,1,509.53,509.53,560.483,50.953,10.0
gid://shopify/LineItem/2154385309774,2144,20250320,179,3785,1,1,1,537.13,537.13,590.843,53.713,10.0
gid://shopify/LineItem/2155041226830,2878,20250320,179,3786,13,1,1,537.13,537.13,590.843,53.713,10.0
gid://shopify/LineItem/2157117472846,4396,20250322,1,3787,76,1,1,517.13,517.13,568.843,51.713,10.0
gid://shopify/LineItem/2151775764558,399,20250318,1,1655,179,1,1,517.13,517.13,568.843,51.713,10.0
gid://shopify/LineItem/2153722871886,1790,20250319,1,3788,113,1,1,585.13,585.13,643.643,58.513,10.0
gid://shopify/LineItem/2161326129230,7325,20250324,20,3789,1,1,1,517.53,517.53,569.283,51.753,10.0
gid://shopify/LineItem/2158583677006,5400,20250323,20,1076,59,1,1,527.13,527.13,579.843,52.713,10.0
gid://shopify/LineItem/2154885185614,2697,20250320,20,476,200,1,1,587.93,587.93,646.723,58.793,10.0
gid://shopify/LineItem/2159907766350,6230,20250324,177,828,85,1,1,611.93,611.93,673.123,61.193,10.0
gid://shopify/LineItem/2151892418638,499,20250318,20,41,387,1,1,527.13,527.13,579.843,52.713,10.0
gid://shopify/LineItem/2155269390414,3097,20250320,20,3790,105,1,1,587.93,587.93,646.723,58.793,10.0
gid://shopify/LineItem/2155288756302,3109,20250320,374,2272,164,1,1,527.13,527.13,579.843,52.713,10.0
gid://shopify/LineItem/2160464986190,6632,20250324,374,32,8,1,1,509.53,509.53,560.483,50.953,10.0
gid://shopify/LineItem/2157694222414,4945,20250322,21,3791,248,1,1,517.53,517.53,569.283,51.753,10.0
gid://shopify/LineItem/2151738671182,359,20250318,44,1848,408,1,1,537.13,537.13,590.843,53.713,10.0
gid://shopify/LineItem/2158644887630,5436,20250323,44,3792,85,1,1,537.13,537.13,590.843,53.713,10.0
gid://shopify/LineItem/2152942075982,1063,20250319,1,3748,128,1,1,497.13,497.13,546.843,49.713,10.0
gid://shopify/LineItem/2153004138574,1126,20250319,1,3793,204,1,1,497.13,497.13,546.843,49.713,10.0
gid://shopify/LineItem/2153277587534,1398,20250319,1,3794,45,1,1,555.13,555.13,610.643,55.513,10.0
gid://shopify/LineItem/2153897427022,1930,20250319,1,857,176,1,1,497.13,497.13,546.843,49.713,10.0
gid://shopify/LineItem/2156822822990,4158,20250322,1,3795,153,1,1,497.13,497.13,546.843,49.713,10.0
gid://shopify/LineItem/2157149192270,4434,20250322,1,1499,86,1,1,497.13,497.13,546.843,49.713,10.0
gid://shopify/LineItem/2156280217678,3789,20250321,1,2754,3,1,1,485.53,485.53,534.083,48.553,10.0
gid://shopify/LineItem/2160284631118,6457,20250324,1,3796,1,1,1,485.53,485.53,534.083,48.553,10.0
gid://shopify/LineItem/2158013841486,5181,20250322,188,3797,296,1,1,537.13,537.13,590.843,53.713,10.0
gid://shopify/LineItem/2153711108174,1776,20250319,188,1922,53,1,1,517.53,517.53,569.283,51.753,10.0
gid://shopify/LineItem/2160808755278,6929,20250324,188,3798,5,1,1,537.13,537.13,590.843,53.713,10.0
gid://shopify/LineItem/2153208807502,1320,20250319,377,2981,39,1,1,625.13,625.13,687.643,62.513,10.0
gid://shopify/LineItem/2154734288974,2548,20250320,377,2587,257,1,1,537.13,537.13,590.843,53.713,10.0
gid://shopify/LineItem/2158976761934,5630,20250323,377,517,94,1,1,537.13,537.13,590.843,53.713,10.0
gid://shopify/LineItem/2155885494350,3453,20250321,377,882,10,1,1,595.93,595.93,655.523,59.593,10.0
gid://shopify/LineItem/2154781835342,2607,20250320,334,1740,362,1,1,527.13,527.13,579.843,52.713,10.0
gid://shopify/LineItem/2154831020110,2656,20250320,334,3799,114,1,1,527.13,527.13,579.843,52.713,10.0
gid://shopify/LineItem/2155193761870,3033,20250320,334,111,173,1,1,527.13,527.13,579.843,52.713,10.0
gid://shopify/LineItem/2156711477326,4122,20250321,334,1690,200,1,1,527.13,527.13,579.843,52.713,10.0
gid://shopify/LineItem/2154550231118,2361,20250320,334,2140,17,1,1,509.53,509.53,560.483,50.953,10.0
gid://shopify/LineItem/2156794150990,4153,20250322,334,3800,38,1,1,666.33,666.33,732.963,66.633,10.0
gid://shopify/LineItem/2157655883854,4907,20250322,334,3801,94,1,1,587.93,587.93,646.723,58.793,10.0
gid://shopify/LineItem/2153572663374,1647,20250319,328,3802,81,1,1,635.13,635.13,698.643,63.513,10.0
gid://shopify/LineItem/2154686971982,2486,20250320,328,3803,460,1,1,537.13,537.13,590.843,53.713,10.0
gid://shopify/LineItem/2158571683918,5391,20250323,328,3804,182,1,1,517.53,517.53,569.283,51.753,10.0
gid://shopify/LineItem/2156321439822,3810,20250321,183,3805,135,1,1,517.13,517.13,568.843,51.713,10.0
gid://shopify/LineItem/2157035683918,4272,20250322,1,3561,17,1,1,527.13,527.13,579.843,52.713,10.0
gid://shopify/LineItem/2156199575630,3717,20250321,1,3806,100,1,1,509.53,509.53,560.483,50.953,10.0
gid://shopify/LineItem/2151505494094,146,20250318,1,329,92,1,1,509.53,509.53,560.483,50.953,10.0
gid://shopify/LineItem/2154774102094,2598,20250320,1,3807,20,1,1,648.73,648.73,713.603,64.873,10.0
gid://shopify/LineItem/2155867045966,3439,20250321,1,3024,145,1,1,579.93,579.93,637.923,57.993,10.0
gid://shopify/LineItem/2154497114190,2296,20250320,188,3808,50,1,1,517.53,517.53,569.283,51.753,10.0
gid://shopify/LineItem/2151532265550,185,20250318,177,1143,16,1,1,643.13,643.13,707.443,64.313,10.0
gid://shopify/LineItem/2151590297678,248,20250318,177,3809,167,1,1,555.13,555.13,610.643,55.513,10.0
gid://shopify/LineItem/2160472653902,6641,20250324,177,3810,35,1,1,613.13,613.13,674.443,61.313,10.0
gid://shopify/LineItem/2160833888334,6953,20250324,188,3811,118,1,1,517.53,517.53,569.283,51.753,10.0
gid://shopify/LineItem/2154051272782,2014,20250319,405,3812,291,1,1,485.53,485.53,534.083,48.553,10.0
gid://shopify/LineItem/2158132920398,5249,20250322,20,641,162,1,1,488.43,488.43,537.273,48.843,10.0
gid://shopify/LineItem/2161173528654,7210,20250324,21,3813,72,1,1,571.93,571.93,629.123,57.193,10.0
gid://shopify/LineItem/2155886411854,3455,20250321,177,153,63,1,1,531.93,531.93,585.123,53.193,10.0
gid://shopify/LineItem/2157799702606,5003,20250322,1,3606,74,1,1,531.93,531.93,585.123,53.193,10.0
gid://shopify/LineItem/2161274880078,7300,20250324,1,2123,279,1,1,555.13,555.13,610.643,55.513,10.0
gid://shopify/LineItem/2156141379662,3670,20250321,301,2490,360,1,1,693.13,693.13,762.443,69.313,10.0
gid://shopify/LineItem/2156126502990,3656,20250321,44,3814,46,1,1,537.13,537.13,590.843,53.713,10.0
gid://shopify/LineItem/2160512958542,6683,20250324,20,3386,99,1,1,497.13,497.13,546.843,49.713,10.0
gid://shopify/LineItem/2152938995790,1061,20250319,20,2684,136,1,1,613.13,613.13,674.443,61.313,10.0
gid://shopify/LineItem/2160251568206,6402,20250324,550,3628,99,1,1,605.13,605.13,665.643,60.513,10.0
gid://shopify/LineItem/2159035940942,5670,20250323,550,3815,87,1,1,493.53,493.53,542.883,49.353,10.0
gid://shopify/LineItem/2151829569614,448,20250318,171,2875,348,1,1,497.13,497.13,546.843,49.713,10.0
gid://shopify/LineItem/2153774448718,1842,20250319,660,3816,74,1,1,497.13,497.13,546.843,49.713,10.0
gid://shopify/LineItem/2158774190158,5491,20250323,20,707,454,1,1,485.53,485.53,534.083,48.553,10.0
gid://shopify/LineItem/2159853731918,6204,20250323,20,1210,20,1,1,485.53,485.53,534.083,48.553,10.0
gid://shopify/LineItem/2153780314190,1849,20250319,551,3471,161,1,1,595.13,595.13,654.643,59.513,10.0
gid://shopify/LineItem/2154870145102,2685,20250320,551,3817,232,1,1,537.13,537.13,590.843,53.713,10.0
gid://shopify/LineItem/2155132780622,2969,20250320,551,2797,319,1,1,537.13,537.13,590.843,53.713,10.0
gid://shopify/LineItem/2160776806478,6909,20250324,551,3818,154,1,1,517.53,517.53,569.283,51.753,10.0
gid://shopify/LineItem/2157711360078,4954,20250322,552,3819,391,1,1,485.53,485.53,534.083,48.553,10.0
gid://shopify/LineItem/2160967319630,7050,20250324,552,1072,40,1,1,497.13,497.13,546.843,49.713,10.0
gid://shopify/LineItem/2152317222990,775,20250318,1,1796,133,1,1,537.13,537.13,590.843,53.713,10.0
gid://shopify/LineItem/2155786895438,3361,20250321,177,2807,27,1,1,666.33,666.33,732.963,66.633,10.0
gid://shopify/LineItem/2156642271310,4077,20250321,21,1154,62,1,1,517.53,517.53,569.283,51.753,10.0
gid://shopify/LineItem/2156717604942,4127,20250321,21,3820,50,1,1,666.33,666.33,732.963,66.633,10.0
gid://shopify/LineItem/2151816986702,435,20250318,177,576,143,1,1,539.93,539.93,593.923,53.993,10.0
gid://shopify/LineItem/2156154355790,3678,20250321,177,3821,215,1,1,539.93,539.93,593.923,53.993,10.0
gid://shopify/LineItem/2160322740302,6501,20250324,177,3822,401,1,1,485.53,485.53,534.083,48.553,10.0
gid://shopify/LineItem/2159894724686,6225,20250323,853,3823,33,1,1,517.53,517.53,569.283,51.753,10.0
gid://shopify/LineItem/2152171143246,695,20250318,553,1297,102,1,1,509.53,509.53,560.483,50.953,10.0
gid://shopify/LineItem/2155034443854,2872,20250320,1,838,99,1,1,517.13,517.13,568.843,51.713,10.0
gid://shopify/LineItem/2161408999502,7373,20250324,1,3438,122,1,1,517.13,517.13,568.843,51.713,10.0
gid://shopify/LineItem/2152971796558,1093,20250319,20,3559,210,1,1,595.93,595.93,655.523,59.593,10.0
gid://shopify/LineItem/2152957771854,1072,20250319,408,2917,298,1,1,527.13,527.13,579.843,52.713,10.0
gid://shopify/LineItem/2156502286414,3979,20250321,554,2573,413,1,1,537.13,537.13,590.843,53.713,10.0
gid://shopify/LineItem/2160860332110,6966,20250324,554,3824,197,1,1,537.13,537.13,590.843,53.713,10.0
gid://shopify/LineItem/2154864738382,2682,20250320,20,1754,18,1,1,625.13,625.13,687.643,62.513,10.0
gid://shopify/LineItem/2156375244878,3856,20250321,854,2415,20,1,1,537.13,537.13,590.843,53.713,10.0
gid://shopify/LineItem/2158879965262,5555,20250323,21,2319,44,1,1,517.53,517.53,569.283,51.753,10.0
gid://shopify/LineItem/2161147215950,7182,20250324,21,3825,3,1,1,537.13,537.13,590.843,53.713,10.0
gid://shopify/LineItem/2153193046094,1312,20250319,1,2547,53,1,1,497.13,497.13,546.843,49.713,10.0
gid://shopify/LineItem/2159586574414,6033,20250323,1,565,405,1,1,648.73,648.73,713.603,64.873,10.0
gid://shopify/LineItem/2157340131406,4637,20250322,409,397,90,1,1,537.13,537.13,590.843,53.713,10.0
gid://shopify/LineItem/2159618293838,6047,20250323,409,3826,176,1,1,537.13,537.13,590.843,53.713,10.0
gid://shopify/LineItem/2160822288462,6943,20250324,409,3827,136,1,1,537.13,537.13,590.843,53.713,10.0
gid://shopify/LineItem/2161385734222,7353,20250324,378,3828,480,1,1,611.93,611.93,673.123,61.193,10.0
gid://shopify/LineItem/2152272461902,740,20250318,335,3248,70,1,1,537.13,537.13,590.843,53.713,10.0
gid://shopify/LineItem/2154545446990,2354,20250320,335,1332,244,1,1,635.13,635.13,698.643,63.513,10.0
gid://shopify/LineItem/2156666552398,4091,20250321,335,496,108,1,1,537.13,537.13,590.843,53.713,10.0
gid://shopify/LineItem/2151834878030,454,20250318,335,1057,20,1,1,517.53,517.53,569.283,51.753,10.0
gid://shopify/LineItem/2155915411534,3488,20250321,335,1801,426,1,1,517.53,517.53,569.283,51.753,10.0
gid://shopify/LineItem/2156640993358,4075,20250321,335,3829,98,1,1,595.93,595.93,655.523,59.593,10.0
gid://shopify/LineItem/2151763247182,384,20250318,188,3569,108,1,1,831.13,831.13,914.243,83.113,10.0
gid://shopify/LineItem/2157832699982,5027,20250322,410,1677,181,1,1,601.13,601.13,661.243,60.113,10.0
gid://shopify/LineItem/2159103443022,5712,20250323,412,2552,436,1,1,547.93,547.93,602.723,54.793,10.0
gid://shopify/LineItem/2152263155790,735,20250318,477,3098,223,1,1,507.13,507.13,557.843,50.713,10.0
gid://shopify/LineItem/2157270728782,4565,20250322,477,1847,49,1,1,595.13,595.13,654.643,59.513,10.0
gid://shopify/LineItem/2151759085646,380,20250318,477,3830,93,1,1,485.13,485.13,533.643,48.513,10.0
gid://shopify/LineItem/2152555249742,919,20250318,413,3831,96,1,1,507.13,507.13,557.843,50.713,10.0
gid://shopify/LineItem/2160516104270,6686,20250324,413,839,232,1,1,493.53,493.53,542.883,49.353,10.0
gid://shopify/LineItem/2156399624270,3881,20250321,413,3832,55,1,1,490.13,490.13,539.143,49.013,10.0
gid://shopify/LineItem/2155487002702,3204,20250321,557,2215,13,1,1,507.13,507.13,557.843,50.713,10.0
gid://shopify/LineItem/2158953070670,5606,20250323,557,3833,1,1,1,605.13,605.13,665.643,60.513,10.0
gid://shopify/LineItem/2158717632590,5467,20250323,557,3236,16,1,1,493.53,493.53,542.883,49.353,10.0
gid://shopify/LineItem/2158883733582,5561,20250323,557,3834,70,1,1,555.93,555.93,611.523,55.593,10.0
gid://shopify/LineItem/2161126506574,7171,20250324,557,3291,149,1,1,493.53,493.53,542.883,49.353,10.0
gid://shopify/LineItem/2157778108494,4991,20250322,305,2540,13,1,1,485.53,485.53,534.083,48.553,10.0
gid://shopify/LineItem/2157916651598,5104,20250322,305,1250,391,1,1,485.53,485.53,534.083,48.553,10.0
gid://shopify/LineItem/2157955317838,5135,20250322,305,3835,34,1,1,531.93,531.93,585.123,53.193,10.0
gid://shopify/LineItem/2156702105678,4114,20250321,20,3836,122,1,1,497.13,497.13,546.843,49.713,10.0
gid://shopify/LineItem/2160804855886,6925,20250324,20,3837,115,1,1,485.53,485.53,534.083,48.553,10.0
gid://shopify/LineItem/2161368924238,7344,20250324,20,2915,24,1,1,497.13,497.13,546.843,49.713,10.0
gid://shopify/LineItem/2154968154190,2790,20250320,355,3838,99,1,1,497.13,497.13,546.843,49.713,10.0
gid://shopify/LineItem/2157315817550,4607,20250322,355,2733,148,1,1,531.93,531.93,585.123,53.193,10.0
gid://shopify/LineItem/2155018715214,2847,20250320,792,3839,3,1,1,497.13,497.13,546.843,49.713,10.0
gid://shopify/LineItem/2157633175630,4882,20250322,792,1587,109,1,1,485.53,485.53,534.083,48.553,10.0
gid://shopify/LineItem/2157536903246,4800,20250322,1,2663,145,1,1,517.13,517.13,568.843,51.713,10.0
gid://shopify/LineItem/2154806804558,2634,20250320,1,3840,15,1,1,547.93,547.93,602.723,54.793,10.0
gid://shopify/LineItem/2159487123534,5965,20250323,559,1800,17,1,1,517.53,517.53,569.283,51.753,10.0
gid://shopify/LineItem/2151442513998,95,20250318,560,3841,10,1,1,497.13,497.13,546.843,49.713,10.0
gid://shopify/LineItem/2154914906190,2727,20250320,414,1417,114,1,1,585.13,585.13,643.643,58.513,10.0
gid://shopify/LineItem/2157093355598,4355,20250322,21,1732,74,1,1,537.13,537.13,590.843,53.713,10.0
gid://shopify/LineItem/2157388628046,4685,20250322,855,3442,309,1,1,537.13,537.13,590.843,53.713,10.0
gid://shopify/LineItem/2160447717454,6614,20250324,20,3730,239,1,1,497.13,497.13,546.843,49.713,10.0
gid://shopify/LineItem/2154563207246,2374,20250320,179,3842,237,1,1,809.13,809.13,890.043,80.913,10.0
gid://shopify/LineItem/2156078530638,3620,20250321,179,3351,231,1,1,733.13,733.13,806.443,73.313,10.0
gid://shopify/LineItem/2157176651854,4467,20250322,21,1299,44,1,1,517.53,517.53,569.283,51.753,10.0
gid://shopify/LineItem/2158564966478,5387,20250323,177,2985,196,1,1,497.13,497.13,546.843,49.713,10.0
gid://shopify/LineItem/2152073035854,624,20250318,44,3194,65,1,1,517.53,517.53,569.283,51.753,10.0
gid://shopify/LineItem/2160254058574,6409,20250324,21,1613,397,1,1,635.13,635.13,698.643,63.513,10.0
gid://shopify/LineItem/2160720805966,6866,20250324,1,3843,3,1,1,505.13,505.13,555.643,50.513,10.0
gid://shopify/LineItem/2161201578062,7241,20250324,1,404,127,1,1,527.13,527.13,579.843,52.713,10.0
gid://shopify/LineItem/2159161344078,5754,20250323,416,474,290,1,1,497.13,497.13,546.843,49.713,10.0
gid://shopify/LineItem/2151237713998,32,20250318,356,976,11,1,1,565.13,565.13,621.643,56.513,10.0
gid://shopify/LineItem/2151600291918,260,20250318,356,1001,340,1,1,507.13,507.13,557.843,50.713,10.0
gid://shopify/LineItem/2153733128270,1803,20250319,356,3844,53,1,1,507.13,507.13,557.843,50.713,10.0
gid://shopify/LineItem/2156369674318,3845,20250321,356,3845,82,1,1,493.53,493.53,542.883,49.353,10.0
gid://shopify/LineItem/2156102910030,3636,20250321,356,483,98,1,1,490.13,490.13,539.143,49.013,10.0
gid://shopify/LineItem/2154740940878,2554,20250320,20,3846,393,1,1,507.13,507.13,557.843,50.713,10.0
gid://shopify/LineItem/2159123595342,5726,20250323,20,1700,13,1,1,507.13,507.13,557.843,50.713,10.0
gid://shopify/LineItem/2156913721422,4169,20250322,20,2907,401,1,1,634.33,634.33,697.763,63.433,10.0
gid://shopify/LineItem/2154143645774,2055,20250320,694,3847,179,1,1,509.53,509.53,560.483,50.953,10.0
gid://shopify/LineItem/2159237693518,5804,20250323,197,67,266,1,1,537.13,537.13,590.843,53.713,10.0
gid://shopify/LineItem/2156757909582,4139,20250322,1,3848,70,1,1,595.93,595.93,655.523,59.593,10.0
gid://shopify/LineItem/2159416639566,5920,20250323,20,959,241,1,1,827.13,827.13,909.843,82.713,10.0
gid://shopify/LineItem/2157332889678,4626,20250322,306,3849,215,1,1,517.13,517.13,568.843,51.713,10.0
gid://shopify/LineItem/2159514943566,5986,20250323,306,801,83,1,1,579.93,579.93,637.923,57.993,10.0
gid://shopify/LineItem/2159231369294,5799,20250323,307,3850,53,1,1,625.13,625.13,687.643,62.513,10.0
gid://shopify/LineItem/2159889743950,6223,20250323,307,3851,115,1,1,723.13,723.13,795.443,72.313,10.0
gid://shopify/LineItem/2155957518414,3516,20250321,307,3852,60,1,1,736.73,736.73,810.403,73.673,10.0
gid://shopify/LineItem/2159148073038,5740,20250323,307,3853,335,1,1,509.53,509.53,560.483,50.953,10.0
gid://shopify/LineItem/2159597256782,6040,20250323,21,3854,188,1,1,595.93,595.93,655.523,59.593,10.0
gid://shopify/LineItem/2161327702094,7326,20250324,179,1208,119,1,1,595.93,595.93,655.523,59.593,10.0
gid://shopify/LineItem/2160273948750,6438,20250324,299,1975,29,1,1,517.53,517.53,569.283,51.753,10.0
gid://shopify/LineItem/2158132691022,5248,20250322,195,1834,83,1,1,537.13,537.13,590.843,53.713,10.0
gid://shopify/LineItem/2154355785806,2107,20250320,195,1514,24,1,1,595.93,595.93,655.523,59.593,10.0
gid://shopify/LineItem/2160711794766,6856,20250324,195,798,162,1,1,615.13,615.13,676.643,61.513,10.0
gid://shopify/LineItem/2151392182350,61,20250318,308,1976,175,1,1,509.53,509.53,560.483,50.953,10.0
gid://shopify/LineItem/2155135533134,2972,20250320,308,2584,106,1,1,509.53,509.53,560.483,50.953,10.0
gid://shopify/LineItem/2155916001358,3490,20250321,308,1230,121,1,1,571.93,571.93,629.123,57.193,10.0
gid://shopify/LineItem/2153920430158,1939,20250319,357,1967,53,1,1,537.13,537.13,590.843,53.713,10.0
gid://shopify/LineItem/2153786638414,1853,20250319,357,3855,342,1,1,595.93,595.93,655.523,59.593,10.0
gid://shopify/LineItem/2155042734158,2879,20250320,357,3856,127,1,1,517.53,517.53,569.283,51.753,10.0
gid://shopify/LineItem/2157278003278,4574,20250322,357,3857,40,1,1,517.53,517.53,569.283,51.753,10.0
gid://shopify/LineItem/2157439189070,4731,20250322,357,3643,7,1,1,831.13,831.13,914.243,83.113,10.0
gid://shopify/LineItem/2161091412046,7151,20250324,357,3361,269,1,1,752.73,752.73,828.003,75.273,10.0
gid://shopify/LineItem/2161304141902,7316,20250324,357,2366,187,1,1,635.13,635.13,698.643,63.513,10.0
gid://shopify/LineItem/2161356406862,7340,20250324,357,645,350,1,1,537.13,537.13,590.843,53.713,10.0
gid://shopify/LineItem/2151987052622,561,20250318,1,3858,244,1,1,527.13,527.13,579.843,52.713,10.0
gid://shopify/LineItem/2153410461774,1491,20250319,1,64,16,1,1,615.13,615.13,676.643,61.513,10.0
gid://shopify/LineItem/2153315762254,1429,20250319,1,3859,466,1,1,505.13,505.13,555.643,50.513,10.0
gid://shopify/LineItem/2152374304846,811,20250318,419,2019,128,1,1,497.13,497.13,546.843,49.713,10.0
gid://shopify/LineItem/2153027895374,1147,20250319,419,3860,76,1,1,555.13,555.13,610.643,55.513,10.0
gid://shopify/LineItem/2154902519886,2716,20250320,419,3861,101,1,1,497.13,497.13,546.843,49.713,10.0
gid://shopify/LineItem/2157543063630,4806,20250322,419,3862,99,1,1,563.93,563.93,620.323,56.393,10.0
gid://shopify/LineItem/2152341045326,788,20250318,179,3219,279,1,1,635.13,635.13,698.643,63.513,10.0
gid://shopify/LineItem/2155169710158,3004,20250320,177,2554,457,1,1,497.13,497.13,546.843,49.713,10.0
gid://shopify/LineItem/2153489367118,1550,20250319,20,954,161,1,1,613.13,613.13,674.443,61.313,10.0
gid://shopify/LineItem/2156441960526,3921,20250321,20,3863,104,1,1,497.13,497.13,546.843,49.713,10.0
gid://shopify/LineItem/2151898054734,506,20250318,1,3864,100,1,1,517.13,517.13,568.843,51.713,10.0
gid://shopify/LineItem/2155318181966,3125,20250320,1,740,5,1,1,517.13,517.13,568.843,51.713,10.0
gid://shopify/LineItem/2151237582926,31,20250318,1,2215,62,1,1,497.63,497.63,547.393,49.763,10.0
gid://shopify/LineItem/2154929913934,2749,20250320,358,1359,136,1,1,507.13,507.13,557.843,50.713,10.0
gid://shopify/LineItem/2154619502670,2422,20250320,358,2756,319,1,1,571.93,571.93,629.123,57.193,10.0
gid://shopify/LineItem/2153978265678,1981,20250319,20,3865,240,1,1,497.13,497.13,546.843,49.713,10.0
gid://shopify/LineItem/2154392289358,2156,20250320,20,2890,100,1,1,595.13,595.13,654.643,59.513,10.0
gid://shopify/LineItem/2154583490638,2386,20250320,329,3866,3,1,1,537.13,537.13,590.843,53.713,10.0
gid://shopify/LineItem/2161390780494,7360,20250324,329,1230,160,1,1,537.13,537.13,590.843,53.713,10.0
gid://shopify/LineItem/2155626037326,3221,20250321,564,3867,102,1,1,586.13,586.13,644.743,58.613,10.0
gid://shopify/LineItem/2157546340430,4810,20250322,565,2827,10,1,1,531.93,531.93,585.123,53.193,10.0
gid://shopify/LineItem/2154779312206,2604,20250320,487,2286,1,1,1,485.53,485.53,534.083,48.553,10.0
gid://shopify/LineItem/2156645941326,4080,20250321,566,490,398,1,1,485.53,485.53,534.083,48.553,10.0
gid://shopify/LineItem/2157940572238,5123,20250322,566,2027,204,1,1,531.93,531.93,585.123,53.193,10.0
gid://shopify/LineItem/2153148416078,1265,20250319,1,3868,19,1,1,537.13,537.13,590.843,53.713,10.0
gid://shopify/LineItem/2153631318094,1698,20250319,1,3869,330,1,1,537.13,537.13,590.843,53.713,10.0
gid://shopify/LineItem/2157077200974,4335,20250322,1,3870,216,1,1,537.13,537.13,590.843,53.713,10.0
gid://shopify/LineItem/2157104037966,4369,20250322,1,789,76,1,1,537.13,537.13,590.843,53.713,10.0
gid://shopify/LineItem/2160527867982,6695,20250324,1,1847,3,1,1,537.13,537.13,590.843,53.713,10.0
gid://shopify/LineItem/2151399293006,67,20250318,1,2584,40,1,1,587.93,587.93,646.723,58.793,10.0
gid://shopify/LineItem/2151659176014,302,20250318,1,1839,175,1,1,517.53,517.53,569.283,51.753,10.0
gid://shopify/LineItem/2152200011854,712,20250318,1,1357,150,1,1,517.53,517.53,569.283,51.753,10.0
gid://shopify/LineItem/2153454501966,1525,20250319,310,3871,402,1,1,693.13,693.13,762.443,69.313,10.0
gid://shopify/LineItem/2153658089550,1727,20250319,310,2679,53,1,1,527.13,527.13,579.843,52.713,10.0
gid://shopify/LineItem/2154846355534,2669,20250320,310,3872,17,1,1,625.13,625.13,687.643,62.513,10.0
gid://shopify/LineItem/2159115796558,5722,20250323,310,821,45,1,1,527.13,527.13,579.843,52.713,10.0
gid://shopify/LineItem/2152281243726,750,20250318,310,3873,387,1,1,571.93,571.93,629.123,57.193,10.0
gid://shopify/LineItem/2154763747406,2585,20250320,310,3874,174,1,1,509.53,509.53,560.483,50.953,10.0
gid://shopify/LineItem/2159824666702,6189,20250323,310,3875,279,1,1,611.93,611.93,673.123,61.193,10.0
gid://shopify/LineItem/2153147957326,1264,20250319,1,3876,72,1,1,497.13,497.13,546.843,49.713,10.0
gid://shopify/LineItem/2155673976910,3252,20250321,568,1662,16,1,1,635.13,635.13,698.643,63.513,10.0
gid://shopify/LineItem/2160625975374,6775,20250324,568,213,244,1,1,579.93,579.93,637.923,57.993,10.0
gid://shopify/LineItem/2159323775054,5856,20250323,422,3877,190,1,1,579.93,579.93,637.923,57.993,10.0
gid://shopify/LineItem/2161331535950,7331,20250324,422,1991,39,1,1,527.13,527.13,579.843,52.713,10.0
gid://shopify/LineItem/2152962228302,1079,20250319,667,3878,390,1,1,537.13,537.13,590.843,53.713,10.0
gid://shopify/LineItem/2153930227790,1946,20250319,311,1400,87,1,1,517.13,517.13,568.843,51.713,10.0
gid://shopify/LineItem/2158538915918,5377,20250323,311,3879,62,1,1,501.53,501.53,551.683,50.153,10.0
gid://shopify/LineItem/2161324490830,7323,20250324,311,706,357,1,1,501.53,501.53,551.683,50.153,10.0
gid://shopify/LineItem/2152818311246,979,20250319,424,3880,11,1,1,507.13,507.13,557.843,50.713,10.0
gid://shopify/LineItem/2160223158350,6355,20250324,424,2029,63,1,1,493.53,493.53,542.883,49.353,10.0
gid://shopify/LineItem/2151953301582,542,20250318,817,791,416,1,1,497.13,497.13,546.843,49.713,10.0
gid://shopify/LineItem/2152404746318,831,20250318,817,2992,418,1,1,497.13,497.13,546.843,49.713,10.0
gid://shopify/LineItem/2155353440334,3152,20250320,817,570,452,1,1,555.13,555.13,610.643,55.513,10.0
gid://shopify/LineItem/2156222316622,3739,20250321,817,2247,218,1,1,497.13,497.13,546.843,49.713,10.0
gid://shopify/LineItem/2160768680014,6906,20250324,817,1475,175,1,1,563.93,563.93,620.323,56.393,10.0
gid://shopify/LineItem/2151373701198,50,20250318,1,2337,201,1,1,517.13,517.13,568.843,51.713,10.0
gid://shopify/LineItem/2154937909326,2756,20250320,570,3536,83,1,1,539.93,539.93,593.923,53.993,10.0
gid://shopify/LineItem/2157733183566,4968,20250322,570,1122,143,1,1,563.93,563.93,620.323,56.393,10.0
gid://shopify/LineItem/2158511259726,5358,20250323,21,1574,119,1,1,517.53,517.53,569.283,51.753,10.0
gid://shopify/LineItem/2151605796942,263,20250318,330,2368,212,1,1,507.13,507.13,557.843,50.713,10.0
gid://shopify/LineItem/2159280685134,5831,20250323,330,1487,48,1,1,575.13,575.13,632.643,57.513,10.0
gid://shopify/LineItem/2152425193550,848,20250318,425,1881,307,1,1,537.13,537.13,590.843,53.713,10.0
gid://shopify/LineItem/2157008027726,4222,20250322,571,2569,434,1,1,497.13,497.13,546.843,49.713,10.0
gid://shopify/LineItem/2156405817422,3887,20250321,716,3881,70,1,1,485.53,485.53,534.083,48.553,10.0
gid://shopify/LineItem/2160648126542,6795,20250324,472,2287,141,1,1,497.13,497.13,546.843,49.713,10.0
gid://shopify/LineItem/2158957461582,5613,20250323,472,3620,8,1,1,485.53,485.53,534.083,48.553,10.0
gid://shopify/LineItem/2152697331790,968,20250319,1,1682,167,1,1,517.13,517.13,568.843,51.713,10.0
gid://shopify/LineItem/2158965162062,5621,20250323,1,1909,70,1,1,517.13,517.13,568.843,51.713,10.0
gid://shopify/LineItem/2155033788494,2871,20250320,426,1601,188,1,1,575.13,575.13,632.643,57.513,10.0
gid://shopify/LineItem/2158015676494,5183,20250322,426,3727,149,1,1,497.13,497.13,546.843,49.713,10.0
gid://shopify/LineItem/2158997798990,5644,20250323,426,3079,216,1,1,485.53,485.53,534.083,48.553,10.0
gid://shopify/LineItem/2157126320206,4403,20250322,177,3569,147,1,1,509.53,509.53,560.483,50.953,10.0
gid://shopify/LineItem/2155663261774,3243,20250321,473,3182,41,1,1,537.13,537.13,590.843,53.713,10.0
gid://shopify/LineItem/2155830771790,3411,20250321,473,96,119,1,1,517.53,517.53,569.283,51.753,10.0
gid://shopify/LineItem/2157385121870,4679,20250322,1,3882,170,1,1,625.13,625.13,687.643,62.513,10.0
gid://shopify/LineItem/2153245966414,1359,20250319,313,3883,148,1,1,507.13,507.13,557.843,50.713,10.0
gid://shopify/LineItem/2155187994702,3026,20250320,313,2746,16,1,1,507.13,507.13,557.843,50.713,10.0
gid://shopify/LineItem/2157632127054,4878,20250322,313,3884,145,1,1,605.13,605.13,665.643,60.513,10.0
gid://shopify/LineItem/2159156002894,5747,20250323,313,3885,232,1,1,507.13,507.13,557.843,50.713,10.0
gid://shopify/LineItem/2151179124814,15,20250318,1,789,279,1,1,517.13,517.13,568.843,51.713,10.0
gid://shopify/LineItem/2160236625998,6376,20250324,574,729,102,1,1,517.53,517.53,569.283,51.753,10.0
gid://shopify/LineItem/2152199192654,711,20250318,718,2715,446,1,1,537.13,537.13,590.843,53.713,10.0
gid://shopify/LineItem/2157446299726,4737,20250322,718,1529,20,1,1,537.13,537.13,590.843,53.713,10.0
gid://shopify/LineItem/2157633830990,4883,20250322,575,3886,46,1,1,501.53,501.53,551.683,50.153,10.0
gid://shopify/LineItem/2154891149390,2705,20250320,427,3887,298,1,1,527.13,527.13,579.843,52.713,10.0
gid://shopify/LineItem/2153979674702,1983,20250319,427,3816,1,1,1,509.53,509.53,560.483,50.953,10.0
gid://shopify/LineItem/2161102291022,7158,20250324,788,2815,320,1,1,666.33,666.33,732.963,66.633,10.0
gid://shopify/LineItem/2156002148430,3553,20250321,188,534,179,1,1,537.13,537.13,590.843,53.713,10.0
gid://shopify/LineItem/2152963833934,1082,20250319,428,2542,460,1,1,733.13,733.13,806.443,73.313,10.0
gid://shopify/LineItem/2159043608654,5676,20250323,1,3888,370,1,1,744.73,744.73,819.203,74.473,10.0
gid://shopify/LineItem/2152154136654,684,20250318,429,1873,174,1,1,497.13,497.13,546.843,49.713,10.0
gid://shopify/LineItem/2152255520846,732,20250318,429,1200,28,1,1,497.13,497.13,546.843,49.713,10.0
gid://shopify/LineItem/2152572190798,925,20250318,429,3889,200,1,1,497.13,497.13,546.843,49.713,10.0
gid://shopify/LineItem/2156558057550,4021,20250321,429,2292,10,1,1,555.13,555.13,610.643,55.513,10.0
gid://shopify/LineItem/2157818511438,5018,20250322,429,3890,53,1,1,497.13,497.13,546.843,49.713,10.0
gid://shopify/LineItem/2155183734862,3020,20250320,179,1646,143,1,1,517.53,517.53,569.283,51.753,10.0
gid://shopify/LineItem/2160849485902,6960,20250324,20,2730,145,1,1,485.53,485.53,534.083,48.553,10.0
gid://shopify/LineItem/2152041775182,597,20250318,44,3891,232,1,1,605.13,605.13,665.643,60.513,10.0
gid://shopify/LineItem/2152555610190,920,20250318,44,3892,41,1,1,517.53,517.53,569.283,51.753,10.0
gid://shopify/LineItem/2155758452814,3330,20250321,44,3617,62,1,1,537.13,537.13,590.843,53.713,10.0
gid://shopify/LineItem/2156384911438,3870,20250321,44,1502,402,1,1,517.53,517.53,569.283,51.753,10.0
gid://shopify/LineItem/2160158736462,6287,20250324,21,1482,219,1,1,635.13,635.13,698.643,63.513,10.0
gid://shopify/LineItem/2155082580046,2932,20250320,182,1904,16,1,1,527.13,527.13,579.843,52.713,10.0
gid://shopify/LineItem/2159375122510,5894,20250323,177,2409,83,1,1,527.13,527.13,579.843,52.713,10.0
gid://shopify/LineItem/2155671060558,3247,20250321,818,3893,46,1,1,497.13,497.13,546.843,49.713,10.0
gid://shopify/LineItem/2153305309262,1419,20250319,578,2208,49,1,1,493.53,493.53,542.883,49.353,10.0
gid://shopify/LineItem/2160809574478,6930,20250324,578,3894,32,1,1,507.13,507.13,557.843,50.713,10.0
gid://shopify/LineItem/2156289228878,3795,20250321,856,1456,309,1,1,539.93,539.93,593.923,53.993,10.0
gid://shopify/LineItem/2154570154062,2379,20250320,579,3895,120,1,1,565.13,565.13,621.643,56.513,10.0
gid://shopify/LineItem/2154648993870,2450,20250320,857,3896,41,1,1,635.13,635.13,698.643,63.513,10.0
gid://shopify/LineItem/2152321646670,778,20250318,858,3897,192,1,1,595.93,595.93,655.523,59.593,10.0
gid://shopify/LineItem/2160537698382,6703,20250324,431,1492,150,1,1,595.13,595.13,654.643,59.513,10.0
gid://shopify/LineItem/2153817636942,1876,20250319,431,2942,16,1,1,531.93,531.93,585.123,53.193,10.0
gid://shopify/LineItem/2156100059214,3633,20250321,580,618,5,1,1,507.13,507.13,557.843,50.713,10.0
gid://shopify/LineItem/2154889543758,2704,20250320,179,3313,68,1,1,517.53,517.53,569.283,51.753,10.0
gid://shopify/LineItem/2158249476174,5298,20250323,582,3898,73,1,1,497.13,497.13,546.843,49.713,10.0
gid://shopify/LineItem/2156025512014,3579,20250321,1,3849,50,1,1,517.13,517.13,568.843,51.713,10.0
gid://shopify/LineItem/2161008836686,7084,20250324,20,3899,107,1,1,861.13,861.13,947.243,86.113,10.0
gid://shopify/LineItem/2154677665870,2481,20250320,360,3662,170,1,1,723.13,723.13,795.443,72.313,10.0
gid://shopify/LineItem/2157320241230,4611,20250322,361,984,35,1,1,537.13,537.13,590.843,53.713,10.0
gid://shopify/LineItem/2159330558030,5860,20250323,361,801,359,1,1,537.13,537.13,590.843,53.713,10.0
gid://shopify/LineItem/2155332403278,3137,20250320,433,3900,192,1,1,537.13,537.13,590.843,53.713,10.0
gid://shopify/LineItem/2153078718542,1199,20250319,1,3901,19,1,1,497.13,497.13,546.843,49.713,10.0
gid://shopify/LineItem/2152015953998,579,20250318,181,3902,382,1,1,625.13,625.13,687.643,62.513,10.0
gid://shopify/LineItem/2153527935054,1595,20250319,181,3903,76,1,1,527.13,527.13,579.843,52.713,10.0
gid://shopify/LineItem/2153630302286,1697,20250319,181,3904,26,1,1,527.13,527.13,579.843,52.713,10.0
gid://shopify/LineItem/2159058583630,5683,20250323,181,2298,143,1,1,527.13,527.13,579.843,52.713,10.0
gid://shopify/LineItem/2160905486414,6998,20250324,181,3905,165,1,1,509.53,509.53,560.483,50.953,10.0
gid://shopify/LineItem/2155051647054,2890,20250320,434,3906,41,1,1,635.13,635.13,698.643,63.513,10.0
gid://shopify/LineItem/2157510754382,4781,20250322,434,3907,163,1,1,537.13,537.13,590.843,53.713,10.0
gid://shopify/LineItem/2154347692110,2098,20250320,314,873,353,1,1,527.13,527.13,579.843,52.713,10.0
gid://shopify/LineItem/2154640572494,2440,20250320,314,2817,20,1,1,625.13,625.13,687.643,62.513,10.0
gid://shopify/LineItem/2154958749774,2780,20250320,314,1811,309,1,1,625.13,625.13,687.643,62.513,10.0
gid://shopify/LineItem/2156213403726,3736,20250321,314,3735,411,1,1,625.13,625.13,687.643,62.513,10.0
gid://shopify/LineItem/2156346376270,3831,20250321,314,3908,100,1,1,527.13,527.13,579.843,52.713,10.0
gid://shopify/LineItem/2153124462670,1244,20250319,314,3909,224,1,1,509.53,509.53,560.483,50.953,10.0
gid://shopify/LineItem/2155309563982,3120,20250320,314,3910,35,1,1,509.53,509.53,560.483,50.953,10.0
gid://shopify/LineItem/2151902740558,509,20250318,193,3911,121,1,1,537.13,537.13,590.843,53.713,10.0
gid://shopify/LineItem/2155106861134,2948,20250320,193,2221,11,1,1,537.13,537.13,590.843,53.713,10.0
gid://shopify/LineItem/2159450062926,5942,20250323,193,2935,43,1,1,537.13,537.13,590.843,53.713,10.0
gid://shopify/LineItem/2153596682318,1670,20250319,193,3912,375,1,1,517.53,517.53,569.283,51.753,10.0
gid://shopify/LineItem/2159598141518,6042,20250323,193,3912,8,1,1,517.53,517.53,569.283,51.753,10.0
gid://shopify/LineItem/2161476239438,7410,20250324,193,2214,451,1,1,537.13,537.13,590.843,53.713,10.0
gid://shopify/LineItem/2160625352782,6774,20250324,1,3913,425,1,1,501.53,501.53,551.683,50.153,10.0
gid://shopify/LineItem/2154389241934,2152,20250320,834,3469,70,1,1,497.13,497.13,546.843,49.713,10.0
gid://shopify/LineItem/2155013439566,2842,20250320,834,3883,214,1,1,485.53,485.53,534.083,48.553,10.0
gid://shopify/LineItem/2159520874574,5991,20250323,834,3914,422,1,1,531.93,531.93,585.123,53.193,10.0
gid://shopify/LineItem/2151710883918,340,20250318,20,3915,104,1,1,531.93,531.93,585.123,53.193,10.0
gid://shopify/LineItem/2155842633806,3420,20250321,437,3320,481,1,1,497.13,497.13,546.843,49.713,10.0
gid://shopify/LineItem/2153111748686,1235,20250319,438,1007,237,1,1,537.13,537.13,590.843,53.713,10.0
gid://shopify/LineItem/2152077131854,631,20250318,859,3916,73,1,1,497.13,497.13,546.843,49.713,10.0
gid://shopify/LineItem/2159021588558,5661,20250323,860,3917,134,1,1,555.13,555.13,610.643,55.513,10.0
gid://shopify/LineItem/2156597084238,4044,20250321,720,3918,238,1,1,497.13,497.13,546.843,49.713,10.0
gid://shopify/LineItem/2159308767310,5845,20250323,721,430,163,1,1,613.13,613.13,674.443,61.313,10.0
gid://shopify/LineItem/2153724313678,1792,20250319,177,655,136,1,1,509.53,509.53,560.483,50.953,10.0
gid://shopify/LineItem/2157202473038,4495,20250322,179,3228,218,1,1,537.13,537.13,590.843,53.713,10.0
gid://shopify/LineItem/2155800592462,3378,20250321,179,3919,16,1,1,595.93,595.93,655.523,59.593,10.0
gid://shopify/LineItem/2159780364366,6168,20250323,20,1850,35,1,1,626.33,626.33,688.963,62.633,10.0
gid://shopify/LineItem/2155799707726,3377,20250321,179,1985,87,1,1,537.13,537.13,590.843,53.713,10.0
gid://shopify/LineItem/2156420005966,3901,20250321,179,331,127,1,1,595.93,595.93,655.523,59.593,10.0
gid://shopify/LineItem/2159807955022,6180,20250323,20,2001,298,1,1,527.13,527.13,579.843,52.713,10.0
gid://shopify/LineItem/2153124626510,1245,20250319,44,1682,59,1,1,517.53,517.53,569.283,51.753,10.0
gid://shopify/LineItem/2153219358798,1335,20250319,44,843,224,1,1,517.53,517.53,569.283,51.753,10.0
gid://shopify/LineItem/2154658201678,2456,20250320,20,3920,369,1,1,527.13,527.13,579.843,52.713,10.0
gid://shopify/LineItem/2157856391246,5045,20250322,20,2544,8,1,1,485.53,485.53,534.083,48.553,10.0
gid://shopify/LineItem/2154111500366,2043,20250320,188,3921,424,1,1,517.53,517.53,569.283,51.753,10.0
gid://shopify/LineItem/2157244776526,4539,20250322,182,2108,174,1,1,527.13,527.13,579.843,52.713,10.0
gid://shopify/LineItem/2158962311246,5617,20250323,177,3857,197,1,1,563.93,563.93,620.323,56.393,10.0
gid://shopify/LineItem/2152563245134,922,20250318,188,817,94,1,1,537.13,537.13,590.843,53.713,10.0
gid://shopify/LineItem/2155689934926,3265,20250321,188,3922,145,1,1,517.53,517.53,569.283,51.753,10.0
gid://shopify/LineItem/2156485967950,3965,20250321,188,3516,161,1,1,517.53,517.53,569.283,51.753,10.0
gid://shopify/LineItem/2154098589774,2040,20250320,861,2056,143,1,1,497.13,497.13,546.843,49.713,10.0
gid://shopify/LineItem/2160624992334,6773,20250324,21,3923,90,1,1,957.13,957.13,1052.843,95.713,10.0
gid://shopify/LineItem/2154606985294,2410,20250320,177,1181,109,1,1,485.53,485.53,534.083,48.553,10.0
gid://shopify/LineItem/2161186734158,7227,20250324,177,814,82,1,1,497.13,497.13,546.843,49.713,10.0
gid://shopify/LineItem/2157641662542,4890,20250322,21,3924,104,1,1,509.53,509.53,560.483,50.953,10.0
gid://shopify/LineItem/2159452094542,5945,20250323,21,944,248,1,1,509.53,509.53,560.483,50.953,10.0
gid://shopify/LineItem/2159647686734,6071,20250323,192,1136,334,1,1,565.13,565.13,621.643,56.513,10.0
gid://shopify/LineItem/2159936536654,6239,20250324,450,134,176,1,1,585.13,585.13,643.643,58.513,10.0
gid://shopify/LineItem/2152420474958,844,20250318,177,1719,62,1,1,485.53,485.53,534.083,48.553,10.0
gid://shopify/LineItem/2151176208462,14,20250318,20,647,70,1,1,527.13,527.13,579.843,52.713,10.0
gid://shopify/LineItem/2152569765966,923,20250318,20,3925,18,1,1,509.53,509.53,560.483,50.953,10.0
gid://shopify/LineItem/2158982037582,5635,20250323,591,3077,180,1,1,527.13,527.13,579.843,52.713,10.0
gid://shopify/LineItem/2159043051598,5675,20250323,592,1164,6,1,1,517.53,517.53,569.283,51.753,10.0
gid://shopify/LineItem/2156363710542,3840,20250321,21,1866,377,1,1,537.13,537.13,590.843,53.713,10.0
gid://shopify/LineItem/2159312732238,5847,20250323,44,1433,53,1,1,517.53,517.53,569.283,51.753,10.0
gid://shopify/LineItem/2161003003982,7078,20250324,44,2035,233,1,1,517.53,517.53,569.283,51.753,10.0
gid://shopify/LineItem/2155741478990,3314,20250321,182,1738,77,1,1,517.53,517.53,569.283,51.753,10.0
gid://shopify/LineItem/2157228949582,4519,20250322,441,3926,3,1,1,625.13,625.13,687.643,62.513,10.0
gid://shopify/LineItem/2159035580494,5669,20250323,174,3748,43,1,1,563.93,563.93,620.323,56.393,10.0
gid://shopify/LineItem/2157190611022,4480,20250322,177,3927,41,1,1,595.13,595.13,654.643,59.513,10.0
gid://shopify/LineItem/2155030806606,2868,20250320,188,251,82,1,1,537.13,537.13,590.843,53.713,10.0
gid://shopify/LineItem/2155639603278,3231,20250321,188,3928,412,1,1,517.53,517.53,569.283,51.753,10.0
gid://shopify/LineItem/2157203587150,4497,20250322,21,3929,35,1,1,987.13,987.13,1085.843,98.713,10.0
gid://shopify/LineItem/2157015007310,4233,20250322,21,183,150,1,1,527.13,527.13,579.843,52.713,10.0
gid://shopify/LineItem/2159464153166,5949,20250323,21,3930,288,1,1,563.93,563.93,620.323,56.393,10.0
gid://shopify/LineItem/2152578908238,932,20250318,20,3931,40,1,1,497.13,497.13,546.843,49.713,10.0
gid://shopify/LineItem/2153485697102,1545,20250319,177,1732,144,1,1,485.53,485.53,534.083,48.553,10.0
gid://shopify/LineItem/2153558409294,1630,20250319,862,3932,72,1,1,565.13,565.13,621.643,56.513,10.0
gid://shopify/LineItem/2155371462734,3158,20250320,20,1757,163,1,1,531.93,531.93,585.123,53.193,10.0
gid://shopify/LineItem/2159671935054,6085,20250323,863,3933,92,1,1,555.13,555.13,610.643,55.513,10.0
gid://shopify/LineItem/2155200217166,3042,20250320,1,1128,197,1,1,517.13,517.13,568.843,51.713,10.0
gid://shopify/LineItem/2157057507406,4301,20250322,1,3934,89,1,1,674.33,674.33,741.763,67.433,10.0
gid://shopify/LineItem/2152291074126,759,20250318,179,3935,232,1,1,595.93,595.93,655.523,59.593,10.0
gid://shopify/LineItem/2161468964942,7403,20250324,20,3936,372,1,1,733.13,733.13,806.443,73.313,10.0
gid://shopify/LineItem/2152980250702,1104,20250319,315,3937,238,1,1,527.13,527.13,579.843,52.713,10.0
gid://shopify/LineItem/2161450483790,7394,20250324,595,3637,347,1,1,517.53,517.53,569.283,51.753,10.0
gid://shopify/LineItem/2157045973070,4284,20250322,20,3938,216,1,1,527.13,527.13,579.843,52.713,10.0
gid://shopify/LineItem/2153950806094,1959,20250319,182,1421,35,1,1,537.13,537.13,590.843,53.713,10.0
gid://shopify/LineItem/2158051983438,5209,20250322,182,3939,182,1,1,517.53,517.53,569.283,51.753,10.0
gid://shopify/LineItem/2158944780366,5601,20250323,182,3940,244,1,1,587.93,587.93,646.723,58.793,10.0
gid://shopify/LineItem/2160407281742,6577,20250324,21,2669,114,1,1,659.63,659.63,725.593,65.963,10.0
gid://shopify/LineItem/2153029697614,1149,20250319,44,183,72,1,1,537.13,537.13,590.843,53.713,10.0
gid://shopify/LineItem/2152880734286,1003,20250319,363,3941,182,1,1,753.13,753.13,828.443,75.313,10.0
gid://shopify/LineItem/2157154631758,4438,20250322,363,2370,325,1,1,527.13,527.13,579.843,52.713,10.0
gid://shopify/LineItem/2154892689486,2708,20250320,363,3942,100,1,1,587.93,587.93,646.723,58.793,10.0
gid://shopify/LineItem/2160811278414,6932,20250324,20,102,232,1,1,537.13,537.13,590.843,53.713,10.0
gid://shopify/LineItem/2160345841742,6525,20250324,316,3666,92,1,1,527.13,527.13,579.843,52.713,10.0
gid://shopify/LineItem/2157362315342,4656,20250322,486,3437,141,1,1,517.13,517.13,568.843,51.713,10.0
gid://shopify/LineItem/2157620461646,4866,20250322,486,1862,223,1,1,501.53,501.53,551.683,50.153,10.0
gid://shopify/LineItem/2161052024910,7109,20250324,1,3943,53,1,1,615.13,615.13,676.643,61.513,10.0
gid://shopify/LineItem/2153838182478,1893,20250319,820,2064,16,1,1,493.53,493.53,542.883,49.353,10.0
gid://shopify/LineItem/2158854275150,5533,20250323,443,378,418,1,1,507.13,507.13,557.843,50.713,10.0
gid://shopify/LineItem/2151807582286,427,20250318,20,3944,93,1,1,485.53,485.53,534.083,48.553,10.0
gid://shopify/LineItem/2155224170574,3064,20250320,798,3898,141,1,1,595.13,595.13,654.643,59.513,10.0
gid://shopify/LineItem/2153265201230,1374,20250319,177,3945,482,1,1,497.13,497.13,546.843,49.713,10.0
gid://shopify/LineItem/2152970125390,1090,20250319,864,3456,127,1,1,497.13,497.13,546.843,49.713,10.0
gid://shopify/LineItem/2157955383374,5136,20250322,21,3350,173,1,1,527.13,527.13,579.843,52.713,10.0
gid://shopify/LineItem/2159252406350,5816,20250323,179,3946,414,1,1,517.53,517.53,569.283,51.753,10.0
gid://shopify/LineItem/2154755555406,2575,20250320,20,897,386,1,1,497.13,497.13,546.843,49.713,10.0
gid://shopify/LineItem/2158881701966,5558,20250323,20,2423,20,1,1,497.13,497.13,546.843,49.713,10.0
gid://shopify/LineItem/2154755686478,2576,20250320,20,625,3,1,1,485.53,485.53,534.083,48.553,10.0
gid://shopify/LineItem/2159914909774,6233,20250324,20,553,43,1,1,585.13,585.13,643.643,58.513,10.0
gid://shopify/LineItem/2160239083598,6380,20250324,865,2163,100,1,1,509.53,509.53,560.483,50.953,10.0
gid://shopify/LineItem/2160430415950,6596,20250324,731,1284,63,1,1,587.93,587.93,646.723,58.793,10.0
gid://shopify/LineItem/2152356905038,799,20250318,693,3947,41,1,1,517.53,517.53,569.283,51.753,10.0
gid://shopify/LineItem/2161121198158,7166,20250324,182,3696,204,1,1,579.93,579.93,637.923,57.993,10.0
gid://shopify/LineItem/2153078063182,1197,20250319,1,3948,163,1,1,497.13,497.13,546.843,49.713,10.0
gid://shopify/LineItem/2152893775950,1013,20250319,866,3949,79,1,1,635.13,635.13,698.643,63.513,10.0
gid://shopify/LineItem/2156446285902,3927,20250321,599,2158,16,1,1,527.13,527.13,579.843,52.713,10.0
gid://shopify/LineItem/2155099127886,2942,20250320,867,659,411,1,1,537.13,537.13,590.843,53.713,10.0
gid://shopify/LineItem/2160317235278,6489,20250324,20,3950,354,1,1,537.13,537.13,590.843,53.713,10.0
gid://shopify/LineItem/2152538341454,906,20250318,868,3223,19,1,1,493.53,493.53,542.883,49.353,10.0
gid://shopify/LineItem/2155161747534,3000,20250320,20,1285,53,1,1,497.13,497.13,546.843,49.713,10.0
gid://shopify/LineItem/2153429925966,1509,20250319,603,2775,274,1,1,683.13,683.13,751.443,68.313,10.0
gid://shopify/LineItem/2154334650446,2078,20250320,869,3781,93,1,1,497.13,497.13,546.843,49.713,10.0
gid://shopify/LineItem/2153670279246,1734,20250319,179,3951,336,1,1,595.93,595.93,655.523,59.593,10.0
gid://shopify/LineItem/2157231997006,4524,20250322,177,3952,288,1,1,485.53,485.53,534.083,48.553,10.0
gid://shopify/LineItem/2157249101902,4546,20250322,177,3953,85,1,1,485.53,485.53,534.083,48.553,10.0
gid://shopify/LineItem/2157682196558,4931,20250322,177,3954,109,1,1,482.63,482.63,530.893,48.263,10.0
gid://shopify/LineItem/2161508843598,7429,20250324,20,3955,176,1,1,555.93,555.93,611.523,55.593,10.0
gid://shopify/LineItem/2158210580558,5281,20250322,20,3956,156,1,1,497.13,497.13,546.843,49.713,10.0
gid://shopify/LineItem/2154314825806,2073,20250320,1,3639,116,1,1,605.13,605.13,665.643,60.513,10.0
gid://shopify/LineItem/2159734915150,6134,20250323,179,3957,126,1,1,625.13,625.13,687.643,62.513,10.0
gid://shopify/LineItem/2154125361230,2046,20250320,20,3958,24,1,1,485.53,485.53,534.083,48.553,10.0
gid://shopify/LineItem/2154733502542,2546,20250320,20,3959,16,1,1,485.53,485.53,534.083,48.553,10.0
gid://shopify/LineItem/2159806152782,6178,20250323,188,1819,447,1,1,512.63,512.63,563.893,51.263,10.0
gid://shopify/LineItem/2157995032654,5163,20250322,188,3960,144,1,1,537.13,537.13,590.843,53.713,10.0
gid://shopify/LineItem/2159330984014,5861,20250323,179,3961,248,1,1,674.33,674.33,741.763,67.433,10.0
gid://shopify/LineItem/2156145049678,3672,20250321,179,3846,60,1,1,512.63,512.63,563.893,51.263,10.0
gid://shopify/LineItem/2156998328398,4204,20250322,20,3962,100,1,1,595.13,595.13,654.643,59.513,10.0
gid://shopify/LineItem/2159989194830,6249,20250324,20,1644,34,1,1,537.13,537.13,590.843,53.713,10.0
gid://shopify/LineItem/2154607116366,2411,20250320,317,2667,280,1,1,527.13,527.13,579.843,52.713,10.0
gid://shopify/LineItem/2157009567822,4224,20250322,317,3211,73,1,1,527.13,527.13,579.843,52.713,10.0
gid://shopify/LineItem/2151369048142,48,20250318,449,3963,26,1,1,517.53,517.53,569.283,51.753,10.0
gid://shopify/LineItem/2155076976718,2923,20250320,364,3062,83,1,1,527.13,527.13,579.843,52.713,10.0
gid://shopify/LineItem/2153970335822,1973,20250319,364,434,210,1,1,509.53,509.53,560.483,50.953,10.0
gid://shopify/LineItem/2157017432142,4235,20250322,364,2994,204,1,1,509.53,509.53,560.483,50.953,10.0
gid://shopify/LineItem/2152130805838,668,20250318,179,686,29,1,1,595.93,595.93,655.523,59.593,10.0
gid://shopify/LineItem/2153269493838,1381,20250319,179,3964,213,1,1,517.53,517.53,569.283,51.753,10.0
gid://shopify/LineItem/2157963935822,5142,20250322,188,3965,80,1,1,635.13,635.13,698.643,63.513,10.0
gid://shopify/LineItem/2153750888526,1823,20250319,188,226,51,1,1,517.53,517.53,569.283,51.753,10.0
gid://shopify/LineItem/2156202655822,3722,20250321,188,3966,187,1,1,517.53,517.53,569.283,51.753,10.0
gid://shopify/LineItem/2153640984654,1704,20250319,177,3967,121,1,1,497.13,497.13,546.843,49.713,10.0
gid://shopify/LineItem/2160224567374,6356,20250324,177,2162,5,1,1,497.13,497.13,546.843,49.713,10.0
gid://shopify/LineItem/2152682881102,964,20250319,179,3499,80,1,1,537.13,537.13,590.843,53.713,10.0
gid://shopify/LineItem/2154064805966,2024,20250319,179,273,127,1,1,635.13,635.13,698.643,63.513,10.0
gid://shopify/LineItem/2159188901966,5770,20250323,179,3968,85,1,1,537.13,537.13,590.843,53.713,10.0
gid://shopify/LineItem/2160237903950,6378,20250324,179,1673,11,1,1,635.13,635.13,698.643,63.513,10.0
gid://shopify/LineItem/2160254189646,6411,20250324,177,3270,189,1,1,497.13,497.13,546.843,49.713,10.0
gid://shopify/LineItem/2151817019470,436,20250318,188,2987,141,1,1,635.13,635.13,698.643,63.513,10.0
gid://shopify/LineItem/2155040505934,2877,20250320,20,3969,367,1,1,527.13,527.13,579.843,52.713,10.0
gid://shopify/LineItem/2157072678990,4325,20250322,20,10,13,1,1,509.53,509.53,560.483,50.953,10.0
gid://shopify/LineItem/2155960074318,3517,20250321,179,3527,179,1,1,733.13,733.13,806.443,73.313,10.0
gid://shopify/LineItem/2158766424142,5488,20250323,179,3753,247,1,1,537.13,537.13,590.843,53.713,10.0
gid://shopify/LineItem/2160378052686,6559,20250324,179,1216,3,1,1,635.13,635.13,698.643,63.513,10.0
gid://shopify/LineItem/2153568567374,1643,20250319,179,3970,364,1,1,517.53,517.53,569.283,51.753,10.0
gid://shopify/LineItem/2155197399118,3038,20250320,179,3971,59,1,1,517.53,517.53,569.283,51.753,10.0
gid://shopify/LineItem/2156206456910,3728,20250321,179,3972,34,1,1,517.53,517.53,569.283,51.753,10.0
gid://shopify/LineItem/2154625466446,2430,20250320,317,3973,32,1,1,505.13,505.13,555.643,50.513,10.0
gid://shopify/LineItem/2161328554062,7327,20250324,317,3842,141,1,1,527.13,527.13,579.843,52.713,10.0
gid://shopify/LineItem/2153946710094,1957,20250319,179,3974,13,1,1,693.13,693.13,762.443,69.313,10.0
gid://shopify/LineItem/2159305654350,5843,20250323,179,1565,21,1,1,571.93,571.93,629.123,57.193,10.0
gid://shopify/LineItem/2158600224846,5408,20250323,662,2612,210,1,1,615.13,615.13,676.643,61.513,10.0
gid://shopify/LineItem/2155923079246,3497,20250321,870,3975,92,1,1,517.53,517.53,569.283,51.753,10.0
gid://shopify/LineItem/2159276949582,5830,20250323,174,321,348,1,1,485.53,485.53,534.083,48.553,10.0
gid://shopify/LineItem/2160495984718,6668,20250324,174,3976,84,1,1,485.53,485.53,534.083,48.553,10.0
gid://shopify/LineItem/2160561848398,6720,20250324,179,1093,61,1,1,537.13,537.13,590.843,53.713,10.0
gid://shopify/LineItem/2152959737934,1076,20250319,179,377,319,1,1,517.53,517.53,569.283,51.753,10.0
gid://shopify/LineItem/2155143430222,2981,20250320,179,3088,190,1,1,595.93,595.93,655.523,59.593,10.0
gid://shopify/LineItem/2158050934862,5208,20250322,177,1366,175,1,1,497.13,497.13,546.843,49.713,10.0
gid://shopify/LineItem/2159513010254,5984,20250323,177,107,298,1,1,497.13,497.13,546.843,49.713,10.0
gid://shopify/LineItem/2155061706830,2902,20250320,188,3977,232,1,1,537.13,537.13,590.843,53.713,10.0
gid://shopify/LineItem/2153437298766,1514,20250319,179,954,483,1,1,537.13,537.13,590.843,53.713,10.0
gid://shopify/LineItem/2156371116110,3852,20250321,20,3930,186,1,1,517.53,517.53,569.283,51.753,10.0
gid://shopify/LineItem/2160313532494,6486,20250324,317,2629,3,1,1,587.93,587.93,646.723,58.793,10.0
gid://shopify/LineItem/2154008313934,1999,20250319,179,3819,251,1,1,517.53,517.53,569.283,51.753,10.0
gid://shopify/LineItem/2154770366542,2592,20250320,179,331,17,1,1,517.53,517.53,569.283,51.753,10.0
gid://shopify/LineItem/2156513394766,3984,20250321,199,1229,266,1,1,527.13,527.13,579.843,52.713,10.0
gid://shopify/LineItem/2156262228046,3774,20250321,174,1937,288,1,1,509.53,509.53,560.483,50.953,10.0
gid://shopify/LineItem/2161462706254,7398,20250324,177,3978,232,1,1,485.53,485.53,534.083,48.553,10.0
gid://shopify/LineItem/2160433004622,6597,20250324,20,2619,100,1,1,497.13,497.13,546.843,49.713,10.0
gid://shopify/LineItem/2156609929294,4055,20250321,20,3979,279,1,1,485.53,485.53,534.083,48.553,10.0
gid://shopify/LineItem/2153554411598,1622,20250319,188,1726,176,1,1,537.13,537.13,590.843,53.713,10.0
gid://shopify/LineItem/2158353907790,5317,20250323,1,3980,5,1,1,517.53,517.53,569.283,51.753,10.0
gid://shopify/LineItem/2154346676302,2095,20250320,317,3960,252,1,1,625.13,625.13,687.643,62.513,10.0
gid://shopify/LineItem/2157022314574,4246,20250322,317,819,149,1,1,527.13,527.13,579.843,52.713,10.0
gid://shopify/LineItem/2154900160590,2714,20250320,317,2026,203,1,1,509.53,509.53,560.483,50.953,10.0
gid://shopify/LineItem/2155141398606,2978,20250320,317,1819,94,1,1,509.53,509.53,560.483,50.953,10.0
gid://shopify/LineItem/2158243151950,5295,20250323,317,2626,215,1,1,509.53,509.53,560.483,50.953,10.0
gid://shopify/LineItem/2151745192014,362,20250318,20,1897,319,1,1,497.13,497.13,546.843,49.713,10.0
gid://shopify/LineItem/2155995529294,3543,20250321,20,1079,3,1,1,497.13,497.13,546.843,49.713,10.0
gid://shopify/LineItem/2160217817166,6349,20250324,1,2772,19,1,1,517.53,517.53,569.283,51.753,10.0
gid://shopify/LineItem/2156552093774,4017,20250321,610,3981,46,1,1,537.13,537.13,590.843,53.713,10.0
gid://shopify/LineItem/2160184393806,6307,20250324,610,3982,205,1,1,537.13,537.13,590.843,53.713,10.0
gid://shopify/LineItem/2160257040462,6416,20250324,20,1772,78,1,1,497.13,497.13,546.843,49.713,10.0
gid://shopify/LineItem/2160667721806,6808,20250324,611,2182,348,1,1,527.13,527.13,579.843,52.713,10.0
gid://shopify/LineItem/2154642636878,2442,20250320,612,1438,205,1,1,537.13,537.13,590.843,53.713,10.0
gid://shopify/LineItem/2153686630478,1747,20250319,174,3983,357,1,1,587.93,587.93,646.723,58.793,10.0
gid://shopify/LineItem/2156162089038,3686,20250321,20,1939,13,1,1,650.33,650.33,715.363,65.033,10.0
gid://shopify/LineItem/2151521550414,170,20250318,365,3984,33,1,1,527.13,527.13,579.843,52.713,10.0
gid://shopify/LineItem/2157324468302,4615,20250322,365,3764,194,1,1,527.13,527.13,579.843,52.713,10.0
gid://shopify/LineItem/2157989298254,5160,20250322,174,603,222,1,1,527.13,527.13,579.843,52.713,10.0
gid://shopify/LineItem/2154688643150,2491,20250320,332,3985,70,1,1,517.13,517.13,568.843,51.713,10.0
gid://shopify/LineItem/2155855970382,3429,20250321,365,3705,157,1,1,801.13,801.13,881.243,80.113,10.0
gid://shopify/LineItem/2151922139214,523,20250318,332,361,62,1,1,618.33,618.33,680.163,61.833,10.0
gid://shopify/LineItem/2153127247950,1248,20250319,332,3986,134,1,1,602.33,602.33,662.563,60.233,10.0
gid://shopify/LineItem/2157804093518,5005,20250322,871,1364,70,1,1,517.53,517.53,569.283,51.753,10.0
gid://shopify/LineItem/2152050098254,607,20250318,872,3987,222,1,1,527.13,527.13,579.843,52.713,10.0
gid://shopify/LineItem/2157208469582,4501,20250322,174,907,145,1,1,539.93,539.93,593.923,53.993,10.0
gid://shopify/LineItem/2159819194446,6185,20250323,790,3265,477,1,1,509.53,509.53,560.483,50.953,10.0
gid://shopify/LineItem/2153162276942,1280,20250319,20,3988,36,1,1,497.13,497.13,546.843,49.713,10.0
gid://shopify/LineItem/2153067184206,1187,20250319,366,3989,150,1,1,723.13,723.13,795.443,72.313,10.0
gid://shopify/LineItem/2156018794574,3572,20250321,319,3990,286,1,1,537.13,537.13,590.843,53.713,10.0
gid://shopify/LineItem/2153701048398,1763,20250319,320,3991,99,1,1,537.13,537.13,590.843,53.713,10.0
gid://shopify/LineItem/2154472669262,2261,20250320,320,2850,89,1,1,635.13,635.13,698.643,63.513,10.0
gid://shopify/LineItem/2160649601102,6797,20250324,320,3764,62,1,1,635.13,635.13,698.643,63.513,10.0
gid://shopify/LineItem/2151783301198,408,20250318,319,929,62,1,1,537.13,537.13,590.843,53.713,10.0
gid://shopify/LineItem/2153177284686,1295,20250319,319,3992,40,1,1,537.13,537.13,590.843,53.713,10.0
gid://shopify/LineItem/2154326392910,2076,20250320,319,3105,121,1,1,537.13,537.13,590.843,53.713,10.0
gid://shopify/LineItem/2155718639694,3287,20250321,320,3993,146,1,1,537.13,537.13,590.843,53.713,10.0
gid://shopify/LineItem/2156525420622,3998,20250321,320,1848,163,1,1,517.53,517.53,569.283,51.753,10.0
gid://shopify/LineItem/2160264904782,6426,20250324,320,3570,279,1,1,517.53,517.53,569.283,51.753,10.0
gid://shopify/LineItem/2151545700430,201,20250318,174,3994,19,1,1,527.13,527.13,579.843,52.713,10.0
gid://shopify/LineItem/2153532325966,1598,20250319,450,2681,72,1,1,517.53,517.53,569.283,51.753,10.0
gid://shopify/LineItem/2160509714510,6677,20250324,450,3995,200,1,1,517.53,517.53,569.283,51.753,10.0
gid://shopify/LineItem/2152125136974,661,20250318,1,3642,143,1,1,497.13,497.13,546.843,49.713,10.0
gid://shopify/LineItem/2156761284686,4141,20250322,1,3932,97,1,1,497.13,497.13,546.843,49.713,10.0
gid://shopify/LineItem/2154511368270,2324,20250320,873,3996,53,1,1,537.13,537.13,590.843,53.713,10.0
gid://shopify/LineItem/2161187848270,7229,20250324,455,227,109,1,1,537.13,537.13,590.843,53.713,10.0
gid://shopify/LineItem/2160231874638,6369,20250324,1,1617,15,1,1,517.13,517.13,568.843,51.713,10.0
gid://shopify/LineItem/2153876521038,1919,20250319,456,3545,16,1,1,537.13,537.13,590.843,53.713,10.0
gid://shopify/LineItem/2155148935246,2989,20250320,456,2117,1,1,1,537.13,537.13,590.843,53.713,10.0
gid://shopify/LineItem/2158169358414,5268,20250322,1,3997,17,1,1,517.13,517.13,568.843,51.713,10.0
gid://shopify/LineItem/2156448907342,3932,20250321,21,512,57,1,1,547.93,547.93,602.723,54.793,10.0
gid://shopify/LineItem/2153433956430,1513,20250319,20,2363,357,1,1,509.53,509.53,560.483,50.953,10.0
gid://shopify/LineItem/2158105526350,5236,20250322,21,1025,99,1,1,509.53,509.53,560.483,50.953,10.0
gid://shopify/LineItem/2151758463054,378,20250318,20,3998,19,1,1,527.13,527.13,579.843,52.713,10.0
gid://shopify/LineItem/2156715606094,4126,20250321,616,1227,53,1,1,517.53,517.53,569.283,51.753,10.0
gid://shopify/LineItem/2154480762958,2271,20250320,367,3999,290,1,1,585.13,585.13,643.643,58.513,10.0
gid://shopify/LineItem/2160428089422,6593,20250324,20,4000,50,1,1,507.13,507.13,557.843,50.713,10.0
gid://shopify/LineItem/2161171038286,7207,20250324,20,882,74,1,1,527.13,527.13,579.843,52.713,10.0
gid://shopify/LineItem/2160660414542,6804,20250324,20,191,238,1,1,509.53,509.53,560.483,50.953,10.0
gid://shopify/LineItem/2159826403406,6190,20250323,1,4001,244,1,1,537.13,537.13,590.843,53.713,10.0
gid://shopify/LineItem/2157761134670,4984,20250322,20,4002,119,1,1,537.13,537.13,590.843,53.713,10.0
gid://shopify/LineItem/2157653295182,4901,20250322,21,4003,324,1,1,527.13,527.13,579.843,52.713,10.0
gid://shopify/LineItem/2153184460878,1301,20250319,20,3553,121,1,1,527.13,527.13,579.843,52.713,10.0
gid://shopify/LineItem/2155322736718,3130,20250320,20,495,106,1,1,527.13,527.13,579.843,52.713,10.0
gid://shopify/LineItem/2156253970510,3769,20250321,20,2979,3,1,1,527.13,527.13,579.843,52.713,10.0
gid://shopify/LineItem/2160416292942,6582,20250324,457,60,197,1,1,548.63,548.63,603.493,54.863,10.0
gid://shopify/LineItem/2154759553102,2583,20250320,321,2276,57,1,1,509.53,509.53,560.483,50.953,10.0
gid://shopify/LineItem/2157872250958,5066,20250322,1,4004,176,1,1,493.53,493.53,542.883,49.353,10.0
gid://shopify/LineItem/2153707012174,1773,20250319,1,550,420,1,1,517.53,517.53,569.283,51.753,10.0
gid://shopify/LineItem/2156991381582,4198,20250322,20,4005,309,1,1,595.93,595.93,655.523,59.593,10.0
gid://shopify/LineItem/2151529611342,178,20250318,20,2029,150,1,1,527.13,527.13,579.843,52.713,10.0
gid://shopify/LineItem/2153625157710,1690,20250319,1,3204,68,1,1,517.53,517.53,569.283,51.753,10.0
gid://shopify/LineItem/2153985179726,1987,20250319,20,2907,449,1,1,509.53,509.53,560.483,50.953,10.0
gid://shopify/LineItem/2160406200398,6575,20250324,20,497,43,1,1,509.53,509.53,560.483,50.953,10.0
gid://shopify/LineItem/2160197828686,6321,20250324,1,839,50,1,1,493.53,493.53,542.883,49.353,10.0
gid://shopify/LineItem/2155863212110,3436,20250321,1,4006,52,1,1,517.53,517.53,569.283,51.753,10.0
gid://shopify/LineItem/2160709599310,6852,20250324,1,1374,347,1,1,537.13,537.13,590.843,53.713,10.0
gid://shopify/LineItem/2156004311118,3556,20250321,20,4007,111,1,1,507.13,507.13,557.843,50.713,10.0
gid://shopify/LineItem/2161246142542,7279,20250324,20,4008,32,1,1,509.53,509.53,560.483,50.953,10.0
gid://shopify/LineItem/2153705898062,1771,20250319,175,1581,100,1,1,493.53,493.53,542.883,49.353,10.0
gid://shopify/LineItem/2154561830990,2372,20250320,1,1833,342,1,1,493.53,493.53,542.883,49.353,10.0
gid://shopify/LineItem/2160467542094,6636,20250324,20,1725,121,1,1,571.93,571.93,629.123,57.193,10.0
gid://shopify/LineItem/2151658192974,300,20250318,1,2348,78,1,1,537.13,537.13,590.843,53.713,10.0
gid://shopify/LineItem/2154938597454,2759,20250320,20,274,39,1,1,527.13,527.13,579.843,52.713,10.0
gid://shopify/LineItem/2161124474958,7168,20250324,20,1878,68,1,1,527.13,527.13,579.843,52.713,10.0
gid://shopify/LineItem/2154425778254,2208,20250320,198,2176,28,1,1,571.93,571.93,629.123,57.193,10.0
gid://shopify/LineItem/2152296775758,763,20250318,1,229,164,1,1,537.13,537.13,590.843,53.713,10.0
gid://shopify/LineItem/2153209593934,1324,20250319,1,4009,19,1,1,537.13,537.13,590.843,53.713,10.0
gid://shopify/LineItem/2160733323342,6873,20250324,1,36,365,1,1,537.13,537.13,590.843,53.713,10.0
gid://shopify/LineItem/2157639598158,4889,20250322,450,4010,84,1,1,507.13,507.13,557.843,50.713,10.0
gid://shopify/LineItem/2157127237710,4407,20250322,20,4011,322,1,1,527.13,527.13,579.843,52.713,10.0
gid://shopify/LineItem/2156557140046,4019,20250321,20,3564,19,1,1,509.53,509.53,560.483,50.953,10.0
gid://shopify/LineItem/2154883481678,2695,20250320,1,827,108,1,1,507.13,507.13,557.843,50.713,10.0
gid://shopify/LineItem/2156315443278,3809,20250321,1,4012,76,1,1,507.13,507.13,557.843,50.713,10.0
gid://shopify/LineItem/2155754356814,3327,20250321,1,2272,204,1,1,595.93,595.93,655.523,59.593,10.0
gid://shopify/LineItem/2152181301326,702,20250318,1,2868,40,1,1,512.63,512.63,563.893,51.263,10.0
gid://shopify/LineItem/2156419186766,3900,20250321,175,4013,19,1,1,493.53,493.53,542.883,49.353,10.0
gid://shopify/LineItem/2160483500110,6655,20250324,1,2569,36,1,1,507.13,507.13,557.843,50.713,10.0
gid://shopify/LineItem/2158862827598,5546,20250323,1,2446,10,1,1,537.13,537.13,590.843,53.713,10.0
gid://shopify/LineItem/2161427611726,7384,20250324,1,3095,200,1,1,537.13,537.13,590.843,53.713,10.0
gid://shopify/LineItem/2154340221006,2088,20250320,1,1289,54,1,1,537.13,537.13,590.843,53.713,10.0
gid://shopify/LineItem/2154959568974,2781,20250320,1,4014,2,1,1,537.13,537.13,590.843,53.713,10.0
gid://shopify/LineItem/2155928322126,3499,20250321,198,2637,87,1,1,507.13,507.13,557.843,50.713,10.0
gid://shopify/LineItem/2160261759054,6420,20250324,177,411,200,1,1,517.53,517.53,569.283,51.753,10.0
gid://shopify/LineItem/2157788921934,4998,20250322,177,1251,122,1,1,537.13,537.13,590.843,53.713,10.0
gid://shopify/LineItem/2152529756238,903,20250318,177,634,216,1,1,537.13,537.13,590.843,53.713,10.0
gid://shopify/LineItem/2157924450382,5107,20250322,177,1698,41,1,1,537.13,537.13,590.843,53.713,10.0
gid://shopify/LineItem/2153886974030,1926,20250319,177,3650,32,1,1,517.53,517.53,569.283,51.753,10.0
gid://shopify/LineItem/2159118516302,5724,20250323,1,3280,204,1,1,537.13,537.13,590.843,53.713,10.0
gid://shopify/LineItem/2157119176782,4399,20250322,21,2557,23,1,1,537.13,537.13,590.843,53.713,10.0
gid://shopify/LineItem/2151444840526,100,20250318,177,3954,100,1,1,665.13,665.13,731.643,66.513,10.0
gid://shopify/LineItem/2152948465742,1068,20250319,177,4015,477,1,1,537.13,537.13,590.843,53.713,10.0
gid://shopify/LineItem/2160310026318,6479,20250324,1,3793,40,1,1,659.63,659.63,725.593,65.963,10.0
gid://shopify/LineItem/2158491107406,5345,20250323,21,489,73,1,1,537.13,537.13,590.843,53.713,10.0
gid://shopify/LineItem/2160666705998,6807,20250324,1,3426,93,1,1,537.13,537.13,590.843,53.713,10.0
gid://shopify/LineItem/2156979290190,4187,20250322,1,4016,244,1,1,537.13,537.13,590.843,53.713,10.0
gid://shopify/LineItem/2157477527630,4754,20250322,1,4017,92,1,1,537.13,537.13,590.843,53.713,10.0
gid://shopify/LineItem/2156631392334,4063,20250321,1,3014,471,1,1,517.53,517.53,569.283,51.753,10.0
gid://shopify/LineItem/2160417964110,6583,20250324,1,4018,441,1,1,517.53,517.53,569.283,51.753,10.0
gid://shopify/LineItem/2155175542862,3010,20250320,620,398,163,1,1,527.13,527.13,579.843,52.713,10.0
gid://shopify/LineItem/2156223987790,3742,20250321,620,4019,3,1,1,527.13,527.13,579.843,52.713,10.0
gid://shopify/LineItem/2157246349390,4543,20250322,1,3964,161,1,1,517.53,517.53,569.283,51.753,10.0
gid://shopify/LineItem/2156637192270,4069,20250321,1,2717,8,1,1,587.93,587.93,646.723,58.793,10.0
gid://shopify/LineItem/2160644259918,6789,20250324,331,2437,28,1,1,537.13,537.13,590.843,53.713,10.0
gid://shopify/LineItem/2153683779662,1746,20250319,736,4020,1,1,1,527.13,527.13,579.843,52.713,10.0
gid://shopify/LineItem/2157218824270,4509,20250322,1,4021,185,1,1,537.13,537.13,590.843,53.713,10.0
gid://shopify/LineItem/2160463872078,6630,20250324,1,4022,209,1,1,517.53,517.53,569.283,51.753,10.0
gid://shopify/LineItem/2155668602958,3246,20250321,822,61,89,1,1,587.93,587.93,646.723,58.793,10.0
gid://shopify/LineItem/2157028212814,4254,20250322,1,2951,13,1,1,635.13,635.13,698.643,63.513,10.0
gid://shopify/LineItem/2156330025038,3816,20250321,1,129,179,1,1,537.13,537.13,590.843,53.713,10.0
gid://shopify/LineItem/2155890245710,3462,20250321,20,3582,174,1,1,517.53,517.53,569.283,51.753,10.0
gid://shopify/LineItem/2151753089102,369,20250318,1,1927,329,1,1,485.53,485.53,534.083,48.553,10.0
gid://shopify/LineItem/2154347921486,2099,20250320,177,4023,102,1,1,537.13,537.13,590.843,53.713,10.0
gid://shopify/LineItem/2155302781006,3116,20250320,177,1184,342,1,1,537.13,537.13,590.843,53.713,10.0
gid://shopify/LineItem/2154986766414,2811,20250320,177,1685,50,1,1,517.53,517.53,569.283,51.753,10.0
gid://shopify/LineItem/2153408331854,1486,20250319,20,2599,58,1,1,537.13,537.13,590.843,53.713,10.0
gid://shopify/LineItem/2160822321230,6944,20250324,177,4024,336,1,1,537.13,537.13,590.843,53.713,10.0
gid://shopify/LineItem/2156976242766,4183,20250322,802,274,21,1,1,527.13,527.13,579.843,52.713,10.0
gid://shopify/LineItem/2155070521422,2913,20250320,874,4025,32,1,1,517.13,517.13,568.843,51.713,10.0
gid://shopify/LineItem/2156166873166,3691,20250321,622,4026,458,1,1,517.13,517.13,568.843,51.713,10.0
gid://shopify/LineItem/2157881950286,5074,20250322,622,2055,273,1,1,517.13,517.13,568.843,51.713,10.0
gid://shopify/LineItem/2155068948558,2910,20250320,174,1730,113,1,1,537.13,537.13,590.843,53.713,10.0
gid://shopify/LineItem/2156183060558,3704,20250321,174,2748,41,1,1,537.13,537.13,590.843,53.713,10.0
gid://shopify/LineItem/2153007546446,1128,20250319,20,4027,63,1,1,497.13,497.13,546.843,49.713,10.0
gid://shopify/LineItem/2158158807118,5260,20250322,368,2216,53,1,1,517.13,517.13,568.843,51.713,10.0
gid://shopify/LineItem/2156370690126,3848,20250321,337,4028,43,1,1,537.13,537.13,590.843,53.713,10.0
gid://shopify/LineItem/2158004863054,5172,20250322,337,4029,126,1,1,537.13,537.13,590.843,53.713,10.0
gid://shopify/LineItem/2158031896654,5196,20250322,337,4030,330,1,1,517.53,517.53,569.283,51.753,10.0
gid://shopify/LineItem/2157710770254,4952,20250322,875,4031,151,1,1,517.53,517.53,569.283,51.753,10.0
gid://shopify/LineItem/2153759211598,1827,20250319,623,4030,20,1,1,501.53,501.53,551.683,50.153,10.0
gid://shopify/LineItem/2156200951886,3719,20250321,174,1471,204,1,1,537.13,537.13,590.843,53.713,10.0
gid://shopify/LineItem/2154557243470,2368,20250320,174,1186,34,1,1,517.53,517.53,569.283,51.753,10.0
gid://shopify/LineItem/2153719889998,1786,20250319,174,4032,16,1,1,517.53,517.53,569.283,51.753,10.0
gid://shopify/LineItem/2160215654478,6343,20250324,20,4033,109,1,1,485.53,485.53,534.083,48.553,10.0
gid://shopify/LineItem/2154827055182,2652,20250320,459,4034,39,1,1,517.13,517.13,568.843,51.713,10.0
gid://shopify/LineItem/2156129583182,3661,20250321,459,165,290,1,1,517.13,517.13,568.843,51.713,10.0
gid://shopify/LineItem/2160172105806,6294,20250324,459,3996,83,1,1,517.13,517.13,568.843,51.713,10.0
gid://shopify/LineItem/2160281092174,6448,20250324,459,4035,16,1,1,517.13,517.13,568.843,51.713,10.0
gid://shopify/LineItem/2160594452558,6748,20250324,174,4036,297,1,1,537.13,537.13,590.843,53.713,10.0
gid://shopify/LineItem/2151436877902,89,20250318,174,4037,187,1,1,517.53,517.53,569.283,51.753,10.0
gid://shopify/LineItem/2152254767182,731,20250318,1,3151,103,1,1,537.13,537.13,590.843,53.713,10.0
gid://shopify/LineItem/2157067534414,4315,20250322,1,4038,284,1,1,537.13,537.13,590.843,53.713,10.0
gid://shopify/LineItem/2157003440206,4214,20250322,747,1944,83,1,1,537.13,537.13,590.843,53.713,10.0
gid://shopify/LineItem/2157838434382,5034,20250322,747,1626,305,1,1,537.13,537.13,590.843,53.713,10.0
gid://shopify/LineItem/2159031025742,5665,20250323,747,4039,11,1,1,537.13,537.13,590.843,53.713,10.0
gid://shopify/LineItem/2159571238990,6024,20250323,747,2661,183,1,1,517.53,517.53,569.283,51.753,10.0
gid://shopify/LineItem/2160931733582,7021,20250324,747,2482,227,1,1,517.53,517.53,569.283,51.753,10.0
gid://shopify/LineItem/2155099684942,2944,20250320,1,4040,143,1,1,537.13,537.13,590.843,53.713,10.0
gid://shopify/LineItem/2161235329102,7269,20250324,1,818,32,1,1,537.13,537.13,590.843,53.713,10.0
gid://shopify/LineItem/2153008726094,1130,20250319,174,2955,299,1,1,537.13,537.13,590.843,53.713,10.0
gid://shopify/LineItem/2156896026702,4167,20250322,676,4041,16,1,1,512.63,512.63,563.893,51.263,10.0
gid://shopify/LineItem/2156340510798,3825,20250321,1,1755,232,1,1,537.13,537.13,590.843,53.713,10.0
gid://shopify/LineItem/2152283406414,752,20250318,20,2810,72,1,1,497.13,497.13,546.843,49.713,10.0
gid://shopify/LineItem/2159103606862,5713,20250323,322,2596,216,1,1,537.13,537.13,590.843,53.713,10.0
gid://shopify/LineItem/2154543218766,2350,20250320,20,2328,218,1,1,537.13,537.13,590.843,53.713,10.0
gid://shopify/LineItem/2156574310478,4029,20250321,20,4042,219,1,1,595.93,595.93,655.523,59.593,10.0
gid://shopify/LineItem/2155131928654,2968,20250320,1,1604,3,1,1,537.13,537.13,590.843,53.713,10.0
gid://shopify/LineItem/2156117164110,3649,20250321,1,60,5,1,1,537.13,537.13,590.843,53.713,10.0
gid://shopify/LineItem/2152836923470,983,20250319,1,3882,204,1,1,517.53,517.53,569.283,51.753,10.0
gid://shopify/LineItem/2160191897678,6314,20250324,1,4043,53,1,1,517.53,517.53,569.283,51.753,10.0
gid://shopify/LineItem/2158976925774,5631,20250323,825,3223,87,1,1,512.63,512.63,563.893,51.263,10.0
gid://shopify/LineItem/2160441557070,6612,20250324,174,4044,325,1,1,517.53,517.53,569.283,51.753,10.0
gid://shopify/LineItem/2157799407694,5002,20250322,20,2162,95,1,1,537.13,537.13,590.843,53.713,10.0
gid://shopify/LineItem/2153306685518,1420,20250319,1,1126,362,1,1,537.13,537.13,590.843,53.713,10.0
gid://shopify/LineItem/2156999606350,4206,20250322,1,4045,58,1,1,537.13,537.13,590.843,53.713,10.0
gid://shopify/LineItem/2160284237902,6454,20250324,1,4046,82,1,1,537.13,537.13,590.843,53.713,10.0
gid://shopify/LineItem/2160476094542,6646,20250324,20,204,92,1,1,517.53,517.53,569.283,51.753,10.0
gid://shopify/LineItem/2157256802382,4552,20250322,460,4047,74,1,1,537.13,537.13,590.843,53.713,10.0
gid://shopify/LineItem/2161087545422,7148,20250324,322,4048,19,1,1,537.13,537.13,590.843,53.713,10.0
gid://shopify/LineItem/2156128895054,3659,20250321,1,2149,336,1,1,517.53,517.53,569.283,51.753,10.0
gid://shopify/LineItem/2157272399950,4571,20250322,876,3277,15,1,1,512.63,512.63,563.893,51.263,10.0
gid://shopify/LineItem/2157075824718,4334,20250322,1,1864,46,1,1,567.13,567.13,623.843,56.713,10.0
gid://shopify/LineItem/2152504918094,893,20250318,1,4049,472,1,1,567.13,567.13,623.843,56.713,10.0
gid://shopify/LineItem/2151492845646,137,20250318,687,3645,204,1,1,517.13,517.13,568.843,51.713,10.0
gid://shopify/LineItem/2155664867406,3244,20250321,687,287,252,1,1,517.13,517.13,568.843,51.713,10.0
gid://shopify/LineItem/2156382453838,3865,20250321,687,4050,182,1,1,642.33,642.33,706.563,64.233,10.0
gid://shopify/LineItem/2154884661326,2696,20250320,301,4051,70,1,1,493.53,493.53,542.883,49.353,10.0
gid://shopify/LineItem/2160500277326,6671,20250324,20,4052,170,1,1,497.13,497.13,546.843,49.713,10.0
gid://shopify/LineItem/2153039495246,1160,20250319,44,4053,63,1,1,517.13,517.13,568.843,51.713,10.0
gid://shopify/LineItem/2160603562062,6762,20250324,44,3221,39,1,1,595.13,595.13,654.643,59.513,10.0
gid://shopify/LineItem/2157008289870,4223,20250322,877,4054,170,1,1,517.13,517.13,568.843,51.713,10.0
gid://shopify/LineItem/2159371550798,5891,20250323,878,2296,20,1,1,517.13,517.13,568.843,51.713,10.0
gid://shopify/LineItem/2157154959438,4440,20250322,879,1442,102,1,1,501.53,501.53,551.683,50.153,10.0
gid://shopify/LineItem/2153575481422,1651,20250319,20,1855,329,1,1,497.13,497.13,546.843,49.713,10.0
gid://shopify/LineItem/2156412108878,3896,20250321,20,3936,3,1,1,501.53,501.53,551.683,50.153,10.0
gid://shopify/LineItem/2153550610510,1618,20250319,635,2358,112,1,1,517.13,517.13,568.843,51.713,10.0
gid://shopify/LineItem/2157955940430,5137,20250322,480,4055,43,1,1,653.13,653.13,718.443,65.313,10.0
gid://shopify/LineItem/2152660566094,960,20250319,689,681,109,1,1,547.93,547.93,602.723,54.793,10.0
gid://shopify/LineItem/2154918477902,2730,20250320,1,3260,409,1,1,595.13,595.13,654.643,59.513,10.0
gid://shopify/LineItem/2151508049998,151,20250318,464,709,20,1,1,517.13,517.13,568.843,51.713,10.0
gid://shopify/LineItem/2160703307854,6845,20250324,464,1110,11,1,1,501.53,501.53,551.683,50.153,10.0
gid://shopify/LineItem/2160381427790,6563,20250324,880,1938,60,1,1,509.53,509.53,560.483,50.953,10.0
gid://shopify/LineItem/2161034788942,7098,20250324,627,1834,181,1,1,501.53,501.53,551.683,50.153,10.0
gid://shopify/LineItem/2153169256526,1290,20250319,301,1858,162,1,1,595.13,595.13,654.643,59.513,10.0
gid://shopify/LineItem/2157859831886,5049,20250322,465,2160,179,1,1,497.13,497.13,546.843,49.713,10.0
gid://shopify/LineItem/2151544193102,198,20250318,689,2621,16,1,1,485.53,485.53,534.083,48.553,10.0
gid://shopify/LineItem/2156937510990,4172,20250322,1,411,70,1,1,517.13,517.13,568.843,51.713,10.0
gid://shopify/LineItem/2158535147598,5373,20250323,881,3409,1,1,1,531.93,531.93,585.123,53.193,10.0
gid://shopify/LineItem/2157060587598,4307,20250322,301,2319,186,1,1,615.13,615.13,676.643,61.513,10.0
gid://shopify/LineItem/2158912438350,5588,20250323,20,660,237,1,1,505.13,505.13,555.643,50.513,10.0
gid://shopify/LineItem/2160100212814,6266,20250324,882,4056,52,1,1,497.13,497.13,546.843,49.713,10.0
gid://shopify/LineItem/2160406888526,6576,20250324,174,3526,216,1,1,517.53,517.53,569.283,51.753,10.0
gid://shopify/LineItem/2155239211086,3078,20250320,324,4057,400,1,1,485.53,485.53,534.083,48.553,10.0
gid://shopify/LineItem/2155688263758,3263,20250321,325,3673,13,1,1,497.13,497.13,546.843,49.713,10.0
gid://shopify/LineItem/2158009581646,5176,20250322,325,4058,3,1,1,497.13,497.13,546.843,49.713,10.0
gid://shopify/LineItem/2152395505742,823,20250318,469,4059,204,1,1,537.13,537.13,590.843,53.713,10.0
gid://shopify/LineItem/2155401969742,3171,20250321,470,4060,108,1,1,555.13,555.13,610.643,55.513,10.0
gid://shopify/LineItem/2152436662350,856,20250318,174,2367,39,1,1,595.93,595.93,655.523,59.593,10.0
gid://shopify/LineItem/2154503929934,2307,20250320,704,3502,173,1,1,537.13,537.13,590.843,53.713,10.0
gid://shopify/LineItem/2154715512910,2522,20250320,651,4061,215,1,1,555.13,555.13,610.643,55.513,10.0
gid://shopify/LineItem/2161254531150,7288,20250324,651,367,100,1,1,485.53,485.53,534.083,48.553,10.0
gid://shopify/LineItem/2158974107726,5627,20250323,174,3111,16,1,1,537.13,537.13,590.843,53.713,10.0
gid://shopify/LineItem/2155261558862,3093,20250320,20,630,116,1,1,501.53,501.53,551.683,50.153,10.0
gid://shopify/LineItem/2153918234702,1936,20250319,20,4062,364,1,1,537.13,537.13,590.843,53.713,10.0
gid://shopify/LineItem/2156441075790,3920,20250321,20,4063,99,1,1,537.13,537.13,590.843,53.713,10.0
gid://shopify/LineItem/2161057595470,7115,20250324,883,106,104,1,1,535.13,535.13,588.643,53.513,10.0
gid://shopify/LineItem/2155212439630,3050,20250320,884,2554,15,1,1,487.13,487.13,535.843,48.713,10.0
gid://shopify/LineItem/2151665696846,307,20250318,373,4064,68,1,1,487.13,487.13,535.843,48.713,10.0
gid://shopify/LineItem/2160491266126,6661,20250324,373,1609,30,1,1,487.13,487.13,535.843,48.713,10.0
gid://shopify/LineItem/2154450550862,2237,20250320,885,2497,201,1,1,474.13,474.13,521.543,47.413,10.0
gid://shopify/LineItem/2159747072078,6142,20250323,1,52,85,1,1,511.13,511.13,562.243,51.113,10.0
gid://shopify/LineItem/2153498148942,1557,20250319,1,2694,97,1,1,509.13,509.13,560.043,50.913,10.0
gid://shopify/LineItem/2157316997198,4609,20250322,886,4065,165,1,1,459.13,459.13,505.043,45.913,10.0
gid://shopify/LineItem/2159451668558,5944,20250323,886,4066,99,1,1,459.13,459.13,505.043,45.913,10.0
gid://shopify/LineItem/2154660233294,2460,20250320,1,4067,149,1,2,342.06,684.13,752.543,68.413,10.0
gid://shopify/LineItem/2160270377038,6431,20250324,182,3858,390,1,2,405.56,811.13,892.243,81.113,10.0
gid://shopify/LineItem/2154429317198,2214,20250320,556,4068,6,1,2,277.56,555.13,610.643,55.513,10.0
gid://shopify/LineItem/2153112305742,1236,20250319,173,2959,69,1,2,289.96,579.93,637.923,57.993,10.0
gid://shopify/LineItem/2159764537422,6159,20250323,661,3562,122,1,2,297.56,595.13,654.643,59.513,10.0
gid://shopify/LineItem/2153592062030,1666,20250319,887,2381,87,1,2,287.56,575.13,632.643,57.513,10.0
gid://shopify/LineItem/2155148574798,2986,20250320,611,4069,10,1,2,307.56,615.13,676.643,61.513,10.0
gid://shopify/LineItem/2157943488590,5125,20250322,825,3700,21,1,2,419.56,839.13,923.043,83.913,10.0
gid://shopify/LineItem/2151494746190,138,20250318,371,713,41,1,2,277.56,555.13,610.643,55.513,10.0
gid://shopify/LineItem/2155974623310,3530,20250321,1,1550,156,1,2,277.56,555.13,610.643,55.513,10.0
gid://shopify/LineItem/2151910375502,513,20250318,499,4070,69,1,1,579.93,579.93,637.923,57.993,10.0
gid://shopify/LineItem/2155633737806,3224,20250321,343,124,113,1,1,595.13,595.13,654.643,59.513,10.0
gid://shopify/LineItem/2156644466766,4079,20250321,450,4071,3,1,1,615.13,615.13,676.643,61.513,10.0
gid://shopify/LineItem/2153291710542,1406,20250319,294,1611,87,1,1,517.53,517.53,569.283,51.753,10.0
gid://shopify/LineItem/2154706632782,2510,20250320,177,4072,182,1,1,497.13,497.13,546.843,49.713,10.0
gid://shopify/LineItem/2154634739790,2438,20250320,1,2467,19,1,1,507.13,507.13,557.843,50.713,10.0
gid://shopify/LineItem/2155333779534,3140,20250320,521,2170,1,1,1,464.13,464.13,510.543,46.413,10.0
gid://shopify/LineItem/2159094595662,5702,20250323,174,3759,191,1,1,527.13,527.13,579.843,52.713,10.0
gid://shopify/LineItem/2160251469902,6401,20250324,20,3978,92,1,1,537.13,537.13,590.843,53.713,10.0
gid://shopify/LineItem/2157036929102,4274,20250322,888,961,371,1,1,595.13,595.13,654.643,59.513,10.0
gid://shopify/LineItem/2152543813710,910,20250318,20,4073,152,1,1,497.13,497.13,546.843,49.713,10.0
gid://shopify/LineItem/2157295206478,4589,20250322,1,4074,8,1,1,537.13,537.13,590.843,53.713,10.0
gid://shopify/LineItem/2160968958030,7052,20250324,1,1070,68,1,1,497.13,497.13,546.843,49.713,10.0
gid://shopify/LineItem/2158999601230,5645,20250323,21,856,200,1,1,595.93,595.93,655.523,59.593,10.0
gid://shopify/LineItem/2159880306766,6218,20250323,378,2180,119,1,1,527.13,527.13,579.843,52.713,10.0
gid://shopify/LineItem/2157651001422,4898,20250322,414,4075,100,1,1,485.53,485.53,534.083,48.553,10.0
gid://shopify/LineItem/2161174609998,7212,20250324,177,1528,17,1,1,497.13,497.13,546.843,49.713,10.0
gid://shopify/LineItem/2156865781838,4163,20250322,360,4076,163,1,1,673.13,673.13,740.443,67.313,10.0
gid://shopify/LineItem/2161150230606,7185,20250324,21,4077,123,1,1,579.93,579.93,637.923,57.993,10.0
gid://shopify/LineItem/2160110633038,6269,20250324,363,4078,178,1,1,527.13,527.13,579.843,52.713,10.0
gid://shopify/LineItem/2157224951886,4514,20250322,179,4079,175,1,1,625.13,625.13,687.643,62.513,10.0
gid://shopify/LineItem/2157770702926,4989,20250322,1,3949,69,1,1,537.13,537.13,590.843,53.713,10.0
gid://shopify/LineItem/2160558080078,6718,20250324,889,640,175,1,1,579.93,579.93,637.923,57.993,10.0
gid://shopify/LineItem/2161232379982,7261,20250324,336,1619,35,1,1,667.73,667.73,734.503,66.773,10.0
gid://shopify/LineItem/2151860404302,477,20250318,365,221,15,1,1,527.13,527.13,579.843,52.713,10.0
gid://shopify/LineItem/2157072646222,4324,20250322,367,4080,29,1,1,517.13,517.13,568.843,51.713,10.0
gid://shopify/LineItem/2157737836622,4970,20250322,20,4081,68,1,1,537.13,537.13,590.843,53.713,10.0
gid://shopify/LineItem/2160697507918,6840,20250324,20,3166,214,1,1,512.63,512.63,563.893,51.263,10.0
gid://shopify/LineItem/2159225897038,5794,20250323,20,217,38,1,1,537.13,537.13,590.843,53.713,10.0
gid://shopify/LineItem/2160310517838,6481,20250324,825,4082,160,1,1,522.43,522.43,574.673,52.243,10.0
gid://shopify/LineItem/2160819732558,6942,20250324,689,1009,55,1,1,497.13,497.13,546.843,49.713,10.0
gid://shopify/LineItem/2155713167438,3281,20250321,20,2158,118,1,1,527.13,527.13,579.843,52.713,10.0
gid://shopify/LineItem/2155185700942,3023,20250320,890,4083,91,1,2,248.56,497.13,546.843,49.713,10.0
gid://shopify/LineItem/2158966931534,5622,20250323,21,681,348,1,1,635.13,635.13,698.643,63.513,10.0
gid://shopify/LineItem/2155913183310,3483,20250321,179,70,274,1,1,517.53,517.53,569.283,51.753,10.0
gid://shopify/LineItem/2154507305038,2312,20250320,20,1262,43,1,1,527.13,527.13,579.843,52.713,10.0
gid://shopify/LineItem/2160623648846,6772,20250324,20,373,204,1,1,505.13,505.13,555.643,50.513,10.0
gid://shopify/LineItem/2153748430926,1819,20250319,490,4084,49,1,1,642.33,642.33,706.563,64.233,10.0
gid://shopify/LineItem/2160583573582,6738,20250324,491,3139,118,1,1,723.13,723.13,795.443,72.313,10.0
gid://shopify/LineItem/2155062755406,2903,20250320,491,2228,83,1,1,720.73,720.73,792.803,72.073,10.0
gid://shopify/LineItem/2157412319310,4700,20250322,338,1257,454,1,1,501.53,501.53,551.683,50.153,10.0
gid://shopify/LineItem/2151151173710,8,20250318,191,4085,19,1,1,776.63,776.63,854.293,77.663,10.0
gid://shopify/LineItem/2161246994510,7281,20250324,191,3873,348,1,1,587.93,587.93,646.723,58.793,10.0
gid://shopify/LineItem/2160260055118,6419,20250324,339,72,115,1,1,517.13,517.13,568.843,51.713,10.0
gid://shopify/LineItem/2153240428622,1353,20250319,340,3358,17,1,1,501.53,501.53,551.683,50.153,10.0
gid://shopify/LineItem/2156001067086,3552,20250321,341,4086,29,1,1,610.33,610.33,671.363,61.033,10.0
gid://shopify/LineItem/2158545272910,5380,20250323,292,2499,76,1,1,509.53,509.53,560.483,50.953,10.0
gid://shopify/LineItem/2157225377870,4516,20250322,502,4087,29,1,1,497.63,497.63,547.393,49.763,10.0
gid://shopify/LineItem/2153815736398,1874,20250319,294,66,402,1,1,517.53,517.53,569.283,51.753,10.0
gid://shopify/LineItem/2157817659470,5016,20250322,294,2599,305,1,1,517.53,517.53,569.283,51.753,10.0
gid://shopify/LineItem/2152413003854,840,20250318,294,4088,53,1,1,517.53,517.53,569.283,51.753,10.0
gid://shopify/LineItem/2159005532238,5648,20250323,294,4089,188,1,1,674.33,674.33,741.763,67.433,10.0
gid://shopify/LineItem/2154411229262,2186,20250320,20,1284,102,1,1,613.13,613.13,674.443,61.313,10.0
gid://shopify/LineItem/2152086831182,641,20250318,20,3900,3,1,1,602.33,602.33,662.563,60.233,10.0
gid://shopify/LineItem/2153541894222,1606,20250319,20,4090,1,1,1,640.73,640.73,704.803,64.073,10.0
gid://shopify/LineItem/2154357588046,2111,20250320,177,4091,134,1,1,501.53,501.53,551.683,50.153,10.0
gid://shopify/LineItem/2155326537806,3133,20250320,177,1999,164,1,1,517.13,517.13,568.843,51.713,10.0
gid://shopify/LineItem/2160235282510,6372,20250324,177,4092,153,1,1,563.93,563.93,620.323,56.393,10.0
gid://shopify/LineItem/2158168703054,5267,20250322,1,4093,16,1,1,555.93,555.93,611.523,55.593,10.0
gid://shopify/LineItem/2153819897934,1879,20250319,376,2373,194,1,1,507.13,507.13,557.843,50.713,10.0
gid://shopify/LineItem/2155827757134,3404,20250321,2,1494,99,1,1,507.13,507.13,557.843,50.713,10.0
gid://shopify/LineItem/2152274690126,742,20250318,705,2738,1,1,1,703.13,703.13,773.443,70.313,10.0
gid://shopify/LineItem/2161166975054,7201,20250324,301,2022,119,1,1,674.13,674.13,741.543,67.413,10.0
gid://shopify/LineItem/2156584403022,4036,20250321,177,3731,375,1,1,579.93,579.93,637.923,57.993,10.0
gid://shopify/LineItem/2155137695822,2974,20250320,209,4094,186,1,1,489.13,489.13,538.043,48.913,10.0
gid://shopify/LineItem/2156482330702,3961,20250321,663,3409,3,1,1,532.73,532.73,586.003,53.273,10.0
gid://shopify/LineItem/2157539622990,4801,20250322,1,4095,1,1,1,537.53,537.53,591.283,53.753,10.0
gid://shopify/LineItem/2158537965646,5374,20250323,321,1550,325,1,1,857.13,857.13,942.843,85.713,10.0
gid://shopify/LineItem/2157524090958,4791,20250322,21,2895,52,1,1,703.13,703.13,773.443,70.313,10.0
gid://shopify/LineItem/2155861147726,3434,20250321,188,1027,63,1,1,549.03,549.03,603.933,54.903,10.0
gid://shopify/LineItem/2160628367438,6777,20250324,177,4021,364,1,1,485.53,485.53,534.083,48.553,10.0
gid://shopify/LineItem/2153170075726,1291,20250319,44,2150,16,1,1,635.13,635.13,698.643,63.513,10.0
gid://shopify/LineItem/2153718644814,1784,20250319,20,1073,58,1,1,531.93,531.93,585.123,53.193,10.0
gid://shopify/LineItem/2153085665358,1211,20250319,20,4096,188,1,1,555.13,555.13,610.643,55.513,10.0
gid://shopify/LineItem/2152668364878,961,20250319,795,4097,74,1,1,493.53,493.53,542.883,49.353,10.0
gid://shopify/LineItem/2161182834766,7222,20250324,891,4098,260,1,1,537.13,537.13,590.843,53.713,10.0
gid://shopify/LineItem/2152414019662,841,20250318,20,4099,143,1,1,625.13,625.13,687.643,62.513,10.0
gid://shopify/LineItem/2152077656142,634,20250318,20,4100,18,1,1,720.73,720.73,792.803,72.073,10.0
gid://shopify/LineItem/2159588507726,6035,20250323,21,1503,99,1,1,635.13,635.13,698.643,63.513,10.0
gid://shopify/LineItem/2152225439822,720,20250318,20,3210,1,1,1,704.73,704.73,775.203,70.473,10.0
gid://shopify/LineItem/2161020436558,7090,20250324,20,1030,28,1,1,563.93,563.93,620.323,56.393,10.0
gid://shopify/LineItem/2158751318094,5478,20250323,21,4101,3,1,1,635.13,635.13,698.643,63.513,10.0
gid://shopify/LineItem/2153991143502,1991,20250319,20,746,145,1,1,497.13,497.13,546.843,49.713,10.0
gid://shopify/LineItem/2152926806094,1049,20250319,402,788,113,1,1,517.53,517.53,569.283,51.753,10.0
gid://shopify/LineItem/2157138640974,4423,20250322,177,2400,402,1,1,595.13,595.13,654.643,59.513,10.0
gid://shopify/LineItem/2152699330638,969,20250319,1,523,50,1,1,555.13,555.13,610.643,55.513,10.0
gid://shopify/LineItem/2160979574862,7062,20250324,1,2992,119,1,1,671.13,671.13,738.243,67.113,10.0
gid://shopify/LineItem/2155964268622,3521,20250321,20,2669,70,1,1,497.13,497.13,546.843,49.713,10.0
gid://shopify/LineItem/2158673231950,5452,20250323,354,4102,451,1,1,555.13,555.13,610.643,55.513,10.0
gid://shopify/LineItem/2151592165454,256,20250318,378,2422,481,1,1,509.53,509.53,560.483,50.953,10.0
gid://shopify/LineItem/2151835631694,457,20250318,179,3665,145,1,1,635.13,635.13,698.643,63.513,10.0
gid://shopify/LineItem/2157669482574,4919,20250322,477,4103,170,1,1,507.13,507.13,557.843,50.713,10.0
gid://shopify/LineItem/2151328514126,38,20250318,477,3659,380,1,1,493.53,493.53,542.883,49.353,10.0
gid://shopify/LineItem/2155655659598,3239,20250321,1,1251,13,1,1,635.13,635.13,698.643,63.513,10.0
gid://shopify/LineItem/2156646400078,4081,20250321,20,1909,69,1,1,507.13,507.13,557.843,50.713,10.0
gid://shopify/LineItem/2157128843342,4410,20250322,1,2460,334,1,1,595.93,595.93,655.523,59.593,10.0
gid://shopify/LineItem/2155754094670,3326,20250321,179,1874,121,1,1,713.13,713.13,784.443,71.313,10.0
gid://shopify/LineItem/2156592267342,4043,20250321,20,900,170,1,1,733.13,733.13,806.443,73.313,10.0
gid://shopify/LineItem/2156912574542,4168,20250322,20,4104,136,1,1,650.33,650.33,715.363,65.033,10.0
gid://shopify/LineItem/2161175298126,7214,20250324,177,2401,94,1,1,595.93,595.93,655.523,59.593,10.0
gid://shopify/LineItem/2160346300494,6526,20250324,422,2951,89,1,1,527.13,527.13,579.843,52.713,10.0
gid://shopify/LineItem/2152277246030,743,20250318,311,3858,347,1,1,875.93,875.93,963.523,87.593,10.0
gid://shopify/LineItem/2153994616910,1993,20250319,472,156,183,1,1,485.53,485.53,534.083,48.553,10.0
gid://shopify/LineItem/2159124021326,5727,20250323,473,4105,250,1,1,537.13,537.13,590.843,53.713,10.0
gid://shopify/LineItem/2155025268814,2858,20250320,1,4106,92,1,1,509.53,509.53,560.483,50.953,10.0
gid://shopify/LineItem/2157237076046,4530,20250322,858,4107,282,1,1,537.13,537.13,590.843,53.713,10.0
gid://shopify/LineItem/2159724232782,6129,20250323,181,1324,99,1,1,509.53,509.53,560.483,50.953,10.0
gid://shopify/LineItem/2153134358606,1258,20250319,700,1727,76,1,1,507.13,507.13,557.843,50.713,10.0
gid://shopify/LineItem/2159478374478,5957,20250323,20,4108,3,1,1,497.13,497.13,546.843,49.713,10.0
gid://shopify/LineItem/2153953132622,1963,20250319,20,4109,175,1,1,531.93,531.93,585.123,53.193,10.0
gid://shopify/LineItem/2155792171086,3369,20250321,192,4110,318,1,1,571.93,571.93,629.123,57.193,10.0
gid://shopify/LineItem/2160197599310,6318,20250324,188,3562,70,1,1,517.53,517.53,569.283,51.753,10.0
gid://shopify/LineItem/2151225131086,30,20250318,363,4111,279,1,1,527.13,527.13,579.843,52.713,10.0
gid://shopify/LineItem/2156531286094,4003,20250321,20,559,231,1,1,485.53,485.53,534.083,48.553,10.0
gid://shopify/LineItem/2159650013262,6073,20250323,745,4112,122,1,1,517.53,517.53,569.283,51.753,10.0
gid://shopify/LineItem/2152980676686,1105,20250319,448,4113,72,1,1,527.13,527.13,579.843,52.713,10.0
gid://shopify/LineItem/2156453691470,3938,20250321,179,3816,298,1,1,517.53,517.53,569.283,51.753,10.0
gid://shopify/LineItem/2156037177422,3592,20250321,177,2319,19,1,1,485.53,485.53,534.083,48.553,10.0
gid://shopify/LineItem/2156039307342,3594,20250321,179,3792,484,1,1,733.13,733.13,806.443,73.313,10.0
gid://shopify/LineItem/2153127968846,1250,20250319,179,3813,159,1,1,517.53,517.53,569.283,51.753,10.0
gid://shopify/LineItem/2157720830030,4957,20250322,179,3853,327,1,1,635.13,635.13,698.643,63.513,10.0
gid://shopify/LineItem/2157022707790,4248,20250322,179,1490,8,1,1,537.13,537.13,590.843,53.713,10.0
gid://shopify/LineItem/2155851350094,3424,20250321,179,1544,39,1,1,635.13,635.13,698.643,63.513,10.0
gid://shopify/LineItem/2152119992398,659,20250318,179,4114,204,1,1,537.13,537.13,590.843,53.713,10.0
gid://shopify/LineItem/2152113373262,654,20250318,179,4115,9,1,1,586.13,586.13,644.743,58.613,10.0
gid://shopify/LineItem/2151669334094,309,20250318,179,2438,317,1,1,595.93,595.93,655.523,59.593,10.0
gid://shopify/LineItem/2153413345358,1495,20250319,319,4116,109,1,1,517.53,517.53,569.283,51.753,10.0
gid://shopify/LineItem/2158484258894,5342,20250323,320,1406,68,1,1,537.13,537.13,590.843,53.713,10.0
gid://shopify/LineItem/2154687004750,2487,20250320,320,4117,3,1,1,517.53,517.53,569.283,51.753,10.0
gid://shopify/LineItem/2157587333198,4843,20250322,20,3525,160,1,1,625.13,625.13,687.643,62.513,10.0
gid://shopify/LineItem/2155811635278,3386,20250321,20,1336,93,1,1,537.13,537.13,590.843,53.713,10.0
gid://shopify/LineItem/2154791403598,2617,20250320,321,4118,68,1,1,555.93,555.93,611.523,55.593,10.0
gid://shopify/LineItem/2157800620110,5004,20250322,20,3763,53,1,1,509.53,509.53,560.483,50.953,10.0
gid://shopify/LineItem/2158510374990,5355,20250323,20,1820,93,1,1,537.13,537.13,590.843,53.713,10.0
gid://shopify/LineItem/2161387012174,7355,20250324,1,4119,18,1,1,537.13,537.13,590.843,53.713,10.0
gid://shopify/LineItem/2153260384334,1369,20250319,20,2588,5,1,1,537.13,537.13,590.843,53.713,10.0
gid://shopify/LineItem/2159073525838,5688,20250323,1,2587,53,1,1,537.13,537.13,590.843,53.713,10.0
gid://shopify/LineItem/2154615472206,2420,20250320,892,1954,111,1,1,501.53,501.53,551.683,50.153,10.0
gid://shopify/LineItem/2156467126350,3946,20250321,893,426,46,1,1,501.53,501.53,551.683,50.153,10.0
gid://shopify/LineItem/2156461654094,3942,20250321,20,2483,32,1,1,535.13,535.13,588.643,53.513,10.0
gid://shopify/LineItem/2158907424846,5581,20250323,435,1672,16,1,2,385.56,771.13,848.243,77.113,10.0
gid://shopify/LineItem/2156008964174,3563,20250321,20,733,60,1,2,317.56,635.13,698.643,63.513,10.0
gid://shopify/LineItem/2156389597262,3871,20250321,503,3108,90,1,1,537.13,537.13,590.843,53.713,10.0
gid://shopify/LineItem/2157260243022,4554,20250322,179,1811,13,1,1,537.13,537.13,590.843,53.713,10.0
gid://shopify/LineItem/2157500760142,4772,20250322,499,3965,70,1,1,625.13,625.13,687.643,62.513,10.0
gid://shopify/LineItem/2160912236622,7001,20250324,1,4120,50,1,1,615.13,615.13,676.643,61.513,10.0
gid://shopify/LineItem/2160641638478,6785,20250324,894,4121,56,1,1,517.53,517.53,569.283,51.753,10.0
gid://shopify/LineItem/2156639322190,4073,20250321,895,3784,349,1,1,587.93,587.93,646.723,58.793,10.0
gid://shopify/LineItem/2153780740174,1850,20250319,177,1732,121,1,1,540.73,540.73,594.803,54.073,10.0
gid://shopify/LineItem/2158889402446,5566,20250323,835,3389,413,1,1,897.13,897.13,986.843,89.713,10.0
gid://shopify/LineItem/2159532769358,5998,20250323,513,2974,87,1,1,571.93,571.93,629.123,57.193,10.0
gid://shopify/LineItem/2151726710862,349,20250318,20,4122,50,1,1,585.13,585.13,643.643,58.513,10.0
gid://shopify/LineItem/2157344292942,4642,20250322,1,4123,280,1,1,653.13,653.13,718.443,65.313,10.0
gid://shopify/LineItem/2161083842638,7142,20250324,46,4124,43,1,1,485.53,485.53,534.083,48.553,10.0
gid://shopify/LineItem/2157378502734,4670,20250322,21,4125,76,1,1,625.13,625.13,687.643,62.513,10.0
gid://shopify/LineItem/2155374510158,3161,20250320,20,1146,99,1,1,485.53,485.53,534.083,48.553,10.0
gid://shopify/LineItem/2160942841934,7024,20250324,471,385,3,1,1,594.33,594.33,653.763,59.433,10.0
gid://shopify/LineItem/2155146969166,2983,20250320,44,4126,210,1,1,595.93,595.93,655.523,59.593,10.0
gid://shopify/LineItem/2152923267150,1043,20250319,815,4127,150,1,1,509.53,509.53,560.483,50.953,10.0
gid://shopify/LineItem/2154487545934,2279,20250320,334,1789,19,1,1,587.93,587.93,646.723,58.793,10.0
gid://shopify/LineItem/2158589149262,5402,20250323,419,1920,348,1,1,531.93,531.93,585.123,53.193,10.0
gid://shopify/LineItem/2157217218638,4507,20250322,310,2226,8,1,1,703.13,703.13,773.443,70.313,10.0
gid://shopify/LineItem/2158659633230,5446,20250323,568,4128,82,1,1,537.13,537.13,590.843,53.713,10.0
gid://shopify/LineItem/2158578171982,5394,20250323,473,910,154,1,1,537.13,537.13,590.843,53.713,10.0
gid://shopify/LineItem/2155940741198,3509,20250321,314,1368,385,1,1,597.23,597.23,656.953,59.723,10.0
gid://shopify/LineItem/2159620096078,6048,20250323,583,4129,153,1,1,571.93,571.93,629.123,57.193,10.0
gid://shopify/LineItem/2156736741454,4133,20250321,1,1900,32,1,1,537.13,537.13,590.843,53.713,10.0
gid://shopify/LineItem/2156703678542,4116,20250321,591,2932,19,1,1,563.93,563.93,620.323,56.393,10.0
gid://shopify/LineItem/2153420816462,1503,20250319,20,4054,68,1,1,611.93,611.93,673.123,61.193,10.0
gid://shopify/LineItem/2157128745038,4409,20250322,199,4130,3,1,1,509.53,509.53,560.483,50.953,10.0
gid://shopify/LineItem/2159150170190,5743,20250323,188,2715,58,1,1,537.13,537.13,590.843,53.713,10.0
gid://shopify/LineItem/2157420970062,4710,20250322,734,584,288,1,1,527.13,527.13,579.843,52.713,10.0
gid://shopify/LineItem/2156578472014,4032,20250321,321,3550,119,1,1,527.13,527.13,579.843,52.713,10.0
gid://shopify/LineItem/2156775145550,4148,20250322,1,370,57,1,1,595.93,595.93,655.523,59.593,10.0
gid://shopify/LineItem/2155057086542,2898,20250320,371,4131,59,1,1,497.13,497.13,546.843,49.713,10.0
gid://shopify/LineItem/2155320836174,3127,20250320,490,4132,1,1,1,911.13,911.13,1002.243,91.113,10.0
gid://shopify/LineItem/2160284500046,6456,20250324,185,3845,252,1,1,733.13,733.13,806.443,73.313,10.0
gid://shopify/LineItem/2153038348366,1159,20250319,20,4133,13,1,1,735.13,735.13,808.643,73.513,10.0
gid://shopify/LineItem/2157030309966,4259,20250322,513,4134,10,1,1,547.13,547.13,601.843,54.713,10.0
gid://shopify/LineItem/2160277651534,6446,20250324,177,4135,143,1,1,537.13,537.13,590.843,53.713,10.0
gid://shopify/LineItem/2157188972622,4477,20250322,1,1015,237,1,1,643.93,643.93,708.323,64.393,10.0
gid://shopify/LineItem/2154604331086,2407,20250320,182,249,183,1,1,625.13,625.13,687.643,62.513,10.0
gid://shopify/LineItem/2153696362574,1757,20250319,188,3722,145,1,1,658.33,658.33,724.163,65.833,10.0
gid://shopify/LineItem/2159225864270,5793,20250323,21,2399,35,1,1,517.53,517.53,569.283,51.753,10.0
gid://shopify/LineItem/2157599096910,4853,20250322,1,389,165,1,1,517.13,517.13,568.843,51.713,10.0
gid://shopify/LineItem/2152897216590,1017,20250319,299,1748,204,1,1,733.13,733.13,806.443,73.313,10.0
gid://shopify/LineItem/2156792774734,4151,20250322,188,3695,188,1,1,615.13,615.13,676.643,61.513,10.0
gid://shopify/LineItem/2157021298766,4245,20250322,667,3783,234,1,1,517.53,517.53,569.283,51.753,10.0
gid://shopify/LineItem/2157971374158,5150,20250322,21,4136,52,1,1,615.13,615.13,676.643,61.513,10.0
gid://shopify/LineItem/2153626206286,1693,20250319,486,2758,5,1,1,517.13,517.13,568.843,51.713,10.0
gid://shopify/LineItem/2153355870286,1449,20250319,896,1206,12,1,1,693.13,693.13,762.443,69.313,10.0
gid://shopify/LineItem/2155775492174,3348,20250321,20,4137,133,1,1,565.13,565.13,621.643,56.513,10.0
gid://shopify/LineItem/2157004292174,4216,20250322,1,4138,392,1,1,537.13,537.13,590.843,53.713,10.0
gid://shopify/LineItem/2154986602574,2810,20250320,319,2009,41,1,1,595.93,595.93,655.523,59.593,10.0
gid://shopify/LineItem/2157564690510,4819,20250322,320,4139,261,1,1,595.93,595.93,655.523,59.593,10.0
gid://shopify/LineItem/2160228925518,6366,20250324,1,3526,394,1,1,517.53,517.53,569.283,51.753,10.0
gid://shopify/LineItem/2159761719374,6157,20250323,802,916,390,1,1,625.13,625.13,687.643,62.513,10.0
gid://shopify/LineItem/2154365419598,2123,20250320,1,4140,1,1,2,281.96,563.93,620.323,56.393,10.0
gid://shopify/LineItem/2158919909454,5591,20250323,20,3331,372,1,1,517.13,517.13,568.843,51.713,10.0
gid://shopify/LineItem/2157193986126,4483,20250322,21,4141,94,1,1,527.13,527.13,579.843,52.713,10.0
gid://shopify/LineItem/2161435574350,7386,20250324,356,3933,458,1,1,507.13,507.13,557.843,50.713,10.0
gid://shopify/LineItem/2153499295822,1558,20250319,195,4142,20,1,1,841.13,841.13,925.243,84.113,10.0
gid://shopify/LineItem/2159021097038,5660,20250323,191,4143,18,1,1,690.33,690.33,759.363,69.033,10.0
gid://shopify/LineItem/2154364698702,2121,20250320,499,485,186,1,1,663.13,663.13,729.443,66.313,10.0
gid://shopify/LineItem/2155999920206,3550,20250321,294,1984,254,1,1,831.13,831.13,914.243,83.113,10.0
gid://shopify/LineItem/2155860557902,3433,20250321,294,4144,92,1,1,587.93,587.93,646.723,58.793,10.0
gid://shopify/LineItem/2155427364942,3182,20250321,177,1100,415,1,1,517.13,517.13,568.843,51.713,10.0
gid://shopify/LineItem/2159000944718,5646,20250323,1,1116,150,1,1,517.13,517.13,568.843,51.713,10.0
gid://shopify/LineItem/2159736455246,6136,20250323,177,2907,1,1,1,605.13,605.13,665.643,60.513,10.0
gid://shopify/LineItem/2160436314190,6602,20250324,188,4145,443,1,1,801.13,801.13,881.243,80.113,10.0
gid://shopify/LineItem/2154374692942,2133,20250320,44,3039,133,1,1,517.53,517.53,569.283,51.753,10.0
gid://shopify/LineItem/2156985876558,4192,20250322,328,4146,59,1,1,665.13,665.13,731.643,66.513,10.0
gid://shopify/LineItem/2159886237774,6221,20250323,177,2447,40,1,1,555.13,555.13,610.643,55.513,10.0
gid://shopify/LineItem/2156858703950,4162,20250322,548,458,109,1,1,605.13,605.13,665.643,60.513,10.0
gid://shopify/LineItem/2159388917838,5905,20250323,335,4147,68,1,1,537.13,537.13,590.843,53.713,10.0
gid://shopify/LineItem/2151724351566,347,20250318,410,4020,106,1,1,587.93,587.93,646.723,58.793,10.0
gid://shopify/LineItem/2158160314446,5262,20250322,1,4148,28,1,1,501.53,501.53,551.683,50.153,10.0
gid://shopify/LineItem/2155851513934,3425,20250321,855,4149,198,1,1,537.13,537.13,590.843,53.713,10.0
gid://shopify/LineItem/2160875962446,6985,20250324,20,2691,259,1,1,751.13,751.13,826.243,75.113,10.0
gid://shopify/LineItem/2160943431758,7026,20250324,188,4150,204,1,1,635.13,635.13,698.643,63.513,10.0
gid://shopify/LineItem/2151571488846,228,20250318,311,694,8,1,1,517.13,517.13,568.843,51.713,10.0
gid://shopify/LineItem/2153089433678,1217,20250319,20,4151,99,1,1,703.13,703.13,773.443,70.313,10.0
gid://shopify/LineItem/2158882127950,5559,20250323,897,4152,370,1,1,634.33,634.33,697.763,63.433,10.0
gid://shopify/LineItem/2157823131726,5020,20250322,686,2501,377,1,1,635.13,635.13,698.643,63.513,10.0
gid://shopify/LineItem/2159156822094,5748,20250323,443,1069,20,1,1,575.13,575.13,632.643,57.513,10.0
gid://shopify/LineItem/2152326004814,779,20250318,379,3977,89,1,1,537.13,537.13,590.843,53.713,10.0
gid://shopify/LineItem/2155782570062,3355,20250321,364,3741,393,1,1,509.53,509.53,560.483,50.953,10.0
gid://shopify/LineItem/2158826553422,5522,20250323,179,1683,249,1,1,674.33,674.33,741.763,67.433,10.0
gid://shopify/LineItem/2160013934670,6256,20250324,790,2665,3,1,1,527.13,527.13,579.843,52.713,10.0
gid://shopify/LineItem/2155298783310,3115,20250320,20,3646,3,1,1,527.13,527.13,579.843,52.713,10.0
gid://shopify/LineItem/2158238203982,5292,20250323,1,1186,21,1,1,635.13,635.13,698.643,63.513,10.0
gid://shopify/LineItem/2156047499342,3602,20250321,898,4153,156,1,1,595.13,595.13,654.643,59.513,10.0
gid://shopify/LineItem/2155736694862,3308,20250321,817,1660,100,1,3,204.38,613.13,674.443,61.313,10.0
gid://shopify/LineItem/2153566306382,1642,20250319,179,2401,3,1,1,635.13,635.13,698.643,63.513,10.0
gid://shopify/LineItem/2156590825550,4041,20250321,46,4154,32,1,1,575.13,575.13,632.643,57.513,10.0
gid://shopify/LineItem/2157698285646,4948,20250322,179,92,175,1,1,634.33,634.33,697.763,63.433,10.0
gid://shopify/LineItem/2159750250574,6145,20250323,1,4155,106,1,1,537.13,537.13,590.843,53.713,10.0
gid://shopify/LineItem/2155932287054,3502,20250321,274,4156,128,5,1,735.13,735.13,808.643,73.513,10.0
gid://shopify/LineItem/2159220654158,5788,20250323,227,541,254,3,1,800.73,800.73,880.803,80.073,10.0
gid://shopify/LineItem/2157499678798,4771,20250322,270,4157,326,3,1,635.13,635.13,698.643,63.513,10.0
gid://shopify/LineItem/2155071864910,2919,20250320,899,4158,249,3,1,812.13,812.13,893.343,81.213,10.0
gid://shopify/LineItem/2155122393166,2962,20250320,774,302,239,3,1,751.13,751.13,826.243,75.113,10.0
gid://shopify/LineItem/2154695131214,2501,20250320,251,4159,452,1,1,658.33,658.33,724.163,65.833,10.0
gid://shopify/LineItem/2160976265294,7056,20250324,253,58,26,1,1,752.73,752.73,828.003,75.273,10.0
gid://shopify/LineItem/2156709281870,4121,20250321,256,1813,118,1,1,642.33,642.33,706.563,64.233,10.0
gid://shopify/LineItem/2154859135054,2675,20250320,212,4160,46,1,1,625.13,625.13,687.643,62.513,10.0
gid://shopify/LineItem/2157257654350,4553,20250322,260,656,108,1,1,701.13,701.13,771.243,70.113,10.0
gid://shopify/LineItem/2156419022926,3899,20250321,170,2080,49,1,1,537.13,537.13,590.843,53.713,10.0
gid://shopify/LineItem/2152631435342,953,20250319,270,4161,43,1,1,537.13,537.13,590.843,53.713,10.0
gid://shopify/LineItem/2153951002702,1960,20250319,288,4162,55,1,1,635.13,635.13,698.643,63.513,10.0
gid://shopify/LineItem/2159231238222,5798,20250323,219,4163,415,1,1,587.93,587.93,646.723,58.793,10.0
gid://shopify/LineItem/2154549903438,2359,20250320,900,2624,342,1,1,719.13,719.13,791.043,71.913,10.0
gid://shopify/LineItem/2157436338254,4729,20250322,780,4164,182,1,1,688.73,688.73,757.603,68.873,10.0
gid://shopify/LineItem/2155200643150,3043,20250320,212,4165,43,1,1,744.73,744.73,819.203,74.473,10.0
gid://shopify/LineItem/2153537339470,1601,20250319,234,4166,267,1,1,753.13,753.13,828.443,75.313,10.0
gid://shopify/LineItem/2153256878158,1366,20250319,253,2896,24,1,1,869.53,869.53,956.483,86.953,10.0
gid://shopify/LineItem/2154342744142,2092,20250320,771,4167,197,1,1,713.13,713.13,784.443,71.313,10.0
gid://shopify/LineItem/2152973598798,1095,20250319,678,4168,127,1,1,626.33,626.33,688.963,62.633,10.0
gid://shopify/LineItem/2160765272142,6900,20250324,177,2647,154,4,1,517.53,517.53,569.283,51.753,10.0
gid://shopify/LineItem/2161300635726,7313,20250324,1,3885,202,4,1,537.13,537.13,590.843,53.713,10.0
gid://shopify/LineItem/2158272774222,5303,20250323,450,2902,201,4,1,517.13,517.13,568.843,51.713,10.0
gid://shopify/LineItem/2157773619278,4990,20250322,20,2448,165,4,1,889.13,889.13,978.043,88.913,10.0
gid://shopify/LineItem/2152054751310,611,20250318,177,4000,194,5,1,543.53,543.53,597.883,54.353,10.0
gid://shopify/LineItem/2160230924366,6368,20250324,179,3352,336,5,1,723.13,723.13,795.443,72.313,10.0
gid://shopify/LineItem/2158146682958,5256,20250322,299,1722,28,5,1,605.13,605.13,665.643,60.513,10.0
gid://shopify/LineItem/2158045528142,5206,20250322,340,3120,206,5,1,585.13,585.13,643.643,58.513,10.0
gid://shopify/LineItem/2159647916110,6072,20250323,673,2012,450,5,1,537.13,537.13,590.843,53.713,10.0
gid://shopify/LineItem/2156586401870,4038,20250321,20,2099,457,5,1,567.13,567.13,623.843,56.713,10.0
gid://shopify/LineItem/2153696723022,1759,20250319,301,4169,83,5,1,493.53,493.53,542.883,49.353,10.0
gid://shopify/LineItem/2158474002510,5340,20250323,317,4170,155,5,1,527.13,527.13,579.843,52.713,10.0
gid://shopify/LineItem/2160952541262,7032,20250324,345,673,19,5,1,517.13,517.13,568.843,51.713,10.0
gid://shopify/LineItem/2157269581902,4563,20250322,340,2480,241,5,1,555.93,555.93,611.523,55.593,10.0
gid://shopify/LineItem/2161427382350,7383,20250324,474,2191,236,3,1,615.13,615.13,676.643,61.513,10.0
gid://shopify/LineItem/2157129236558,4412,20250322,20,3803,225,3,1,563.93,563.93,620.323,56.393,10.0
gid://shopify/LineItem/2161055137870,7111,20250324,46,1519,28,3,1,523.93,523.93,576.323,52.393,10.0
gid://shopify/LineItem/2154400940110,2172,20250320,179,84,92,3,1,947.93,947.93,1042.723,94.793,10.0
gid://shopify/LineItem/2152585560142,934,20250318,182,906,74,3,1,615.13,615.13,676.643,61.513,10.0
gid://shopify/LineItem/2159855829070,6205,20250323,412,2096,309,3,1,575.13,575.13,632.643,57.513,10.0
gid://shopify/LineItem/2157188513870,4475,20250322,308,4171,20,3,1,587.93,587.93,646.723,58.793,10.0
gid://shopify/LineItem/2154368991310,2126,20250320,569,3315,173,3,1,719.13,719.13,791.043,71.913,10.0
gid://shopify/LineItem/2151425212494,85,20250318,330,1582,125,3,1,605.13,605.13,665.643,60.513,10.0
gid://shopify/LineItem/2155690819662,3268,20250321,434,4172,123,3,1,625.13,625.13,687.643,62.513,10.0
gid://shopify/LineItem/2157165903950,4452,20250322,174,3531,97,3,1,658.33,658.33,724.163,65.833,10.0
gid://shopify/LineItem/2155384078414,3166,20250320,390,4173,204,3,1,849.13,849.13,934.043,84.913,10.0
gid://shopify/LineItem/2154716299342,2525,20250320,311,3256,108,3,1,563.93,563.93,620.323,56.393,10.0
gid://shopify/LineItem/2159830630478,6192,20250323,357,1133,41,3,1,517.53,517.53,569.283,51.753,10.0
gid://shopify/LineItem/2151207141454,26,20250318,317,2725,472,3,1,615.13,615.13,676.643,61.513,10.0
gid://shopify/LineItem/2154501406798,2302,20250320,44,4174,141,3,1,595.93,595.93,655.523,59.593,10.0
gid://shopify/LineItem/2157016318030,4234,20250322,1,4175,69,3,1,501.53,501.53,551.683,50.153,10.0
gid://shopify/LineItem/2158193213518,5275,20250322,20,2061,409,1,1,658.33,658.33,724.163,65.833,10.0
gid://shopify/LineItem/2161214783566,7248,20250324,20,4176,40,1,1,527.13,527.13,579.843,52.713,10.0
gid://shopify/LineItem/2154602561614,2406,20250320,490,3676,162,1,1,1159.13,1159.13,1275.043,115.913,10.0
gid://shopify/LineItem/2156438388814,3917,20250321,382,2484,406,1,1,527.13,527.13,579.843,52.713,10.0
gid://shopify/LineItem/2152074543182,630,20250318,493,583,46,1,1,605.73,605.73,666.303,60.573,10.0
gid://shopify/LineItem/2154508255310,2317,20250320,383,68,165,1,1,537.13,537.13,590.843,53.713,10.0
gid://shopify/LineItem/2156763611214,4142,20250322,191,3160,3,1,1,642.33,642.33,706.563,64.233,10.0
gid://shopify/LineItem/2160885989454,6991,20250324,339,1680,409,1,1,698.33,698.33,768.163,69.833,10.0
gid://shopify/LineItem/2155735777358,3307,20250321,384,3572,455,1,1,527.13,527.13,579.843,52.713,10.0
gid://shopify/LineItem/2159625830478,6050,20250323,499,3759,94,1,1,760.73,760.73,836.803,76.073,10.0
gid://shopify/LineItem/2156661178446,4087,20250321,343,4177,344,1,1,1525.13,1525.13,1677.643,152.513,10.0
gid://shopify/LineItem/2161139023950,7179,20250324,343,1475,3,1,1,991.13,991.13,1090.243,99.113,10.0
gid://shopify/LineItem/2152693071950,967,20250319,500,3395,148,1,1,783.13,783.13,861.443,78.313,10.0
gid://shopify/LineItem/2160480223310,6652,20250324,294,4178,232,1,1,666.33,666.33,732.963,66.633,10.0
gid://shopify/LineItem/2157287276622,4580,20250322,294,4179,63,1,1,635.13,635.13,698.643,63.513,10.0
gid://shopify/LineItem/2151832256590,452,20250318,179,4180,102,1,1,563.63,563.63,619.993,56.363,10.0
gid://shopify/LineItem/2151212187726,29,20250318,901,3313,16,1,1,507.13,507.13,557.843,50.713,10.0
gid://shopify/LineItem/2159518580814,5988,20250323,513,3018,68,1,1,547.13,547.13,601.843,54.713,10.0
gid://shopify/LineItem/2159533129806,5999,20250323,902,3612,121,1,1,597.13,597.13,656.843,59.713,10.0
gid://shopify/LineItem/2152020770894,582,20250318,177,1972,3,1,1,752.13,752.13,827.343,75.213,10.0
gid://shopify/LineItem/2157624361038,4870,20250322,1,2680,63,1,1,586.13,586.13,644.743,58.613,10.0
gid://shopify/LineItem/2156292603982,3796,20250321,1,3152,201,1,1,673.53,673.53,740.883,67.353,10.0
gid://shopify/LineItem/2153966960718,1969,20250319,530,1697,20,1,1,578.63,578.63,636.493,57.863,10.0
gid://shopify/LineItem/2155241472078,3080,20250320,179,3066,46,1,1,815.13,815.13,896.643,81.513,10.0
gid://shopify/LineItem/2160029597774,6260,20250324,351,106,206,1,1,537.13,537.13,590.843,53.713,10.0
gid://shopify/LineItem/2159834169422,6195,20250323,186,3654,145,1,1,650.33,650.33,715.363,65.033,10.0
gid://shopify/LineItem/2160569614414,6726,20250324,179,2545,425,1,1,831.13,831.13,914.243,83.113,10.0
gid://shopify/LineItem/2159250440270,5815,20250323,21,1108,156,1,1,1281.13,1281.13,1409.243,128.113,10.0
gid://shopify/LineItem/2155691671630,3270,20250321,1,1686,204,1,1,723.13,723.13,795.443,72.313,10.0
gid://shopify/LineItem/2151954284622,543,20250318,20,3133,13,1,1,527.13,527.13,579.843,52.713,10.0
gid://shopify/LineItem/2160745054286,6889,20250324,21,4181,19,1,1,919.13,919.13,1011.043,91.913,10.0
gid://shopify/LineItem/2157038108750,4278,20250322,188,4182,206,1,1,635.13,635.13,698.643,63.513,10.0
gid://shopify/LineItem/2152067498062,622,20250318,188,4183,330,1,1,642.33,642.33,706.563,64.233,10.0
gid://shopify/LineItem/2153688924238,1748,20250319,1,4184,409,1,1,664.73,664.73,731.203,66.473,10.0
gid://shopify/LineItem/2153526394958,1592,20250319,44,4185,358,1,1,674.33,674.33,741.763,67.433,10.0
gid://shopify/LineItem/2159629369422,6052,20250323,1,3798,1,1,1,733.13,733.13,806.443,73.313,10.0
gid://shopify/LineItem/2159679307854,6094,20250323,1,4186,29,1,1,635.13,635.13,698.643,63.513,10.0
gid://shopify/LineItem/2151186268238,17,20250318,179,2962,39,1,1,635.13,635.13,698.643,63.513,10.0
gid://shopify/LineItem/2160361078862,6541,20250324,307,2275,248,1,1,666.33,666.33,732.963,66.633,10.0
gid://shopify/LineItem/2155284430926,3104,20250320,195,4187,460,1,1,1037.13,1037.13,1140.843,103.713,10.0
gid://shopify/LineItem/2157458686030,4744,20250322,177,1203,469,1,1,555.93,555.93,611.523,55.593,10.0
gid://shopify/LineItem/2157629669454,4873,20250322,329,2673,33,1,1,595.93,595.93,655.523,59.593,10.0
gid://shopify/LineItem/2152359526478,802,20250318,310,4188,409,1,1,650.33,650.33,715.363,65.033,10.0
gid://shopify/LineItem/2157005963342,4219,20250322,206,3342,42,1,1,703.13,703.13,773.443,70.313,10.0
gid://shopify/LineItem/2151962542158,549,20250318,667,406,81,1,1,537.13,537.13,590.843,53.713,10.0
gid://shopify/LineItem/2156513460302,3985,20250321,311,1544,149,1,1,517.13,517.13,568.843,51.713,10.0
gid://shopify/LineItem/2156463587406,3945,20250321,718,4189,133,1,1,595.93,595.93,655.523,59.593,10.0
gid://shopify/LineItem/2160949231694,7030,20250324,181,2800,97,1,1,527.13,527.13,579.843,52.713,10.0
gid://shopify/LineItem/2154587947086,2388,20250320,193,3964,398,1,1,615.13,615.13,676.643,61.513,10.0
gid://shopify/LineItem/2160986226766,7069,20250324,299,4190,238,1,1,537.13,537.13,590.843,53.713,10.0
gid://shopify/LineItem/2153679945806,1743,20250319,834,1182,248,1,1,555.13,555.13,610.643,55.513,10.0
gid://shopify/LineItem/2157995393102,5164,20250322,21,4008,244,1,1,595.93,595.93,655.523,59.593,10.0
gid://shopify/LineItem/2160998252622,7076,20250324,177,4191,180,1,1,485.53,485.53,534.083,48.553,10.0
gid://shopify/LineItem/2154554785870,2366,20250320,686,4192,39,1,1,625.13,625.13,687.643,62.513,10.0
gid://shopify/LineItem/2159668363342,6084,20250323,179,616,476,1,1,625.13,625.13,687.643,62.513,10.0
gid://shopify/LineItem/2157078577230,4338,20250322,179,446,200,1,1,587.93,587.93,646.723,58.793,10.0
gid://shopify/LineItem/2160190357582,6313,20250324,20,1160,63,1,1,579.93,579.93,637.923,57.993,10.0
gid://shopify/LineItem/2152043642958,599,20250318,177,3968,16,1,1,595.13,595.13,654.643,59.513,10.0
gid://shopify/LineItem/2155773067342,3346,20250321,317,485,151,1,1,527.13,527.13,579.843,52.713,10.0
gid://shopify/LineItem/2155364089934,3156,20250320,20,4193,143,1,1,537.13,537.13,590.843,53.713,10.0
gid://shopify/LineItem/2155656085582,3240,20250321,1,4194,222,1,1,507.13,507.13,557.843,50.713,10.0
gid://shopify/LineItem/2154503536718,2304,20250320,1,779,363,1,1,571.93,571.93,629.123,57.193,10.0
gid://shopify/LineItem/2157126811726,4405,20250322,20,4195,145,1,1,527.13,527.13,579.843,52.713,10.0
gid://shopify/LineItem/2157788954702,4999,20250322,1,1395,87,1,1,537.13,537.13,590.843,53.713,10.0
gid://shopify/LineItem/2155751702606,3323,20250321,1,3882,102,1,1,537.13,537.13,590.843,53.713,10.0
gid://shopify/LineItem/2155185733710,3024,20250320,903,2337,343,1,1,626.33,626.33,688.963,62.633,10.0
gid://shopify/LineItem/2157389938766,4687,20250322,44,684,325,1,1,547.93,547.93,602.723,54.793,10.0
gid://shopify/LineItem/2159112847438,5720,20250323,174,2095,224,1,1,537.13,537.13,590.843,53.713,10.0
gid://shopify/LineItem/2159782002766,6170,20250323,1,4196,462,1,2,317.56,635.13,698.643,63.513,10.0
gid://shopify/LineItem/2157116063822,4394,20250322,317,4197,122,1,1,625.13,625.13,687.643,62.513,10.0
gid://shopify/LineItem/2152346320974,792,20250318,291,3667,297,1,1,595.93,595.93,655.523,59.593,10.0
gid://shopify/LineItem/2161468244046,7400,20250324,382,3393,32,1,1,916.73,916.73,1008.403,91.673,10.0
gid://shopify/LineItem/2158078459982,5221,20250322,674,4198,3,1,1,635.13,635.13,698.643,63.513,10.0
gid://shopify/LineItem/2157421133902,4711,20250322,177,4199,21,1,1,595.13,595.13,654.643,59.513,10.0
gid://shopify/LineItem/2159909699662,6232,20250324,904,4200,150,1,1,617.13,617.13,678.843,61.713,10.0
gid://shopify/LineItem/2154395107406,2162,20250320,1,4074,92,1,1,833.13,833.13,916.443,83.313,10.0
gid://shopify/LineItem/2153410494542,1490,20250319,905,4201,52,1,1,706.33,706.33,776.963,70.633,10.0
gid://shopify/LineItem/2154392748110,2159,20250320,1,671,121,1,1,517.13,517.13,568.843,51.713,10.0
gid://shopify/LineItem/2158985478222,5636,20250323,21,3145,281,1,1,703.13,703.13,773.443,70.313,10.0
gid://shopify/LineItem/2159135195214,5731,20250323,177,4202,8,1,1,713.13,713.13,784.443,71.313,10.0
gid://shopify/LineItem/2156092981326,3630,20250321,308,1858,87,1,1,811.13,811.13,892.243,81.113,10.0
gid://shopify/LineItem/2152255782990,733,20250318,1,4203,259,1,1,929.13,929.13,1022.043,92.913,10.0
gid://shopify/LineItem/2154773151822,2596,20250320,435,2102,69,1,1,507.13,507.13,557.843,50.713,10.0
gid://shopify/LineItem/2153324544078,1434,20250319,611,361,73,1,1,625.13,625.13,687.643,62.513,10.0
gid://shopify/LineItem/2158726250574,5470,20250323,320,326,8,1,1,674.33,674.33,741.763,67.433,10.0
gid://shopify/LineItem/2160811671630,6934,20250324,20,4204,105,1,1,587.93,587.93,646.723,58.793,10.0
gid://shopify/LineItem/2158544126030,5378,20250323,1,4205,92,1,1,507.13,507.13,557.843,50.713,10.0
gid://shopify/LineItem/2157968359502,5148,20250322,380,451,136,1,1,557.53,557.53,613.283,55.753,10.0
gid://shopify/LineItem/2155015176270,2844,20250320,179,4206,46,1,1,517.53,517.53,569.283,51.753,10.0
gid://shopify/LineItem/2153648488526,1714,20250319,179,3728,413,1,1,674.33,674.33,741.763,67.433,10.0
gid://shopify/LineItem/2156031377486,3584,20250321,495,3579,3,1,1,869.13,869.13,956.043,86.913,10.0
gid://shopify/LineItem/2159115305038,5721,20250323,1,4207,237,1,1,1075.13,1075.13,1182.643,107.513,10.0
gid://shopify/LineItem/2160659955790,6802,20250324,380,3684,216,1,1,557.53,557.53,613.283,55.753,10.0
gid://shopify/LineItem/2157750616142,4978,20250322,177,65,318,1,1,929.13,929.13,1022.043,92.913,10.0
gid://shopify/LineItem/2159403434062,5913,20250323,20,2288,145,1,1,595.13,595.13,654.643,59.513,10.0
gid://shopify/LineItem/2155681710158,3253,20250321,821,4208,160,1,1,595.93,595.93,655.523,59.593,10.0
gid://shopify/LineItem/2154725933134,2534,20250320,499,3864,336,1,1,869.13,869.13,956.043,86.913,10.0
gid://shopify/LineItem/2157889847374,5082,20250322,453,4209,62,1,1,509.53,509.53,560.483,50.953,10.0
gid://shopify/LineItem/2158044282958,5205,20250322,301,1773,483,1,1,634.33,634.33,697.763,63.433,10.0
gid://shopify/LineItem/2160811606094,6933,20250324,219,448,76,4,1,635.13,635.13,698.643,63.513,10.0
gid://shopify/LineItem/2155263295566,3094,20250320,247,4210,243,5,1,537.13,537.13,590.843,53.713,10.0
gid://shopify/LineItem/2161489608782,7419,20250324,767,4211,19,3,1,744.73,744.73,819.203,74.473,10.0
gid://shopify/LineItem/2151989936206,562,20250318,289,34,20,3,1,493.53,493.53,542.883,49.353,10.0
gid://shopify/LineItem/2154419912782,2197,20250320,211,1300,319,1,1,733.13,733.13,806.443,73.313,10.0
gid://shopify/LineItem/2158136361038,5251,20250322,220,2484,248,1,1,536.13,536.13,589.743,53.613,10.0
gid://shopify/LineItem/2156587941966,4040,20250321,271,3647,19,1,1,517.53,517.53,569.283,51.753,10.0
gid://shopify/LineItem/2155288789070,3110,20250320,258,3640,305,1,1,527.13,527.13,579.843,52.713,10.0
gid://shopify/LineItem/2158896349262,5571,20250323,258,4212,357,1,1,634.33,634.33,697.763,63.433,10.0
gid://shopify/LineItem/2158990983246,5640,20250323,20,4213,13,4,1,485.53,485.53,534.083,48.553,10.0
gid://shopify/LineItem/2160437395534,6605,20250324,44,4214,204,4,1,517.53,517.53,569.283,51.753,10.0
gid://shopify/LineItem/2155114070094,2956,20250320,179,1359,418,4,1,650.33,650.33,715.363,65.033,10.0
gid://shopify/LineItem/2154026205262,2007,20250319,188,960,63,4,1,537.13,537.13,590.843,53.713,10.0
gid://shopify/LineItem/2154945478734,2763,20250320,478,3165,32,4,1,527.13,527.13,579.843,52.713,10.0
gid://shopify/LineItem/2161269735502,7297,20250324,188,3880,39,4,1,517.53,517.53,569.283,51.753,10.0
gid://shopify/LineItem/2159384133710,5900,20250323,20,4215,218,4,1,527.13,527.13,579.843,52.713,10.0
gid://shopify/LineItem/2155887886414,3458,20250321,188,4216,121,5,1,537.13,537.13,590.843,53.713,10.0
gid://shopify/LineItem/2156467355726,3947,20250321,1,4217,161,5,1,565.53,565.53,622.083,56.553,10.0
gid://shopify/LineItem/2160601366606,6759,20250324,1,991,87,5,1,501.53,501.53,551.683,50.153,10.0
gid://shopify/LineItem/2157855965262,5044,20250322,188,2506,139,5,1,595.93,595.93,655.523,59.593,10.0
gid://shopify/LineItem/2156714164302,4124,20250321,365,4218,173,5,1,509.53,509.53,560.483,50.953,10.0
gid://shopify/LineItem/2153207332942,1318,20250319,496,4081,3,3,1,517.53,517.53,569.283,51.753,10.0
gid://shopify/LineItem/2155893063758,3467,20250321,1,1673,179,3,1,501.53,501.53,551.683,50.153,10.0
gid://shopify/LineItem/2154765942862,2588,20250320,174,32,11,3,1,527.13,527.13,579.843,52.713,10.0
gid://shopify/LineItem/2154402807886,2174,20250320,486,3110,36,3,1,517.13,517.13,568.843,51.713,10.0
gid://shopify/LineItem/2160160997454,6288,20250324,44,175,180,3,1,658.33,658.33,724.163,65.833,10.0
gid://shopify/LineItem/2154425155662,2206,20250320,1,4219,179,3,1,537.13,537.13,590.843,53.713,10.0
gid://shopify/LineItem/2157401833550,4695,20250322,451,3841,133,3,1,505.13,505.13,555.643,50.513,10.0
gid://shopify/LineItem/2152309588046,768,20250318,20,2374,68,3,1,537.13,537.13,590.843,53.713,10.0
gid://shopify/LineItem/2153681813582,1744,20250319,1,2917,26,3,1,642.33,642.33,706.563,64.233,10.0
gid://shopify/LineItem/2160667820110,6809,20250324,1,4220,119,3,1,507.13,507.13,557.843,50.713,10.0
gid://shopify/LineItem/2160888610894,6992,20250324,1,2945,216,3,1,537.13,537.13,590.843,53.713,10.0
gid://shopify/LineItem/2154926571598,2745,20250320,1,3877,55,3,1,613.13,613.13,674.443,61.313,10.0
gid://shopify/LineItem/2154467721294,2258,20250320,20,4179,115,3,1,537.13,537.13,590.843,53.713,10.0
gid://shopify/LineItem/2160929472590,7015,20250324,20,3960,98,3,1,485.53,485.53,534.083,48.553,10.0
gid://shopify/LineItem/2157050036302,4289,20250322,694,3594,377,3,1,509.53,509.53,560.483,50.953,10.0
gid://shopify/LineItem/2157049086030,4288,20250322,332,2743,20,3,1,501.53,501.53,551.683,50.153,10.0
gid://shopify/LineItem/2159439282254,5938,20250323,20,1561,166,3,1,683.13,683.13,751.443,68.313,10.0
gid://shopify/LineItem/2156107759694,3642,20250321,20,3923,438,1,1,615.13,615.13,676.643,61.513,10.0
gid://shopify/LineItem/2154816012366,2648,20250320,383,4221,48,1,1,517.53,517.53,569.283,51.753,10.0
gid://shopify/LineItem/2156448219214,3930,20250321,339,4222,175,1,1,517.13,517.13,568.843,51.713,10.0
gid://shopify/LineItem/2158682275918,5458,20250323,179,4223,204,1,1,635.13,635.13,698.643,63.513,10.0
gid://shopify/LineItem/2160217292878,6346,20250324,673,3999,46,1,1,537.13,537.13,590.843,53.713,10.0
gid://shopify/LineItem/2154561208398,2371,20250320,673,3382,483,1,1,517.53,517.53,569.283,51.753,10.0
gid://shopify/LineItem/2160258252878,6417,20250324,177,2851,456,1,1,537.13,537.13,590.843,53.713,10.0
gid://shopify/LineItem/2155021729870,2855,20250320,2,3044,380,1,1,507.13,507.13,557.843,50.713,10.0
gid://shopify/LineItem/2158678736974,5455,20250323,177,620,91,1,1,517.53,517.53,569.283,51.753,10.0
gid://shopify/LineItem/2152639987790,955,20250319,177,4224,303,1,1,563.93,563.93,620.323,56.393,10.0
gid://shopify/LineItem/2154993745998,2817,20250320,525,4225,142,1,1,517.13,517.13,568.843,51.713,10.0
gid://shopify/LineItem/2158076100686,5219,20250322,188,4226,100,1,1,537.13,537.13,590.843,53.713,10.0
gid://shopify/LineItem/2161251844174,7286,20250324,179,3566,214,1,1,517.53,517.53,569.283,51.753,10.0
gid://shopify/LineItem/2156121817166,3653,20250321,179,2795,180,1,1,517.53,517.53,569.283,51.753,10.0
gid://shopify/LineItem/2155233050702,3071,20250320,20,3156,3,1,1,509.53,509.53,560.483,50.953,10.0
gid://shopify/LineItem/2152991883342,1117,20250319,1,4227,81,1,1,613.13,613.13,674.443,61.313,10.0
gid://shopify/LineItem/2152911011918,1032,20250319,815,2872,91,1,1,658.33,658.33,724.163,65.833,10.0
gid://shopify/LineItem/2160245866574,6390,20250324,21,4228,109,1,1,595.93,595.93,655.523,59.593,10.0
gid://shopify/LineItem/2155180556366,3012,20250320,177,1114,20,1,1,555.13,555.13,610.643,55.513,10.0
gid://shopify/LineItem/2154952589390,2770,20250320,550,4229,83,1,1,493.53,493.53,542.883,49.353,10.0
gid://shopify/LineItem/2156370657358,3847,20250321,554,4230,326,1,1,635.13,635.13,698.643,63.513,10.0
gid://shopify/LineItem/2156138299470,3666,20250321,796,4231,38,1,1,563.93,563.93,620.323,56.393,10.0
gid://shopify/LineItem/2160217587790,6348,20250324,188,560,20,1,1,537.13,537.13,590.843,53.713,10.0
gid://shopify/LineItem/2151750205518,366,20250318,179,797,100,1,1,635.13,635.13,698.643,63.513,10.0
gid://shopify/LineItem/2156858245198,4161,20250322,418,4232,100,1,1,517.13,517.13,568.843,51.713,10.0
gid://shopify/LineItem/2156075483214,3618,20250321,310,828,82,1,1,625.13,625.13,687.643,62.513,10.0
gid://shopify/LineItem/2154461331534,2249,20250320,570,4233,244,1,1,761.13,761.13,837.243,76.113,10.0
gid://shopify/LineItem/2151583416398,238,20250318,44,4234,179,1,1,595.93,595.93,655.523,59.593,10.0
gid://shopify/LineItem/2159033286734,5667,20250323,435,1587,19,1,1,493.53,493.53,542.883,49.353,10.0
gid://shopify/LineItem/2154841964622,2663,20250320,363,4235,200,1,1,650.33,650.33,715.363,65.033,10.0
gid://shopify/LineItem/2156330844238,3817,20250321,745,4236,118,1,1,674.33,674.33,741.763,67.433,10.0
gid://shopify/LineItem/2154365386830,2122,20250320,182,870,1,1,1,537.13,537.13,590.843,53.713,10.0
gid://shopify/LineItem/2160368353358,6551,20250324,448,2494,293,1,1,527.13,527.13,579.843,52.713,10.0
gid://shopify/LineItem/2157532086350,4795,20250322,179,2696,62,1,1,595.93,595.93,655.523,59.593,10.0
gid://shopify/LineItem/2151754137678,372,20250318,1,4237,108,1,1,537.13,537.13,590.843,53.713,10.0
gid://shopify/LineItem/2155235901518,3074,20250320,1,4238,117,1,1,587.93,587.93,646.723,58.793,10.0
gid://shopify/LineItem/2154475192398,2268,20250320,1,1104,329,1,1,517.53,517.53,569.283,51.753,10.0
gid://shopify/LineItem/2156486950990,3967,20250321,1,5,39,1,1,517.13,517.13,568.843,51.713,10.0
gid://shopify/LineItem/2155634557006,3226,20250321,1,4000,118,1,1,507.13,507.13,557.843,50.713,10.0
gid://shopify/LineItem/2161406279758,7372,20250324,1,4239,13,1,1,507.13,507.13,557.843,50.713,10.0
gid://shopify/LineItem/2160690495566,6829,20250324,620,3573,35,1,1,527.13,527.13,579.843,52.713,10.0
gid://shopify/LineItem/2153010528334,1133,20250319,874,4240,106,1,1,501.53,501.53,551.683,50.153,10.0
gid://shopify/LineItem/2156223070286,3741,20250321,20,2223,83,1,1,517.53,517.53,569.283,51.753,10.0
gid://shopify/LineItem/2155828543566,3406,20250321,906,3304,70,1,1,501.53,501.53,551.683,50.153,10.0
gid://shopify/LineItem/2151648165966,296,20250318,1,2343,223,1,1,720.73,720.73,792.803,72.073,10.0
gid://shopify/LineItem/2153512173646,1572,20250319,1,2205,424,1,1,485.53,485.53,534.083,48.553,10.0
gid://shopify/LineItem/2152627601486,952,20250319,174,4241,327,1,1,517.53,517.53,569.283,51.753,10.0
gid://shopify/LineItem/2159247425614,5810,20250323,174,4242,126,1,1,517.53,517.53,569.283,51.753,10.0
gid://shopify/LineItem/2154507731022,2315,20250320,174,3827,252,1,1,537.13,537.13,590.843,53.713,10.0
gid://shopify/LineItem/2159510487118,5982,20250323,667,2668,73,1,2,317.56,635.13,698.643,63.513,10.0
gid://shopify/LineItem/2151835304014,456,20250318,1,4243,16,1,1,571.93,571.93,629.123,57.193,10.0
gid://shopify/LineItem/2157936476238,5117,20250322,20,4244,46,1,1,497.13,497.13,546.843,49.713,10.0
gid://shopify/LineItem/2154980016206,2800,20250320,174,4245,395,1,1,537.13,537.13,590.843,53.713,10.0
gid://shopify/LineItem/2153759932494,1830,20250319,182,4246,74,1,1,537.13,537.13,590.843,53.713,10.0
gid://shopify/LineItem/2153719300174,1785,20250319,224,4029,247,5,1,537.13,537.13,590.843,53.713,10.0
gid://shopify/LineItem/2151570047054,227,20250318,180,4247,232,5,1,563.93,563.93,620.323,56.393,10.0
gid://shopify/LineItem/2152979660878,1103,20250319,907,4248,25,5,1,507.13,507.13,557.843,50.713,10.0
gid://shopify/LineItem/2155617452110,3219,20250321,254,4249,46,5,1,501.53,501.53,551.683,50.153,10.0
gid://shopify/LineItem/2152263188558,736,20250318,767,681,83,5,1,504.13,504.13,554.543,50.413,10.0
gid://shopify/LineItem/2155617845326,3220,20250321,234,2640,20,5,1,625.13,625.13,687.643,62.513,10.0
gid://shopify/LineItem/2156032917582,3585,20250321,235,2316,285,5,1,509.53,509.53,560.483,50.953,10.0
gid://shopify/LineItem/2153388081230,1469,20250319,235,4108,10,5,1,504.13,504.13,554.543,50.413,10.0
gid://shopify/LineItem/2152394195022,822,20250318,758,2414,126,5,1,527.13,527.13,579.843,52.713,10.0
gid://shopify/LineItem/2151942029390,533,20250318,768,4250,118,5,1,509.53,509.53,560.483,50.953,10.0
gid://shopify/LineItem/2160434020430,6598,20250324,258,3866,197,5,1,527.13,527.13,579.843,52.713,10.0
gid://shopify/LineItem/2160757014606,6897,20250324,258,767,256,5,1,655.13,655.13,720.643,65.513,10.0
gid://shopify/LineItem/2153829564494,1889,20250319,908,3214,27,5,1,541.53,541.53,595.683,54.153,10.0
gid://shopify/LineItem/2156177031246,3696,20250321,909,4251,150,5,1,508.13,508.13,558.943,50.813,10.0
gid://shopify/LineItem/2157388005454,4682,20250322,263,547,118,5,1,517.53,517.53,569.283,51.753,10.0
gid://shopify/LineItem/2157566951502,4824,20250322,264,4252,470,5,1,595.93,595.93,655.523,59.593,10.0
gid://shopify/LineItem/2151578370126,234,20250318,170,4253,105,5,1,537.13,537.13,590.843,53.713,10.0
gid://shopify/LineItem/2155905908814,3477,20250321,170,4254,5,5,1,728.73,728.73,801.603,72.873,10.0
gid://shopify/LineItem/2154910089294,2722,20250320,267,2296,176,5,1,595.93,595.93,655.523,59.593,10.0
gid://shopify/LineItem/2153155625038,1271,20250319,270,2939,248,5,1,501.53,501.53,551.683,50.153,10.0
gid://shopify/LineItem/2154538008654,2346,20250320,910,4255,50,5,1,537.13,537.13,590.843,53.713,10.0
gid://shopify/LineItem/2158906703950,5579,20250323,911,4256,19,5,1,587.93,587.93,646.723,58.793,10.0
gid://shopify/LineItem/2160294068302,6472,20250324,218,4257,163,5,1,811.13,811.13,892.243,81.113,10.0
gid://shopify/LineItem/2157012615246,4230,20250322,229,3242,17,5,1,493.53,493.53,542.883,49.353,10.0
gid://shopify/LineItem/2153501687886,1563,20250319,229,478,471,5,1,507.13,507.13,557.843,50.713,10.0
gid://shopify/LineItem/2152471953486,871,20250318,229,4258,356,5,1,493.53,493.53,542.883,49.353,10.0
gid://shopify/LineItem/2161077911630,7134,20250324,277,4259,150,5,1,595.13,595.13,654.643,59.513,10.0
gid://shopify/LineItem/2153716252750,1783,20250319,219,4260,85,5,1,635.13,635.13,698.643,63.513,10.0
gid://shopify/LineItem/2160584720462,6740,20250324,219,4261,66,5,1,537.13,537.13,590.843,53.713,10.0
gid://shopify/LineItem/2152142536782,673,20250318,696,4262,59,5,1,563.93,563.93,620.323,56.393,10.0
gid://shopify/LineItem/2157484474446,4762,20250322,912,2145,35,5,1,501.53,501.53,551.683,50.153,10.0
gid://shopify/LineItem/2161081188430,7138,20250324,263,4263,19,5,1,504.13,504.13,554.543,50.413,10.0
gid://shopify/LineItem/2158811480142,5514,20250323,177,2833,335,1,1,439.13,439.13,483.043,43.913,10.0
gid://shopify/LineItem/2159772008526,6161,20250323,20,1737,237,5,1,517.53,517.53,569.283,51.753,10.0
gid://shopify/LineItem/2158629716046,5423,20250323,20,2582,3,5,1,517.13,517.13,568.843,51.713,10.0
gid://shopify/LineItem/2152254439502,730,20250318,20,4264,28,5,1,493.53,493.53,542.883,49.353,10.0
gid://shopify/LineItem/2154428694606,2213,20250320,20,457,100,5,1,504.13,504.13,554.543,50.413,10.0
gid://shopify/LineItem/2153656909902,1726,20250319,20,3757,40,5,1,615.13,615.13,676.643,61.513,10.0
gid://shopify/LineItem/2155736891470,3310,20250321,381,4265,163,5,1,509.53,509.53,560.483,50.953,10.0
gid://shopify/LineItem/2156463489102,3944,20250321,492,4266,145,5,1,517.13,517.13,568.843,51.713,10.0
gid://shopify/LineItem/2158028750926,5192,20250322,492,977,171,5,1,683.13,683.13,751.443,68.313,10.0
gid://shopify/LineItem/2153060663374,1177,20250319,493,3713,121,5,1,595.93,595.93,655.523,59.593,10.0
gid://shopify/LineItem/2153964437582,1968,20250319,383,3973,108,5,1,595.93,595.93,655.523,59.593,10.0
gid://shopify/LineItem/2154564943950,2375,20250320,383,2813,1,5,1,512.63,512.63,563.893,51.263,10.0
gid://shopify/LineItem/2151481278542,131,20250318,185,4267,59,5,1,517.53,517.53,569.283,51.753,10.0
gid://shopify/LineItem/2155044339790,2881,20250320,185,3576,176,5,1,517.53,517.53,569.283,51.753,10.0
gid://shopify/LineItem/2160502669390,6674,20250324,495,4094,401,5,1,509.53,509.53,560.483,50.953,10.0
gid://shopify/LineItem/2152112357454,653,20250318,495,1191,53,5,1,490.13,490.13,539.143,49.013,10.0
gid://shopify/LineItem/2156636700750,4068,20250321,339,339,121,5,1,501.53,501.53,551.683,50.153,10.0
gid://shopify/LineItem/2156071026766,3617,20250321,674,4268,53,5,1,625.13,625.13,687.643,62.513,10.0
gid://shopify/LineItem/2160286793806,6463,20250324,674,4269,99,5,1,517.53,517.53,569.283,51.753,10.0
gid://shopify/LineItem/2160834379854,6954,20250324,450,1648,460,5,1,517.13,517.13,568.843,51.713,10.0
gid://shopify/LineItem/2152198275150,709,20250318,499,4270,108,5,1,555.93,555.93,611.523,55.593,10.0
gid://shopify/LineItem/2160447914062,6615,20250324,499,3433,63,5,1,571.93,571.93,629.123,57.193,10.0
gid://shopify/LineItem/2153447718990,1522,20250319,341,4271,267,5,1,595.13,595.13,654.643,59.513,10.0
gid://shopify/LineItem/2158025474126,5191,20250322,341,4272,174,5,1,501.53,501.53,551.683,50.153,10.0
gid://shopify/LineItem/2152977891406,1099,20250319,343,4273,35,5,1,571.93,571.93,629.123,57.193,10.0
gid://shopify/LineItem/2153753509966,1825,20250319,386,4274,282,5,1,595.93,595.93,655.523,59.593,10.0
gid://shopify/LineItem/2155689836622,3264,20250321,450,1227,224,5,1,517.13,517.13,568.843,51.713,10.0
gid://shopify/LineItem/2160949002318,7029,20250324,840,4275,250,5,1,509.53,509.53,560.483,50.953,10.0
gid://shopify/LineItem/2151751712846,368,20250318,504,4276,158,5,1,571.93,571.93,629.123,57.193,10.0
gid://shopify/LineItem/2153274343502,1391,20250319,841,2543,92,5,1,703.13,703.13,773.443,70.313,10.0
gid://shopify/LineItem/2156109693006,3643,20250321,841,3560,102,5,1,493.53,493.53,542.883,49.353,10.0
gid://shopify/LineItem/2155821727822,3396,20250321,1,4277,153,5,1,605.13,605.13,665.643,60.513,10.0
gid://shopify/LineItem/2156093734990,3631,20250321,294,1246,92,5,1,517.53,517.53,569.283,51.753,10.0
gid://shopify/LineItem/2156482756686,3962,20250321,388,4278,105,5,1,712.73,712.73,784.003,71.273,10.0
gid://shopify/LineItem/2159197651022,5773,20250323,894,2466,137,5,1,493.53,493.53,542.883,49.353,10.0
gid://shopify/LineItem/2153202778190,1314,20250319,20,1198,46,5,1,563.63,563.63,619.993,56.363,10.0
gid://shopify/LineItem/2158499070030,5349,20250323,296,3962,58,5,1,509.53,509.53,560.483,50.953,10.0
gid://shopify/LineItem/2157024116814,4251,20250322,177,3547,16,5,1,505.13,505.13,555.643,50.513,10.0
gid://shopify/LineItem/2157480050766,4757,20250322,177,2224,200,5,1,509.53,509.53,560.483,50.953,10.0
gid://shopify/LineItem/2153396699214,1477,20250319,673,4279,146,5,1,635.13,635.13,698.643,63.513,10.0
gid://shopify/LineItem/2160686956622,6823,20250324,913,2208,102,5,1,512.63,512.63,563.893,51.263,10.0
gid://shopify/LineItem/2159378661454,5898,20250323,184,978,193,5,1,576.33,576.33,633.963,57.633,10.0
gid://shopify/LineItem/2159388229710,5903,20250323,914,4280,92,5,1,488.63,488.63,537.493,48.863,10.0
gid://shopify/LineItem/2156760694862,4140,20250322,810,4281,128,5,1,507.13,507.13,557.843,50.713,10.0
gid://shopify/LineItem/2157198573646,4487,20250322,915,4243,137,5,1,493.53,493.53,542.883,49.353,10.0
gid://shopify/LineItem/2159469723726,5953,20250323,915,2301,290,5,1,493.53,493.53,542.883,49.353,10.0
gid://shopify/LineItem/2157113049166,4387,20250322,20,4282,151,5,1,490.13,490.13,539.143,49.013,10.0
gid://shopify/LineItem/2158789132366,5499,20250323,916,4283,46,5,1,490.13,490.13,539.143,49.013,10.0
gid://shopify/LineItem/2154524311630,2336,20250320,20,731,65,5,1,567.13,567.13,623.843,56.713,10.0
gid://shopify/LineItem/2156268159054,3781,20250321,20,1378,136,5,1,541.53,541.53,595.683,54.153,10.0
gid://shopify/LineItem/2158150680654,5259,20250322,20,1448,87,5,1,623.63,623.63,685.993,62.363,10.0
gid://shopify/LineItem/2159315812430,5848,20250323,516,706,260,5,1,617.13,617.13,678.843,61.713,10.0
gid://shopify/LineItem/2157054066766,4297,20250322,1,4284,195,5,1,597.13,597.13,656.843,59.713,10.0
gid://shopify/LineItem/2154739105870,2553,20250320,1,4285,362,5,1,784.73,784.73,863.203,78.473,10.0
gid://shopify/LineItem/2155667816526,3245,20250321,380,32,175,5,1,557.53,557.53,613.283,55.753,10.0
gid://shopify/LineItem/2151564050510,225,20250318,380,4286,398,5,1,557.53,557.53,613.283,55.753,10.0
gid://shopify/LineItem/2156049367118,3605,20250321,380,4287,53,5,1,542.73,542.73,597.003,54.273,10.0
gid://shopify/LineItem/2157836959822,5032,20250322,301,4288,145,5,1,737.13,737.13,810.843,73.713,10.0
gid://shopify/LineItem/2156598591566,4047,20250321,917,4289,149,5,1,548.73,548.73,603.603,54.873,10.0
gid://shopify/LineItem/2155039457358,2875,20250320,521,2126,29,5,1,494.63,494.63,544.093,49.463,10.0
gid://shopify/LineItem/2153043296334,1164,20250319,918,1976,237,5,1,478.33,478.33,526.163,47.833,10.0
gid://shopify/LineItem/2158177714254,5270,20250322,20,4290,134,5,1,517.13,517.13,568.843,51.713,10.0
gid://shopify/LineItem/2153414918222,1498,20250319,919,1657,282,5,1,501.53,501.53,551.683,50.153,10.0
gid://shopify/LineItem/2151702134862,333,20250318,20,3200,118,5,1,501.53,501.53,551.683,50.153,10.0
gid://shopify/LineItem/2152839413838,985,20250319,794,4047,133,5,1,487.13,487.13,535.843,48.713,10.0
gid://shopify/LineItem/2157320601678,4613,20250322,1,4291,117,5,1,485.53,485.53,534.083,48.553,10.0
gid://shopify/LineItem/2152045740110,601,20250318,299,1793,69,5,1,517.53,517.53,569.283,51.753,10.0
gid://shopify/LineItem/2157860421710,5050,20250322,20,4292,73,5,1,490.13,490.13,539.143,49.013,10.0
gid://shopify/LineItem/2151532691534,186,20250318,299,3926,33,5,1,537.13,537.13,590.843,53.713,10.0
gid://shopify/LineItem/2155010228302,2837,20250320,177,4293,252,5,1,512.63,512.63,563.893,51.263,10.0
gid://shopify/LineItem/2157948305486,5131,20250322,1,762,61,5,1,500.73,500.73,550.803,50.073,10.0
gid://shopify/LineItem/2152971337806,1092,20250319,851,3934,127,5,1,493.53,493.53,542.883,49.353,10.0
gid://shopify/LineItem/2156406374478,3888,20250321,920,4294,302,5,1,497.63,497.63,547.393,49.763,10.0
gid://shopify/LineItem/2158874165326,5551,20250323,20,4295,87,5,1,493.53,493.53,542.883,49.353,10.0
gid://shopify/LineItem/2156262391886,3775,20250321,182,4296,41,5,1,537.13,537.13,590.843,53.713,10.0
gid://shopify/LineItem/2157249429582,4548,20250322,182,2097,92,5,1,619.93,619.93,681.923,61.993,10.0
gid://shopify/LineItem/2151460700238,110,20250318,891,4297,316,5,1,625.13,625.13,687.643,62.513,10.0
gid://shopify/LineItem/2157168328782,4459,20250322,891,1881,16,5,1,537.13,537.13,590.843,53.713,10.0
gid://shopify/LineItem/2159522873422,5992,20250323,179,545,200,5,1,725.63,725.63,798.193,72.563,10.0
gid://shopify/LineItem/2157486243918,4763,20250322,177,969,121,5,1,578.63,578.63,636.493,57.863,10.0
gid://shopify/LineItem/2155704975438,3276,20250321,179,4298,188,5,1,595.93,595.93,655.523,59.593,10.0
gid://shopify/LineItem/2158491369550,5346,20250323,179,2981,286,5,1,517.53,517.53,569.283,51.753,10.0
gid://shopify/LineItem/2151732543566,352,20250318,188,1338,117,5,1,537.13,537.13,590.843,53.713,10.0
gid://shopify/LineItem/2156674875470,4097,20250321,188,4012,83,5,1,517.53,517.53,569.283,51.753,10.0
gid://shopify/LineItem/2154385145934,2143,20250320,20,1238,140,5,1,509.53,509.53,560.483,50.953,10.0
gid://shopify/LineItem/2155702517838,3274,20250321,20,3648,45,5,1,509.53,509.53,560.483,50.953,10.0
gid://shopify/LineItem/2155220402254,3058,20250320,20,1302,121,5,1,586.13,586.13,644.743,58.613,10.0
gid://shopify/LineItem/2160825172046,6947,20250324,177,2677,485,5,1,512.63,512.63,563.893,51.263,10.0
gid://shopify/LineItem/2154810179662,2639,20250320,177,1803,341,5,1,586.13,586.13,644.743,58.613,10.0
gid://shopify/LineItem/2155115118670,2957,20250320,177,2123,16,5,1,586.13,586.13,644.743,58.613,10.0
gid://shopify/LineItem/2157621805134,4868,20250322,177,2949,3,5,1,507.73,507.73,558.503,50.773,10.0
gid://shopify/LineItem/2161062150222,7120,20250324,921,4299,121,5,1,517.13,517.13,568.843,51.713,10.0
gid://shopify/LineItem/2153285222478,1404,20250319,44,2998,205,5,1,517.53,517.53,569.283,51.753,10.0
gid://shopify/LineItem/2157804159054,5006,20250322,179,2726,100,5,1,587.93,587.93,646.723,58.793,10.0
gid://shopify/LineItem/2155727814734,3299,20250321,404,4300,175,5,1,537.13,537.13,590.843,53.713,10.0
gid://shopify/LineItem/2160202317902,6329,20250324,404,4301,3,5,1,517.53,517.53,569.283,51.753,10.0
gid://shopify/LineItem/2154803036238,2632,20250320,188,662,16,5,1,517.53,517.53,569.283,51.753,10.0
gid://shopify/LineItem/2152149680206,680,20250318,188,4001,3,5,1,635.13,635.13,698.643,63.513,10.0
gid://shopify/LineItem/2158488191054,5344,20250323,179,2506,92,5,1,517.53,517.53,569.283,51.753,10.0
gid://shopify/LineItem/2153930883150,1947,20250319,188,104,109,5,1,517.53,517.53,569.283,51.753,10.0
gid://shopify/LineItem/2158018887758,5189,20250322,20,701,59,5,1,497.63,497.63,547.393,49.763,10.0
gid://shopify/LineItem/2153382740046,1464,20250319,20,4302,19,5,1,579.93,579.93,637.923,57.993,10.0
gid://shopify/LineItem/2156014239822,3569,20250321,20,4303,8,5,1,509.53,509.53,560.483,50.953,10.0
gid://shopify/LineItem/2159316500558,5850,20250323,544,2000,423,5,1,680.73,680.73,748.803,68.073,10.0
gid://shopify/LineItem/2152025096270,585,20250318,177,4304,122,5,1,569.33,569.33,626.263,56.933,10.0
gid://shopify/LineItem/2151614152782,269,20250318,177,1358,312,5,1,517.53,517.53,569.283,51.753,10.0
gid://shopify/LineItem/2156991479886,4199,20250322,177,4305,362,5,1,512.63,512.63,563.893,51.263,10.0
gid://shopify/LineItem/2156060115022,3612,20250321,20,3528,44,5,1,509.53,509.53,560.483,50.953,10.0
gid://shopify/LineItem/2156980666446,4189,20250322,44,2639,76,5,1,537.13,537.13,590.843,53.713,10.0
gid://shopify/LineItem/2153678078030,1741,20250319,20,4306,62,5,1,490.13,490.13,539.143,49.013,10.0
gid://shopify/LineItem/2157968097358,5147,20250322,177,4307,209,5,1,500.73,500.73,550.803,50.073,10.0
gid://shopify/LineItem/2158958248014,5615,20250323,353,937,57,5,1,504.13,504.13,554.543,50.413,10.0
gid://shopify/LineItem/2151413121102,75,20250318,44,4308,286,5,1,635.13,635.13,698.643,63.513,10.0
gid://shopify/LineItem/2157062717518,4311,20250322,44,791,99,5,1,517.53,517.53,569.283,51.753,10.0
gid://shopify/LineItem/2152920121422,1041,20250319,182,3618,1,5,1,517.53,517.53,569.283,51.753,10.0
gid://shopify/LineItem/2156332875854,3820,20250321,20,311,237,5,1,512.63,512.63,563.893,51.263,10.0
gid://shopify/LineItem/2160867311694,6975,20250324,179,4309,122,5,1,595.93,595.93,655.523,59.593,10.0
gid://shopify/LineItem/2151639744590,292,20250318,922,2391,306,5,1,635.13,635.13,698.643,63.513,10.0
gid://shopify/LineItem/2151875444814,490,20250318,177,4310,145,5,1,512.63,512.63,563.893,51.263,10.0
gid://shopify/LineItem/2155343282254,3146,20250320,334,2567,47,5,1,509.53,509.53,560.483,50.953,10.0
gid://shopify/LineItem/2155998478414,3547,20250321,334,4301,145,5,1,509.53,509.53,560.483,50.953,10.0
gid://shopify/LineItem/2156049236046,3603,20250321,328,1721,357,5,1,517.53,517.53,569.283,51.753,10.0
gid://shopify/LineItem/2157308641358,4600,20250322,1,1171,24,5,1,587.93,587.93,646.723,58.793,10.0
gid://shopify/LineItem/2154743660622,2558,20250320,177,2801,145,5,1,517.53,517.53,569.283,51.753,10.0
gid://shopify/LineItem/2152144928846,674,20250318,177,377,180,5,1,517.13,517.13,568.843,51.713,10.0
gid://shopify/LineItem/2160242982990,6385,20250324,177,3911,83,5,1,485.53,485.53,534.083,48.553,10.0
gid://shopify/LineItem/2151775928398,400,20250318,299,2172,16,5,1,537.13,537.13,590.843,53.713,10.0
gid://shopify/LineItem/2160311435342,6482,20250324,299,4311,3,5,1,537.13,537.13,590.843,53.713,10.0
gid://shopify/LineItem/2159698575438,6112,20250323,188,2873,68,5,1,537.13,537.13,590.843,53.713,10.0
gid://shopify/LineItem/2151381794894,55,20250318,20,3787,20,5,1,493.53,493.53,542.883,49.353,10.0
gid://shopify/LineItem/2152032272462,591,20250318,20,4312,17,5,1,517.13,517.13,568.843,51.713,10.0
gid://shopify/LineItem/2151612940366,268,20250318,20,729,446,5,1,571.13,571.13,628.243,57.113,10.0
gid://shopify/LineItem/2157402292302,4696,20250322,177,810,1,5,1,571.93,571.93,629.123,57.193,10.0
gid://shopify/LineItem/2151915389006,517,20250318,177,4313,128,5,1,517.53,517.53,569.283,51.753,10.0
gid://shopify/LineItem/2157265092686,4557,20250322,177,4314,16,5,1,527.13,527.13,579.843,52.713,10.0
gid://shopify/LineItem/2153060794446,1178,20250319,20,751,290,5,1,517.53,517.53,569.283,51.753,10.0
gid://shopify/LineItem/2157543227470,4807,20250322,20,4315,194,5,1,522.13,522.13,574.343,52.213,10.0
gid://shopify/LineItem/2154712596558,2516,20250320,20,550,143,5,1,490.13,490.13,539.143,49.013,10.0
gid://shopify/LineItem/2161389830222,7359,20250324,548,4316,62,5,1,493.53,493.53,542.883,49.353,10.0
gid://shopify/LineItem/2153658548302,1728,20250319,1,1998,32,5,1,517.13,517.13,568.843,51.713,10.0
gid://shopify/LineItem/2158765899854,5487,20250323,1,4317,8,5,1,555.93,555.93,611.523,55.593,10.0
gid://shopify/LineItem/2151487340622,134,20250318,177,118,41,5,1,512.63,512.63,563.893,51.263,10.0
gid://shopify/LineItem/2157349568590,4646,20250322,177,3844,145,5,1,497.63,497.63,547.393,49.763,10.0
gid://shopify/LineItem/2160630956110,6780,20250324,1,2187,479,5,1,497.13,497.13,546.843,49.713,10.0
gid://shopify/LineItem/2151450771534,105,20250318,177,206,13,5,1,537.13,537.13,590.843,53.713,10.0
gid://shopify/LineItem/2155876974670,3444,20250321,177,4318,108,5,1,512.63,512.63,563.893,51.263,10.0
gid://shopify/LineItem/2156660195406,4086,20250321,378,1983,1,5,1,512.63,512.63,563.893,51.263,10.0
gid://shopify/LineItem/2156179685454,3701,20250321,378,1643,19,5,1,509.53,509.53,560.483,50.953,10.0
gid://shopify/LineItem/2160187801678,6310,20250324,335,1822,197,5,1,537.13,537.13,590.843,53.713,10.0
gid://shopify/LineItem/2151628963918,281,20250318,20,3662,11,5,1,517.13,517.13,568.843,51.713,10.0
gid://shopify/LineItem/2151676215374,315,20250318,44,1083,55,5,1,595.93,595.93,655.523,59.593,10.0
gid://shopify/LineItem/2156204752974,3723,20250321,20,3761,76,5,1,563.93,563.93,620.323,56.393,10.0
gid://shopify/LineItem/2153563619406,1637,20250319,44,4319,109,5,1,595.93,595.93,655.523,59.593,10.0
gid://shopify/LineItem/2156422398030,3906,20250321,306,4320,92,5,1,571.93,571.93,629.123,57.193,10.0
gid://shopify/LineItem/2152172847182,696,20250318,417,624,3,5,1,578.63,578.63,636.493,57.863,10.0
gid://shopify/LineItem/2157145653326,4430,20250322,308,3320,172,5,1,527.13,527.13,579.843,52.713,10.0
gid://shopify/LineItem/2155897126990,3472,20250321,308,4321,38,5,1,650.33,650.33,715.363,65.033,10.0
gid://shopify/LineItem/2157094240334,4356,20250322,419,3282,16,5,1,512.63,512.63,563.893,51.263,10.0
gid://shopify/LineItem/2154972414030,2793,20250320,177,3761,53,5,1,512.63,512.63,563.893,51.263,10.0
gid://shopify/LineItem/2151579091022,235,20250318,923,3886,79,5,1,512.63,512.63,563.893,51.263,10.0
gid://shopify/LineItem/2159144173646,5735,20250323,20,1742,16,5,1,509.53,509.53,560.483,50.953,10.0
gid://shopify/LineItem/2151562313806,221,20250318,174,3758,11,5,1,490.13,490.13,539.143,49.013,10.0
gid://shopify/LineItem/2156448776270,3931,20250321,568,713,11,5,1,512.63,512.63,563.893,51.263,10.0
gid://shopify/LineItem/2152005435470,574,20250318,422,3442,44,5,1,509.53,509.53,560.483,50.953,10.0
gid://shopify/LineItem/2153519054926,1582,20250319,422,4322,234,5,1,509.53,509.53,560.483,50.953,10.0
gid://shopify/LineItem/2159487942734,5967,20250323,422,2653,38,5,1,509.53,509.53,560.483,50.953,10.0
gid://shopify/LineItem/2158608285774,5412,20250323,424,2816,74,5,1,605.13,605.13,665.643,60.513,10.0
gid://shopify/LineItem/2155690295374,3267,20250321,424,4046,143,5,1,493.53,493.53,542.883,49.353,10.0
gid://shopify/LineItem/2159182741582,5766,20250323,1,3431,50,5,1,626.33,626.33,688.963,62.633,10.0
gid://shopify/LineItem/2153705242702,1770,20250319,570,4323,73,5,1,507.13,507.13,557.843,50.713,10.0
gid://shopify/LineItem/2160646094926,6792,20250324,570,984,278,5,1,507.13,507.13,557.843,50.713,10.0
gid://shopify/LineItem/2159859662926,6208,20250323,312,2411,19,5,1,537.13,537.13,590.843,53.713,10.0
gid://shopify/LineItem/2151760068686,381,20250318,20,2827,14,5,1,505.13,505.13,555.643,50.513,10.0
gid://shopify/LineItem/2157392592974,4689,20250322,330,440,119,5,1,493.53,493.53,542.883,49.353,10.0
gid://shopify/LineItem/2156425773134,3908,20250321,20,3697,107,5,1,501.53,501.53,551.683,50.153,10.0
gid://shopify/LineItem/2154602266702,2405,20250320,572,932,99,5,1,504.13,504.13,554.543,50.413,10.0
gid://shopify/LineItem/2160693772366,6835,20250324,426,1952,55,5,1,497.13,497.13,546.843,49.713,10.0
gid://shopify/LineItem/2158609301582,5414,20250323,573,848,154,5,1,537.13,537.13,590.843,53.713,10.0
gid://shopify/LineItem/2160731619406,6872,20250324,573,2897,87,5,1,571.93,571.93,629.123,57.193,10.0
gid://shopify/LineItem/2156193087566,3712,20250321,177,4324,97,5,1,565.13,565.13,621.643,56.513,10.0
gid://shopify/LineItem/2154815914062,2647,20250320,473,4325,43,5,1,517.53,517.53,569.283,51.753,10.0
gid://shopify/LineItem/2160677421134,6817,20250324,177,937,204,5,1,501.53,501.53,551.683,50.153,10.0
gid://shopify/LineItem/2160457318478,6622,20250324,1,3039,173,5,1,500.73,500.73,550.803,50.073,10.0
gid://shopify/LineItem/2156286836814,3794,20250321,20,3756,141,5,1,493.53,493.53,542.883,49.353,10.0
gid://shopify/LineItem/2157661290574,4911,20250322,718,3574,188,5,1,497.63,497.63,547.393,49.763,10.0
gid://shopify/LineItem/2153005514830,1127,20250319,576,4326,218,5,1,517.53,517.53,569.283,51.753,10.0
gid://shopify/LineItem/2151529873486,179,20250318,924,1485,119,5,1,490.13,490.13,539.143,49.013,10.0
gid://shopify/LineItem/2158082621518,5224,20250322,1,436,13,5,1,625.13,625.13,687.643,62.513,10.0
gid://shopify/LineItem/2157637009486,4887,20250322,20,2610,17,5,1,490.13,490.13,539.143,49.013,10.0
gid://shopify/LineItem/2157694156878,4944,20250322,858,3010,1,5,1,507.13,507.13,557.843,50.713,10.0
gid://shopify/LineItem/2151469842510,123,20250318,925,4163,87,5,1,497.13,497.13,546.843,49.713,10.0
gid://shopify/LineItem/2160538615886,6705,20250324,179,4327,55,5,1,587.93,587.93,646.723,58.793,10.0
gid://shopify/LineItem/2157315194958,4605,20250322,360,3499,17,5,1,615.13,615.13,676.643,61.513,10.0
gid://shopify/LineItem/2153929474126,1945,20250319,433,1749,252,5,1,497.63,497.63,547.393,49.763,10.0
gid://shopify/LineItem/2155823235150,3398,20250321,314,4328,76,5,1,505.13,505.13,555.643,50.513,10.0
gid://shopify/LineItem/2160958144590,7038,20250324,314,4329,180,5,1,587.93,587.93,646.723,58.793,10.0
gid://shopify/LineItem/2156021252174,3576,20250321,700,1273,347,5,1,563.93,563.93,620.323,56.393,10.0
gid://shopify/LineItem/2153727852622,1798,20250319,834,3712,102,5,1,527.13,527.13,579.843,52.713,10.0
gid://shopify/LineItem/2155940839502,3510,20250321,437,4330,53,5,1,501.53,501.53,551.683,50.153,10.0
gid://shopify/LineItem/2158835433550,5526,20250323,438,4331,128,5,1,517.53,517.53,569.283,51.753,10.0
gid://shopify/LineItem/2157643300942,4892,20250322,670,3905,435,5,1,490.13,490.13,539.143,49.013,10.0
gid://shopify/LineItem/2159327379534,5859,20250323,670,3839,108,5,1,490.13,490.13,539.143,49.013,10.0
gid://shopify/LineItem/2154923688014,2738,20250320,721,956,76,5,1,537.13,537.13,590.843,53.713,10.0
gid://shopify/LineItem/2158614249550,5415,20250323,721,2720,145,5,1,615.53,615.53,677.083,61.553,10.0
gid://shopify/LineItem/2159583035470,6028,20250323,177,4332,70,5,1,512.63,512.63,563.893,51.263,10.0
gid://shopify/LineItem/2151737098318,358,20250318,804,4333,40,5,1,512.63,512.63,563.893,51.263,10.0
gid://shopify/LineItem/2161322491982,7322,20250324,804,4328,438,5,1,517.53,517.53,569.283,51.753,10.0
gid://shopify/LineItem/2159779741774,6166,20250323,299,4334,42,5,1,517.53,517.53,569.283,51.753,10.0
gid://shopify/LineItem/2153548742734,1615,20250319,44,226,127,5,1,517.53,517.53,569.283,51.753,10.0
gid://shopify/LineItem/2151533150286,187,20250318,177,1919,11,5,1,497.63,497.63,547.393,49.763,10.0
gid://shopify/LineItem/2153008562254,1129,20250319,179,3556,241,5,1,517.53,517.53,569.283,51.753,10.0
gid://shopify/LineItem/2151811416142,434,20250318,1,1983,252,5,1,517.53,517.53,569.283,51.753,10.0
gid://shopify/LineItem/2154932011086,2751,20250320,1,4335,19,5,1,490.13,490.13,539.143,49.013,10.0
gid://shopify/LineItem/2160595370062,6752,20250324,482,4336,3,5,1,517.13,517.13,568.843,51.713,10.0
gid://shopify/LineItem/2159090401358,5697,20250323,182,4337,83,5,1,517.53,517.53,569.283,51.753,10.0
gid://shopify/LineItem/2153116729422,1242,20250319,299,3101,260,5,1,517.53,517.53,569.283,51.753,10.0
gid://shopify/LineItem/2155148902478,2988,20250320,188,642,197,5,1,595.93,595.93,655.523,59.593,10.0
gid://shopify/LineItem/2158639743054,5431,20250323,926,1229,381,5,1,527.13,527.13,579.843,52.713,10.0
gid://shopify/LineItem/2153161097294,1278,20250319,177,4228,89,5,1,501.53,501.53,551.683,50.153,10.0
gid://shopify/LineItem/2157656211534,4908,20250322,177,3607,252,5,1,509.53,509.53,560.483,50.953,10.0
gid://shopify/LineItem/2156619890766,4058,20250321,177,1501,156,5,1,517.53,517.53,569.283,51.753,10.0
gid://shopify/LineItem/2154503241806,2303,20250320,363,4338,149,5,1,509.53,509.53,560.483,50.953,10.0
gid://shopify/LineItem/2160534847566,6702,20250324,177,70,61,5,1,505.13,505.13,555.643,50.513,10.0
gid://shopify/LineItem/2157849509966,5039,20250322,927,4339,15,5,1,537.13,537.13,590.843,53.713,10.0
gid://shopify/LineItem/2154757914702,2580,20250320,20,2556,451,5,1,497.63,497.63,547.393,49.763,10.0
gid://shopify/LineItem/2158886486094,5564,20250323,745,84,18,5,1,504.13,504.13,554.543,50.413,10.0
gid://shopify/LineItem/2152033321038,593,20250318,745,155,26,5,1,497.63,497.63,547.393,49.763,10.0
gid://shopify/LineItem/2156060344398,3613,20250321,599,4340,118,5,1,527.13,527.13,579.843,52.713,10.0
gid://shopify/LineItem/2157356318798,4652,20250322,20,4341,13,5,1,509.53,509.53,560.483,50.953,10.0
gid://shopify/LineItem/2153791389774,1861,20250319,928,2194,356,5,1,517.53,517.53,569.283,51.753,10.0
gid://shopify/LineItem/2157158039630,4443,20250322,174,4342,62,5,1,537.13,537.13,590.843,53.713,10.0
gid://shopify/LineItem/2155260346446,3092,20250320,20,1516,349,5,1,501.53,501.53,551.683,50.153,10.0
gid://shopify/LineItem/2160485662798,6656,20250324,20,4343,16,5,1,501.53,501.53,551.683,50.153,10.0
gid://shopify/LineItem/2156519817294,3991,20250321,20,4344,68,5,1,497.63,497.63,547.393,49.763,10.0
gid://shopify/LineItem/2153590816846,1663,20250319,174,4345,204,5,1,615.13,615.13,676.643,61.513,10.0
gid://shopify/LineItem/2153609363534,1676,20250319,1,16,16,5,1,490.13,490.13,539.143,49.013,10.0
gid://shopify/LineItem/2159427289166,5931,20250323,449,3586,13,5,1,501.53,501.53,551.683,50.153,10.0
gid://shopify/LineItem/2152837185614,984,20250319,364,567,180,5,1,527.13,527.13,579.843,52.713,10.0
gid://shopify/LineItem/2155758714958,3331,20250321,364,3601,379,5,1,490.13,490.13,539.143,49.013,10.0
gid://shopify/LineItem/2160779526222,6914,20250324,364,1170,248,5,1,509.53,509.53,560.483,50.953,10.0
gid://shopify/LineItem/2155744362574,3319,20250321,177,274,62,5,1,537.13,537.13,590.843,53.713,10.0
gid://shopify/LineItem/2151585349710,241,20250318,177,3368,117,5,1,571.93,571.93,629.123,57.193,10.0
gid://shopify/LineItem/2151364296782,47,20250318,188,4346,72,5,1,517.53,517.53,569.283,51.753,10.0
gid://shopify/LineItem/2159407333454,5915,20250323,317,4347,39,5,1,527.13,527.13,579.843,52.713,10.0
gid://shopify/LineItem/2161239851086,7272,20250324,317,463,83,5,1,527.13,527.13,579.843,52.713,10.0
gid://shopify/LineItem/2156085706830,3624,20250321,451,839,383,5,1,505.13,505.13,555.643,50.513,10.0
gid://shopify/LineItem/2156348080206,3835,20250321,199,4348,11,5,1,505.13,505.13,555.643,50.513,10.0
gid://shopify/LineItem/2152422473806,847,20250318,452,4349,74,5,1,537.13,537.13,590.843,53.713,10.0
gid://shopify/LineItem/2155760386126,3333,20250321,316,4350,79,5,1,509.53,509.53,560.483,50.953,10.0
gid://shopify/LineItem/2159442493518,5939,20250323,177,4351,94,5,1,517.53,517.53,569.283,51.753,10.0
gid://shopify/LineItem/2157269057614,4561,20250322,177,4352,300,5,1,501.53,501.53,551.683,50.153,10.0
gid://shopify/LineItem/2157110722638,4381,20250322,177,2206,459,5,1,493.73,493.73,543.103,49.373,10.0
gid://shopify/LineItem/2153837723726,1892,20250319,182,699,59,5,1,509.53,509.53,560.483,50.953,10.0
gid://shopify/LineItem/2159493775438,5973,20250323,177,2627,141,5,1,618.33,618.33,680.163,61.833,10.0
gid://shopify/LineItem/2153096183886,1222,20250319,188,4353,363,5,1,517.53,517.53,569.283,51.753,10.0
gid://shopify/LineItem/2160721756238,6867,20250324,317,4354,169,5,1,605.13,605.13,665.643,60.513,10.0
gid://shopify/LineItem/2158966997070,5623,20250323,453,3202,428,5,1,527.13,527.13,579.843,52.713,10.0
gid://shopify/LineItem/2157870350414,5064,20250322,929,2340,77,5,1,723.13,723.13,795.443,72.313,10.0
gid://shopify/LineItem/2159879520334,6217,20250323,365,4355,1,5,1,509.53,509.53,560.483,50.953,10.0
gid://shopify/LineItem/2151787626574,414,20250318,611,4356,204,5,1,509.53,509.53,560.483,50.953,10.0
gid://shopify/LineItem/2157905117262,5093,20250322,1,2268,121,5,1,587.93,587.93,646.723,58.793,10.0
gid://shopify/LineItem/2159502721102,5980,20250323,174,4018,179,5,1,509.53,509.53,560.483,50.953,10.0
gid://shopify/LineItem/2157680754766,4929,20250322,174,4357,76,5,1,493.53,493.53,542.883,49.353,10.0
gid://shopify/LineItem/2155119345742,2961,20250320,177,1037,208,5,1,512.63,512.63,563.893,51.263,10.0
gid://shopify/LineItem/2151530889294,183,20250318,316,645,83,5,1,509.53,509.53,560.483,50.953,10.0
gid://shopify/LineItem/2161063985230,7123,20250324,188,655,190,5,1,537.13,537.13,590.843,53.713,10.0
gid://shopify/LineItem/2157677051982,4924,20250322,188,4358,119,5,1,504.13,504.13,554.543,50.413,10.0
gid://shopify/LineItem/2151495991374,139,20250318,478,1988,19,5,1,507.13,507.13,557.843,50.713,10.0
gid://shopify/LineItem/2160162701390,6291,20250324,319,4359,87,5,1,595.93,595.93,655.523,59.593,10.0
gid://shopify/LineItem/2154060152910,2021,20250319,188,3979,83,5,1,517.53,517.53,569.283,51.753,10.0
gid://shopify/LineItem/2158800863310,5503,20250323,734,1077,29,5,1,509.53,509.53,560.483,50.953,10.0
gid://shopify/LineItem/2153408593998,1488,20250319,734,2778,82,5,1,509.53,509.53,560.483,50.953,10.0
gid://shopify/LineItem/2157516030030,4787,20250322,930,4360,141,5,1,517.53,517.53,569.283,51.753,10.0
gid://shopify/LineItem/2155044372558,2882,20250320,455,2791,49,5,1,537.13,537.13,590.843,53.713,10.0
gid://shopify/LineItem/2154891608142,2706,20250320,455,2301,51,5,1,504.13,504.13,554.543,50.413,10.0
gid://shopify/LineItem/2160579248206,6736,20250324,931,3644,242,5,1,504.13,504.13,554.543,50.413,10.0
gid://shopify/LineItem/2151749451854,365,20250318,20,3989,127,5,1,527.13,527.13,579.843,52.713,10.0
gid://shopify/LineItem/2153080291406,1203,20250319,367,263,208,5,1,517.13,517.13,568.843,51.713,10.0
gid://shopify/LineItem/2157518782542,4790,20250322,20,4361,41,5,1,497.63,497.63,547.393,49.763,10.0
gid://shopify/LineItem/2154963435598,2784,20250320,20,2921,80,5,1,517.53,517.53,569.283,51.753,10.0
gid://shopify/LineItem/2154495049806,2294,20250320,1,4362,59,5,1,493.53,493.53,542.883,49.353,10.0
gid://shopify/LineItem/2151554285646,209,20250318,177,4363,120,5,1,505.13,505.13,555.643,50.513,10.0
gid://shopify/LineItem/2158744076366,5477,20250323,1,4364,149,5,1,517.53,517.53,569.283,51.753,10.0
gid://shopify/LineItem/2156088229966,3629,20250321,177,4365,224,5,1,505.13,505.13,555.643,50.513,10.0
gid://shopify/LineItem/2157116457038,4395,20250322,177,3721,200,5,1,505.13,505.13,555.643,50.513,10.0
gid://shopify/LineItem/2155808817230,3384,20250321,20,3797,35,5,1,509.53,509.53,560.483,50.953,10.0
gid://shopify/LineItem/2155914625102,3487,20250321,20,4366,64,5,1,509.53,509.53,560.483,50.953,10.0
gid://shopify/LineItem/2155945951310,3515,20250321,177,3682,16,5,1,505.13,505.13,555.643,50.513,10.0
gid://shopify/LineItem/2158880358478,5556,20250323,20,2399,29,5,1,504.13,504.13,554.543,50.413,10.0
gid://shopify/LineItem/2154076602446,2031,20250319,20,360,214,5,1,517.53,517.53,569.283,51.753,10.0
gid://shopify/LineItem/2153583083598,1655,20250319,1,4367,443,5,1,507.13,507.13,557.843,50.713,10.0
gid://shopify/LineItem/2153635709006,1699,20250319,175,4368,198,5,1,507.13,507.13,557.843,50.713,10.0
gid://shopify/LineItem/2154728849486,2539,20250320,198,4369,8,5,1,507.13,507.13,557.843,50.713,10.0
gid://shopify/LineItem/2153547399246,1612,20250319,450,967,244,5,1,473.13,473.13,520.443,47.313,10.0
gid://shopify/LineItem/2158915846222,5590,20250323,1,4370,314,5,1,507.13,507.13,557.843,50.713,10.0
gid://shopify/LineItem/2153586720846,1658,20250319,1,283,252,5,1,490.13,490.13,539.143,49.013,10.0
gid://shopify/LineItem/2155811668046,3387,20250321,1,3929,6,5,1,493.53,493.53,542.883,49.353,10.0
gid://shopify/LineItem/2151404503118,71,20250318,737,1862,114,5,1,537.13,537.13,590.843,53.713,10.0
gid://shopify/LineItem/2158809841742,5511,20250323,479,711,455,5,1,509.53,509.53,560.483,50.953,10.0
gid://shopify/LineItem/2157334954062,4629,20250322,932,1894,147,5,1,490.13,490.13,539.143,49.013,10.0
gid://shopify/LineItem/2157158563918,4444,20250322,802,4371,18,5,1,527.13,527.13,579.843,52.713,10.0
gid://shopify/LineItem/2155795972174,3372,20250321,368,384,342,5,1,517.13,517.13,568.843,51.713,10.0
gid://shopify/LineItem/2153219981390,1336,20250319,933,3553,178,5,1,517.53,517.53,569.283,51.753,10.0
gid://shopify/LineItem/2157039681614,4279,20250322,20,4116,197,5,1,512.63,512.63,563.893,51.263,10.0
gid://shopify/LineItem/2155882676302,3451,20250321,933,4372,29,5,1,517.53,517.53,569.283,51.753,10.0
gid://shopify/LineItem/2158576402510,5393,20250323,174,4276,8,5,1,512.63,512.63,563.893,51.263,10.0
gid://shopify/LineItem/2152245821518,727,20250318,20,3673,50,5,1,537.13,537.13,590.843,53.713,10.0
gid://shopify/LineItem/2157261750350,4555,20250322,1,4373,252,5,1,517.53,517.53,569.283,51.753,10.0
gid://shopify/LineItem/2157759594574,4982,20250322,20,4374,314,5,1,537.13,537.13,590.843,53.713,10.0
gid://shopify/LineItem/2160931635278,7020,20250324,1,4375,99,5,1,517.53,517.53,569.283,51.753,10.0
gid://shopify/LineItem/2157939032142,5120,20250322,1,3066,486,5,1,541.53,541.53,595.683,54.153,10.0
gid://shopify/LineItem/2153315237966,1427,20250319,20,3572,143,5,1,567.13,567.13,623.843,56.713,10.0
gid://shopify/LineItem/2155884249166,3452,20250321,1,4209,115,5,1,643.93,643.93,708.323,64.393,10.0
gid://shopify/LineItem/2158524497998,5368,20250323,1,541,384,5,1,541.53,541.53,595.683,54.153,10.0
gid://shopify/LineItem/2151733264462,354,20250318,44,133,57,5,1,493.73,493.73,543.103,49.373,10.0
gid://shopify/LineItem/2151634370638,286,20250318,461,2931,202,5,1,605.13,605.13,665.643,60.513,10.0
gid://shopify/LineItem/2154599350350,2398,20250320,934,4376,48,5,1,556.13,556.13,611.743,55.613,10.0
gid://shopify/LineItem/2155806654542,3380,20250321,20,2594,16,5,1,482.63,482.63,530.893,48.263,10.0
gid://shopify/LineItem/2152152170574,682,20250318,44,1063,3,5,1,548.33,548.33,603.163,54.833,10.0
gid://shopify/LineItem/2158913781838,5589,20250323,739,4377,223,5,1,517.13,517.13,568.843,51.713,10.0
gid://shopify/LineItem/2157984809038,5157,20250322,20,4175,109,5,1,517.13,517.13,568.843,51.713,10.0
gid://shopify/LineItem/2160425697358,6590,20250324,1,2827,268,5,1,517.13,517.13,568.843,51.713,10.0
gid://shopify/LineItem/2154443866190,2228,20250320,20,4378,418,5,1,485.53,485.53,534.083,48.553,10.0
gid://shopify/LineItem/2153315270734,1428,20250319,174,4379,132,5,1,507.73,507.73,558.503,50.773,10.0
gid://shopify/LineItem/2153324445774,1433,20250319,470,189,223,5,1,497.13,497.13,546.843,49.713,10.0
gid://shopify/LineItem/2157759627342,4983,20250322,373,4380,94,5,1,487.13,487.13,535.843,48.713,10.0
gid://shopify/LineItem/2157044727886,4282,20250322,185,3888,484,5,1,517.53,517.53,569.283,51.753,10.0
gid://shopify/LineItem/2160709075022,6850,20250324,913,973,321,5,1,512.63,512.63,563.893,51.263,10.0
gid://shopify/LineItem/2156411650126,3895,20250321,182,3155,74,5,1,517.53,517.53,569.283,51.753,10.0
gid://shopify/LineItem/2156152979534,3676,20250321,935,4381,164,5,1,485.53,485.53,534.083,48.553,10.0
gid://shopify/LineItem/2151624736846,278,20250318,204,2308,105,5,1,490.13,490.13,539.143,49.013,10.0
gid://shopify/LineItem/2155226759246,3067,20250320,20,3915,175,5,1,547.93,547.93,602.723,54.793,10.0
gid://shopify/LineItem/2157184221262,4473,20250322,20,954,99,5,1,586.13,586.13,644.743,58.613,10.0
gid://shopify/LineItem/2155115380814,2958,20250320,570,4382,141,5,1,493.53,493.53,542.883,49.353,10.0
gid://shopify/LineItem/2155070423118,2912,20250320,473,4162,469,5,1,569.13,569.13,626.043,56.913,10.0
gid://shopify/LineItem/2160945922126,7028,20250324,1,1868,368,5,1,509.53,509.53,560.483,50.953,10.0
gid://shopify/LineItem/2159103901774,5714,20250323,447,3652,16,5,1,517.13,517.13,568.843,51.713,10.0
gid://shopify/LineItem/2157550960718,4813,20250322,611,979,340,5,1,527.13,527.13,579.843,52.713,10.0
gid://shopify/LineItem/2155829461070,3410,20250321,188,4383,152,5,1,537.13,537.13,590.843,53.713,10.0
gid://shopify/LineItem/2157731577934,4966,20250322,884,4384,3,5,1,487.13,487.13,535.843,48.713,10.0
gid://shopify/LineItem/2161292509262,7310,20250324,584,3808,194,5,1,505.13,505.13,555.643,50.513,10.0
gid://shopify/LineItem/2158598193230,5406,20250323,936,3447,24,1,1,439.13,439.13,483.043,43.913,10.0
gid://shopify/LineItem/2151470628942,125,20250318,234,3137,69,1,1,439.13,439.13,483.043,43.913,10.0
gid://shopify/LineItem/2159345664078,5873,20250323,271,4385,163,1,1,439.13,439.13,483.043,43.913,10.0
gid://shopify/LineItem/2153625190478,1691,20250319,217,4386,215,1,1,439.13,439.13,483.043,43.913,10.0
gid://shopify/LineItem/2159130214478,5729,20250323,217,4387,236,1,1,439.13,439.13,483.043,43.913,10.0
gid://shopify/LineItem/2154423418958,2202,20250320,777,4388,229,1,1,439.13,439.13,483.043,43.913,10.0
gid://shopify/LineItem/2159353430094,5878,20250323,937,2275,148,1,1,439.13,439.13,483.043,43.913,10.0
gid://shopify/LineItem/2151518699598,162,20250318,937,3371,65,1,1,439.13,439.13,483.043,43.913,10.0
gid://shopify/LineItem/2151976042574,551,20250318,253,1494,69,2,1,537.13,537.13,590.843,53.713,10.0
gid://shopify/LineItem/2155705040974,3277,20250321,219,4389,8,2,1,439.13,439.13,483.043,43.913,10.0
gid://shopify/LineItem/2160983441486,7065,20250324,180,2673,3,2,1,821.13,821.13,903.243,82.113,10.0
gid://shopify/LineItem/2158910144590,5583,20250323,382,3915,42,1,1,439.13,439.13,483.043,43.913,10.0
gid://shopify/LineItem/2152327282766,780,20250318,499,4390,467,1,1,439.13,439.13,483.043,43.913,10.0
gid://shopify/LineItem/2154490396750,2287,20250320,342,1438,134,1,1,439.13,439.13,483.043,43.913,10.0
gid://shopify/LineItem/2158727725134,5471,20250323,344,524,242,1,1,439.13,439.13,483.043,43.913,10.0
gid://shopify/LineItem/2157202178126,4493,20250322,511,2240,24,1,1,439.13,439.13,483.043,43.913,10.0
gid://shopify/LineItem/2154861625422,2678,20250320,392,4391,83,1,1,439.13,439.13,483.043,43.913,10.0
gid://shopify/LineItem/2152283701326,753,20250318,392,1615,149,1,1,439.13,439.13,483.043,43.913,10.0
gid://shopify/LineItem/2157987266638,5159,20250322,20,2272,401,1,1,439.13,439.13,483.043,43.913,10.0
gid://shopify/LineItem/2155834277966,3413,20250321,537,4392,205,1,1,439.13,439.13,483.043,43.913,10.0
gid://shopify/LineItem/2160626532430,6776,20250324,20,425,470,1,1,439.13,439.13,483.043,43.913,10.0
gid://shopify/LineItem/2157511737422,4782,20250322,544,4376,280,1,1,439.13,439.13,483.043,43.913,10.0
gid://shopify/LineItem/2151516602446,161,20250318,20,2094,262,1,1,439.13,439.13,483.043,43.913,10.0
gid://shopify/LineItem/2157477625934,4755,20250322,935,2611,1,1,1,439.13,439.13,483.043,43.913,10.0
gid://shopify/LineItem/2157052395598,4294,20250322,179,2434,87,1,1,439.13,439.13,483.043,43.913,10.0
gid://shopify/LineItem/2158649213006,5441,20250323,938,4393,215,1,1,439.13,439.13,483.043,43.913,10.0
gid://shopify/LineItem/2151611236430,265,20250318,20,4394,237,1,1,439.13,439.13,483.043,43.913,10.0
gid://shopify/LineItem/2152998240334,1123,20250319,419,1893,339,1,1,439.13,439.13,483.043,43.913,10.0
gid://shopify/LineItem/2156136104014,3664,20250321,310,2964,191,1,1,439.13,439.13,483.043,43.913,10.0
gid://shopify/LineItem/2160263987278,6424,20250324,422,4395,1,1,1,439.13,439.13,483.043,43.913,10.0
gid://shopify/LineItem/2157669154894,4918,20250322,1,4396,3,1,1,439.13,439.13,483.043,43.913,10.0
gid://shopify/LineItem/2157035978830,4273,20250322,576,1480,375,1,1,439.13,439.13,483.043,43.913,10.0
gid://shopify/LineItem/2155712381006,3280,20250321,20,4397,8,1,1,439.13,439.13,483.043,43.913,10.0
gid://shopify/LineItem/2157089849422,4350,20250322,584,4398,35,1,1,439.13,439.13,483.043,43.913,10.0
gid://shopify/LineItem/2153639346254,1703,20250319,20,3220,357,1,1,439.13,439.13,483.043,43.913,10.0
gid://shopify/LineItem/2156182995022,3703,20250321,939,3520,104,1,1,439.13,439.13,483.043,43.913,10.0
gid://shopify/LineItem/2157753696334,4980,20250322,332,4056,237,1,1,439.13,439.13,483.043,43.913,10.0
gid://shopify/LineItem/2153554870350,1624,20250319,671,4399,100,1,1,439.13,439.13,483.043,43.913,10.0
gid://shopify/LineItem/2152968847438,1089,20250319,20,36,335,1,1,439.13,439.13,483.043,43.913,10.0
gid://shopify/LineItem/2151766720590,387,20250318,20,3369,82,1,1,439.13,439.13,483.043,43.913,10.0
gid://shopify/LineItem/2155685380174,3261,20250321,1,4400,384,1,1,439.13,439.13,483.043,43.913,10.0
gid://shopify/LineItem/2159095808078,5704,20250323,1,4401,80,1,1,439.13,439.13,483.043,43.913,10.0
gid://shopify/LineItem/2160963584078,7047,20250324,177,2579,46,1,1,439.13,439.13,483.043,43.913,10.0
gid://shopify/LineItem/2155922980942,3496,20250321,20,215,4,1,1,439.13,439.13,483.043,43.913,10.0
gid://shopify/LineItem/2160953524302,7034,20250324,337,2496,212,1,1,439.13,439.13,483.043,43.913,10.0
gid://shopify/LineItem/2159006515278,5650,20250323,747,2138,481,1,1,439.13,439.13,483.043,43.913,10.0
gid://shopify/LineItem/2157756842062,4981,20250322,44,4402,101,1,1,439.13,439.13,483.043,43.913,10.0
gid://shopify/LineItem/2152098267214,646,20250318,44,1176,212,1,1,439.13,439.13,483.043,43.913,10.0
gid://shopify/LineItem/2159227306062,5795,20250323,1,2714,49,1,1,439.13,439.13,483.043,43.913,10.0
gid://shopify/LineItem/2157395837006,4691,20250322,184,4403,247,1,1,439.13,439.13,483.043,43.913,10.0
gid://shopify/LineItem/2160247373902,6393,20250324,20,2436,345,1,1,439.13,439.13,483.043,43.913,10.0
gid://shopify/LineItem/2155683053646,3256,20250321,186,4129,196,1,1,439.13,439.13,483.043,43.913,10.0
gid://shopify/LineItem/2154515824718,2328,20250320,20,4404,72,1,1,439.13,439.13,483.043,43.913,10.0
gid://shopify/LineItem/2160954179662,7036,20250324,1,1871,3,1,1,439.13,439.13,483.043,43.913,10.0
gid://shopify/LineItem/2161007394894,7082,20250324,20,4405,260,1,1,439.13,439.13,483.043,43.913,10.0
gid://shopify/LineItem/2161028956238,7095,20250324,177,2694,16,1,1,439.13,439.13,483.043,43.913,10.0
gid://shopify/LineItem/2160961224782,7041,20250324,940,3039,21,1,1,439.13,439.13,483.043,43.913,10.0
gid://shopify/LineItem/2159332589646,5864,20250323,20,1398,18,1,1,439.13,439.13,483.043,43.913,10.0
gid://shopify/LineItem/2157262995534,4556,20250322,20,1965,393,1,1,439.13,439.13,483.043,43.913,10.0
gid://shopify/LineItem/2160965386318,7049,20250324,20,1032,83,1,1,439.13,439.13,483.043,43.913,10.0
gid://shopify/LineItem/2152036040782,595,20250318,340,4406,3,2,1,615.13,615.13,676.643,61.513,10.0
gid://shopify/LineItem/2151724875854,348,20250318,294,4407,399,2,1,537.13,537.13,590.843,53.713,10.0
gid://shopify/LineItem/2155995627598,3544,20250321,20,4302,134,2,1,547.13,547.13,601.843,54.713,10.0
gid://shopify/LineItem/2160365568078,6548,20250324,941,4408,198,2,1,547.13,547.13,601.843,54.713,10.0
gid://shopify/LineItem/2156106186830,3639,20250321,942,4302,359,2,1,537.13,537.13,590.843,53.713,10.0
gid://shopify/LineItem/2158968701006,5625,20250323,179,1206,83,2,1,537.13,537.13,590.843,53.713,10.0
gid://shopify/LineItem/2158808891470,5510,20250323,21,3998,95,2,1,537.13,537.13,590.843,53.713,10.0
gid://shopify/LineItem/2151884685390,494,20250318,179,4409,38,2,1,537.13,537.13,590.843,53.713,10.0
gid://shopify/LineItem/2155981242446,3536,20250321,20,1279,481,2,1,527.13,527.13,579.843,52.713,10.0
gid://shopify/LineItem/2151796670542,422,20250318,943,1490,135,2,1,537.13,537.13,590.843,53.713,10.0
gid://shopify/LineItem/2151686471758,325,20250318,402,4410,69,2,1,537.13,537.13,590.843,53.713,10.0
gid://shopify/LineItem/2151541407822,193,20250318,179,40,102,2,1,537.13,537.13,590.843,53.713,10.0
gid://shopify/LineItem/2152972025934,1094,20250319,544,1406,179,2,1,497.13,497.13,546.843,49.713,10.0
gid://shopify/LineItem/2155721490510,3292,20250321,44,1843,1,2,1,537.13,537.13,590.843,53.713,10.0
gid://shopify/LineItem/2151794507854,420,20250318,334,2703,68,2,1,527.13,527.13,579.843,52.713,10.0
gid://shopify/LineItem/2151460405326,109,20250318,853,4411,83,2,1,537.13,537.13,590.843,53.713,10.0
gid://shopify/LineItem/2152391508046,821,20250318,1,4412,296,2,1,527.13,527.13,579.843,52.713,10.0
gid://shopify/LineItem/2157104791630,4372,20250322,450,3424,118,2,1,517.13,517.13,568.843,51.713,10.0
gid://shopify/LineItem/2156299419726,3801,20250321,20,192,145,2,1,537.13,537.13,590.843,53.713,10.0
gid://shopify/LineItem/2157134446670,4417,20250322,422,3796,172,2,1,527.13,527.13,579.843,52.713,10.0
gid://shopify/LineItem/2151792148558,418,20250318,424,4413,161,2,1,507.13,507.13,557.843,50.713,10.0
gid://shopify/LineItem/2157642645582,4891,20250322,44,4414,318,2,1,537.13,537.13,590.843,53.713,10.0
gid://shopify/LineItem/2151615660110,270,20250318,361,2130,63,2,1,537.13,537.13,590.843,53.713,10.0
gid://shopify/LineItem/2159388786766,5904,20250323,727,4415,16,2,1,537.13,537.13,590.843,53.713,10.0
gid://shopify/LineItem/2151663173710,305,20250318,887,4416,357,2,1,507.13,507.13,557.843,50.713,10.0
gid://shopify/LineItem/2160976691278,7057,20250324,944,620,196,2,1,537.13,537.13,590.843,53.713,10.0
gid://shopify/LineItem/2157770506318,4988,20250322,1,2049,163,2,1,517.53,517.53,569.283,51.753,10.0
gid://shopify/LineItem/2159333245006,5865,20250323,1,4417,9,2,1,507.13,507.13,557.843,50.713,10.0
gid://shopify/LineItem/2158862270542,5545,20250323,1,1172,19,2,1,537.13,537.13,590.843,53.713,10.0
gid://shopify/LineItem/2154464772174,2255,20250320,737,1612,445,2,1,537.13,537.13,590.843,53.713,10.0
gid://shopify/LineItem/2151809581134,432,20250318,459,1444,192,2,1,517.13,517.13,568.843,51.713,10.0
gid://shopify/LineItem/2159366340686,5889,20250323,676,4046,13,2,1,537.13,537.13,590.843,53.713,10.0
gid://shopify/LineItem/2157368246350,4662,20250322,44,2156,453,2,1,537.13,537.13,590.843,53.713,10.0
gid://shopify/LineItem/2157246316622,4542,20250322,434,644,116,2,1,537.13,537.13,590.843,53.713,10.0
gid://shopify/LineItem/2159493414990,5972,20250323,945,1021,179,2,1,497.13,497.13,546.843,49.713,10.0
gid://shopify/LineItem/2151515062350,159,20250318,193,3779,173,2,2,317.56,635.13,698.643,63.513,10.0
gid://shopify/LineItem/2160860102734,6965,20250324,20,21,374,2,1,527.13,527.13,579.843,52.713,10.0
gid://shopify/LineItem/2157363167310,4660,20250322,328,2977,76,2,1,537.13,537.13,590.843,53.713,10.0
gid://shopify/LineItem/2154498490446,2298,20250320,564,1576,299,2,1,537.13,537.13,590.843,53.713,10.0
gid://shopify/LineItem/2153134293070,1257,20250319,174,3531,83,2,1,537.13,537.13,590.843,53.713,10.0
gid://shopify/LineItem/2153244753998,1354,20250319,188,1818,481,2,1,537.13,537.13,590.843,53.713,10.0
gid://shopify/LineItem/2160769105998,6908,20250324,20,2818,27,2,1,537.13,537.13,590.843,53.713,10.0
gid://shopify/LineItem/2159463825486,5948,20250323,490,4418,3,2,1,625.13,625.13,687.643,62.513,10.0
gid://shopify/LineItem/2158633975886,5428,20250323,383,4419,229,2,1,537.13,537.13,590.843,53.713,10.0
gid://shopify/LineItem/2155683676238,3257,20250321,946,3799,247,2,1,527.13,527.13,579.843,52.713,10.0
gid://shopify/LineItem/2151443005518,97,20250318,20,149,100,2,1,439.13,439.13,483.043,43.913,10.0
gid://shopify/LineItem/2159683731534,6098,20250323,176,2324,241,2,1,585.13,585.13,643.643,58.513,10.0
gid://shopify/LineItem/2151530790990,182,20250318,20,2945,41,2,1,597.13,597.13,656.843,59.713,10.0
gid://shopify/LineItem/2154719445070,2527,20250320,1,1125,141,2,1,597.13,597.13,656.843,59.713,10.0
gid://shopify/LineItem/2157433880654,4726,20250322,1,4397,77,2,1,439.13,439.13,483.043,43.913,10.0
gid://shopify/LineItem/2153112993870,1237,20250319,179,4420,473,2,1,537.13,537.13,590.843,53.713,10.0
gid://shopify/LineItem/2152064811086,619,20250318,44,4421,85,2,1,537.13,537.13,590.843,53.713,10.0
gid://shopify/LineItem/2160246653006,6392,20250324,1,2045,223,2,1,653.13,653.13,718.443,65.313,10.0
gid://shopify/LineItem/2151524433998,172,20250318,44,4422,19,2,1,537.13,537.13,590.843,53.713,10.0
gid://shopify/LineItem/2160256712782,6414,20250324,44,4423,32,2,1,439.13,439.13,483.043,43.913,10.0
gid://shopify/LineItem/2158963523662,5620,20250323,301,3158,41,2,1,537.13,537.13,590.843,53.713,10.0
gid://shopify/LineItem/2153545891918,1611,20250319,560,3287,16,2,1,517.13,517.13,568.843,51.713,10.0
gid://shopify/LineItem/2155971346510,3526,20250321,1,2676,345,2,1,527.13,527.13,579.843,52.713,10.0
gid://shopify/LineItem/2158643675214,5435,20250323,21,4424,20,2,1,635.13,635.13,698.643,63.513,10.0
gid://shopify/LineItem/2157580681294,4832,20250322,311,439,15,2,1,517.13,517.13,568.843,51.713,10.0
gid://shopify/LineItem/2151442776142,96,20250318,179,3235,234,2,1,537.13,537.13,590.843,53.713,10.0
gid://shopify/LineItem/2152294842446,761,20250318,1,2259,99,2,1,527.13,527.13,579.843,52.713,10.0
gid://shopify/LineItem/2156355321934,3839,20250321,858,2002,133,2,1,537.13,537.13,590.843,53.713,10.0
gid://shopify/LineItem/2160998023246,7075,20250324,177,4425,163,2,1,497.13,497.13,546.843,49.713,10.0
gid://shopify/LineItem/2156007358542,3560,20250321,179,1344,53,2,1,537.13,537.13,590.843,53.713,10.0
gid://shopify/LineItem/2159158526030,5753,20250323,179,4426,237,2,1,517.53,517.53,569.283,51.753,10.0
gid://shopify/LineItem/2157099483214,4360,20250322,179,2119,202,2,1,537.13,537.13,590.843,53.713,10.0
gid://shopify/LineItem/2151437041742,90,20250318,317,45,252,2,1,625.13,625.13,687.643,62.513,10.0
gid://shopify/LineItem/2159490760782,5970,20250323,188,1472,109,2,1,537.13,537.13,590.843,53.713,10.0
gid://shopify/LineItem/2160543629390,6708,20250324,20,4427,118,2,1,537.13,537.13,590.843,53.713,10.0
gid://shopify/LineItem/2151545831502,202,20250318,20,1912,118,2,1,527.13,527.13,579.843,52.713,10.0
gid://shopify/LineItem/2156265046094,3778,20250321,1,4428,61,2,1,537.13,537.13,590.843,53.713,10.0
gid://shopify/LineItem/2155714641998,3283,20250321,179,2845,191,2,1,537.13,537.13,590.843,53.713,10.0
gid://shopify/LineItem/2160877666382,6987,20250324,947,2249,94,1,7,902.73,6319.13,6951.043,631.913,10.0
gid://shopify/LineItem/2157412483150,4702,20250322,495,432,121,2,1,527.13,527.13,579.843,52.713,10.0
gid://shopify/LineItem/2159360770126,5882,20250323,177,3730,191,2,1,634.13,634.13,697.543,63.413,10.0
gid://shopify/LineItem/2156087967822,3628,20250321,2,858,304,2,1,507.13,507.13,557.843,50.713,10.0
gid://shopify/LineItem/2157284753486,4577,20250322,334,4429,16,2,1,1017.13,1017.13,1118.843,101.713,10.0
gid://shopify/LineItem/2156342411342,3827,20250321,20,4430,396,2,1,497.13,497.13,546.843,49.713,10.0
gid://shopify/LineItem/2157547683918,4811,20250322,419,2489,50,1,1,485.53,485.53,534.083,48.553,10.0
gid://shopify/LineItem/2154521886798,2334,20250320,177,4431,70,2,1,555.13,555.13,610.643,55.513,10.0
